subclasse,subclasse_formatada,descricao,faixa,regra_aplicada
0111301,0111-3/01,CULTIVO DE ARROZ,BAIXA,padrao
0111302,0111-3/02,CULTIVO DE MILHO,BAIXA,padrao
0111303,0111-3/03,CULTIVO DE TRIGO,BAIXA,padrao
0111399,0111-3/99,CULTIVO DE OUTROS CEREAIS NÃO ESPECIFICADOS ANTERIORMENTE,BAIXA,padrao
0112101,0112-1/01,CULTIVO DE ALGODÃO HERBÁCEO,BAIXA,padrao
0112102,0112-1/02,CULTIVO DE JUTA,BAIXA,padrao
0112199,0112-1/99,CULTIVO DE OUTRAS FIBRAS DE LAVOURA TEMPORÁRIA NÃO ESPECIFICADAS ANTERIORMENTE,BAIXA,padrao
0113000,0113-0/00,CULTIVO DE CANA DE AÇÚCAR,BAIXA,padrao
0114800,0114-8/00,CULTIVO DE FUMO,BAIXA,padrao
0115600,0115-6/00,CULTIVO DE SOJA,BAIXA,padrao
0116401,0116-4/01,CULTIVO DE AMENDOIM,BAIXA,padrao
0116402,0116-4/02,CULTIVO DE GIRASSOL,BAIXA,padrao
0116403,0116-4/03,CULTIVO DE MAMONA,BAIXA,padrao
0116499,0116-4/99,CULTIVO DE OUTRAS OLEAGINOSAS DE LAVOURA TEMPORÁRIA NÃO ESPECIFICADAS ANTERIORMENTE,BAIXA,padrao
0119901,0119-9/01,CULTIVO DE ABACAXI,BAIXA,padrao
0119902,0119-9/02,CULTIVO DE ALHO,BAIXA,padrao
0119903,0119-9/03,CULTIVO DE BATATA INGLESA,BAIXA,padrao
0119904,0119-9/04,CULTIVO DE CEBOLA,BAIXA,padrao
0119905,0119-9/05,CULTIVO DE FEIJÃO,BAIXA,padrao
0119906,0119-9/06,CULTIVO DE MANDIOCA,BAIXA,padrao
0119907,0119-9/07,CULTIVO DE MELÃO,BAIXA,padrao
0119908,0119-9/08,CULTIVO DE MELANCIA,BAIXA,padrao
0119909,0119-9/09,CULTIVO DE TOMATE RASTEIRO,BAIXA,padrao
0119999,0119-9/99,CULTIVO DE OUTRAS PLANTAS DE LAVOURA TEMPORÁRIA NÃO ESPECIFICADAS ANTERIORMENTE,BAIXA,padrao
0121101,0121-1/01,"HORTICULTURA, EXCETO MORANGO",BAIXA,padrao
0121102,0121-1/02,CULTIVO DE MORANGO,BAIXA,padrao
0122900,0122-9/00,CULTIVO DE FLORES E PLANTAS ORNAMENTAIS,BAIXA,padrao
0131800,0131-8/00,CULTIVO DE LARANJA,BAIXA,padrao
0132600,0132-6/00,CULTIVO DE UVA,BAIXA,padrao
0133401,0133-4/01,CULTIVO DE AÇAÍ,BAIXA,padrao
0133402,0133-4/02,CULTIVO DE BANANA,BAIXA,padrao
0133403,0133-4/03,CULTIVO DE CAJU,BAIXA,padrao
0133404,0133-4/04,"CULTIVO DE CÍTRICOS, EXCETO LARANJA",BAIXA,padrao
0133405,0133-4/05,CULTIVO DE COCO DA BAÍA,BAIXA,padrao
0133406,0133-4/06,CULTIVO DE GUARANÁ,BAIXA,padrao
0133407,0133-4/07,CULTIVO DE MAÇÃ,BAIXA,padrao
0133408,0133-4/08,CULTIVO DE MAMÃO,BAIXA,padrao
0133409,0133-4/09,CULTIVO DE MARACUJÁ,BAIXA,padrao
0133410,0133-4/10,CULTIVO DE MANGA,BAIXA,padrao
0133411,0133-4/11,CULTIVO DE PÊSSEGO,BAIXA,padrao
0133499,0133-4/99,CULTIVO DE FRUTAS DE LAVOURA PERMANENTE NÃO ESPECIFICADAS ANTERIORMENTE,BAIXA,padrao
0134200,0134-2/00,CULTIVO DE CAFÉ,BAIXA,padrao
0135100,0135-1/00,CULTIVO DE CACAU,BAIXA,padrao
0139301,0139-3/01,CULTIVO DE CHÁ DA ÍNDIA,BAIXA,padrao
0139302,0139-3/02,CULTIVO DE ERVA MATE,BAIXA,padrao
0139303,0139-3/03,CULTIVO DE PIMENTA DO REINO,BAIXA,padrao
0139304,0139-3/04,"CULTIVO DE PLANTAS PARA CONDIMENTO, EXCETO PIMENTA DO REINO",BAIXA,padrao
0139305,0139-3/05,CULTIVO DE DENDÊ,BAIXA,padrao
0139306,0139-3/06,CULTIVO DE SERINGUEIRA,BAIXA,padrao
0139399,0139-3/99,CULTIVO DE OUTRAS PLANTAS DE LAVOURA PERMANENTE NÃO ESPECIFICADAS ANTERIORMENTE,BAIXA,padrao
0141501,0141-5/01,"PRODUÇÃO DE SEMENTES CERTIFICADAS, EXCETO DE FORRAGEIRAS PARA PASTO",BAIXA,padrao
0141502,0141-5/02,PRODUÇÃO DE SEMENTES CERTIFICADAS DE FORRAGEIRAS PARA FORMAÇÃO DE PASTO,BAIXA,padrao
0142300,0142-3/00,"PRODUÇÃO DE MUDAS E OUTRAS FORMAS DE PROPAGAÇÃO VEGETAL, CERTIFICADAS",BAIXA,padrao
0151201,0151-2/01,CRIAÇÃO DE BOVINOS PARA CORTE,BAIXA,padrao
0151202,0151-2/02,CRIAÇÃO DE BOVINOS PARA LEITE,BAIXA,padrao
0151203,0151-2/03,"CRIAÇÃO DE BOVINOS, EXCETO PARA CORTE E LEITE",BAIXA,padrao
0152101,0152-1/01,CRIAÇÃO DE BUFALINOS,BAIXA,padrao
0152102,0152-1/02,CRIAÇÃO DE EQÜINOS,BAIXA,padrao
0152103,0152-1/03,CRIAÇÃO DE ASININOS E MUARES,BAIXA,padrao
0153901,0153-9/01,CRIAÇÃO DE CAPRINOS,BAIXA,padrao
0153902,0153-9/02,"CRIAÇÃO DE OVINOS, INCLUSIVE PARA PRODUÇÃO DE LÃ",BAIXA,padrao
0154700,0154-7/00,CRIAÇÃO DE SUÍNOS,BAIXA,padrao
0155501,0155-5/01,CRIAÇÃO DE FRANGOS PARA CORTE,BAIXA,padrao
0155502,0155-5/02,PRODUÇÃO DE PINTOS DE UM DIA,BAIXA,padrao
0155503,0155-5/03,"CRIAÇÃO DE OUTROS GALINÁCEOS, EXCETO PARA CORTE",BAIXA,padrao
0155504,0155-5/04,"CRIAÇÃO DE AVES, EXCETO GALINÁCEOS",BAIXA,padrao
0155505,0155-5/05,PRODUÇÃO DE OVOS,BAIXA,padrao
0159801,0159-8/01,APICULTURA,BAIXA,padrao
0159802,0159-8/02,CRIAÇÃO DE ANIMAIS DE ESTIMAÇÃO,BAIXA,padrao
0159803,0159-8/03,CRIAÇÃO DE ESCARGÔ,BAIXA,padrao
0159804,0159-8/04,CRIAÇÃO DE BICHO DA SEDA,BAIXA,padrao
0159899,0159-8/99,CRIAÇÃO DE OUTROS ANIMAIS NÃO ESPECIFICADOS ANTERIORMENTE,BAIXA,padrao
0161001,0161-0/01,SERVIÇO DE PULVERIZAÇÃO E CONTROLE DE PRAGAS AGRÍCOLAS,BAIXA,padrao
0161002,0161-0/02,SERVIÇO DE PODA DE ÁRVORES PARA LAVOURAS,BAIXA,padrao
0161003,0161-0/03,"SERVIÇO DE PREPARAÇÃO DE TERRENO, CULTIVO E COLHEITA",BAIXA,padrao
0161099,0161-0/99,ATIVIDADES DE APOIO À AGRICULTURA NÃO ESPECIFICADAS ANTERIORMENTE,BAIXA,padrao
0162801,0162-8/01,SERVIÇO DE INSEMINAÇÃO ARTIFICIAL DE ANIMAIS,BAIXA,padrao
0162802,0162-8/02,SERVIÇO DE TOSQUIAMENTO DE OVINOS,BAIXA,padrao
0162803,0162-8/03,SERVIÇO DE MANEJO DE ANIMAIS,BAIXA,padrao
0162899,0162-8/99,ATIVIDADES DE APOIO À PECUÁRIA NÃO ESPECIFICADAS ANTERIORMENTE,BAIXA,padrao
0163600,0163-6/00,ATIVIDADES DE PÓS COLHEITA,BAIXA,padrao
0170900,0170-9/00,CAÇA E SERVIÇOS RELACIONADOS,BAIXA,padrao
0210101,0210-1/01,CULTIVO DE EUCALIPTO,BAIXA,padrao
0210102,0210-1/02,CULTIVO DE ACÁCIA NEGRA,BAIXA,padrao
0210103,0210-1/03,CULTIVO DE PINUS,BAIXA,padrao
0210104,0210-1/04,CULTIVO DE TECA,BAIXA,padrao
0210105,0210-1/05,"CULTIVO DE ESPÉCIES MADEIREIRAS, EXCETO EUCALIPTO, ACÁCIA NEGRA, PINUS E TECA",BAIXA,padrao
0210106,0210-1/06,CULTIVO DE MUDAS EM VIVEIROS FLORESTAIS,BAIXA,padrao
0210107,0210-1/07,EXTRAÇÃO DE MADEIRA EM FLORESTAS PLANTADAS,BAIXA,padrao
0210108,0210-1/08,PRODUÇÃO DE CARVÃO VEGETAL - FLORESTAS PLANTADAS,BAIXA,padrao
0210109,0210-1/09,PRODUÇÃO DE CASCA DE ACÁCIA NEGRA - FLORESTAS PLANTADAS,BAIXA,padrao
0210199,0210-1/99,PRODUÇÃO DE PRODUTOS NÃO MADEIREIROS NÃO ESPECIFICADOS ANTERIORMENTE EM FLORESTAS PLANTADAS,BAIXA,padrao
0220901,0220-9/01,EXTRAÇÃO DE MADEIRA EM FLORESTAS NATIVAS,BAIXA,padrao
0220902,0220-9/02,PRODUÇÃO DE CARVÃO VEGETAL - FLORESTAS NATIVAS,BAIXA,padrao
0220903,0220-9/03,COLETA DE CASTANHA DO PARÁ EM FLORESTAS NATIVAS,BAIXA,padrao
0220904,0220-9/04,COLETA DE LÁTEX EM FLORESTAS NATIVAS,BAIXA,padrao
0220905,0220-9/05,COLETA DE PALMITO EM FLORESTAS NATIVAS,BAIXA,padrao
0220906,0220-9/06,CONSERVAÇÃO DE FLORESTAS NATIVAS,ALTA,0220-9/06 (subclasse)
0220999,0220-9/99,COLETA DE PRODUTOS NÃO MADEIREIROS NÃO ESPECIFICADOS ANTERIORMENTE EM FLORESTAS NATIVAS,BAIXA,padrao
0230600,0230-6/00,ATIVIDADES DE APOIO À PRODUÇÃO FLORESTAL,BAIXA,padrao
0311601,0311-6/01,PESCA DE PEIXES EM ÁGUA SALGADA,BAIXA,padrao
0311602,0311-6/02,PESCA DE CRUSTÁCEOS E MOLUSCOS EM ÁGUA SALGADA,BAIXA,padrao
0311603,0311-6/03,COLETA DE OUTROS PRODUTOS MARINHOS,BAIXA,padrao
0311604,0311-6/04,ATIVIDADES DE APOIO À PESCA EM ÁGUA SALGADA,BAIXA,padrao
0312401,0312-4/01,PESCA DE PEIXES EM ÁGUA DOCE,BAIXA,padrao
0312402,0312-4/02,PESCA DE CRUSTÁCEOS E MOLUSCOS EM ÁGUA DOCE,BAIXA,padrao
0312403,0312-4/03,COLETA DE OUTROS PRODUTOS AQUÁTICOS DE ÁGUA DOCE,BAIXA,padrao
0312404,0312-4/04,ATIVIDADES DE APOIO À PESCA EM ÁGUA DOCE,BAIXA,padrao
0321301,0321-3/01,CRIAÇÃO DE PEIXES EM ÁGUA SALGADA E SALOBRA,BAIXA,padrao
0321302,0321-3/02,CRIAÇÃO DE CAMARÕES EM ÁGUA SALGADA E SALOBRA,BAIXA,padrao
0321303,0321-3/03,CRIAÇÃO DE OSTRAS E MEXILHÕES EM ÁGUA SALGADA E SALOBRA,BAIXA,padrao
0321304,0321-3/04,CRIAÇÃO DE PEIXES ORNAMENTAIS EM ÁGUA SALGADA E SALOBRA,BAIXA,padrao
0321305,0321-3/05,ATIVIDADES DE APOIO À AQÜICULTURA EM ÁGUA SALGADA E SALOBRA,BAIXA,padrao
0321399,0321-3/99,CULTIVOS E SEMICULTIVOS DA AQÜICULTURA EM ÁGUA SALGADA E SALOBRA NÃO ESPECIFICADOS ANTERIORMENTE,BAIXA,padrao
0322101,0322-1/01,CRIAÇÃO DE PEIXES EM ÁGUA DOCE,BAIXA,padrao
0322102,0322-1/02,CRIAÇÃO DE CAMARÕES EM ÁGUA DOCE,BAIXA,padrao
0322103,0322-1/03,CRIAÇÃO DE OSTRAS E MEXILHÕES EM ÁGUA DOCE,BAIXA,padrao
0322104,0322-1/04,CRIAÇÃO DE PEIXES ORNAMENTAIS EM ÁGUA DOCE,BAIXA,padrao
0322105,0322-1/05,RANICULTURA,BAIXA,padrao
0322106,0322-1/06,CRIAÇÃO DE JACARÉ,BAIXA,padrao
0322107,0322-1/07,ATIVIDADES DE APOIO À AQÜICULTURA EM ÁGUA DOCE,BAIXA,padrao
0322199,0322-1/99,CULTIVOS E SEMICULTIVOS DA AQÜICULTURA EM ÁGUA DOCE NÃO ESPECIFICADOS ANTERIORMENTE,BAIXA,padrao
0500301,0500-3/01,EXTRAÇÃO DE CARVÃO MINERAL,BAIXA,padrao
0500302,0500-3/02,BENEFICIAMENTO DE CARVÃO MINERAL,BAIXA,padrao
0600001,0600-0/01,EXTRAÇÃO DE PETRÓLEO E GÁS NATURAL,BAIXA,padrao
0600002,0600-0/02,EXTRAÇÃO E BENEFICIAMENTO DE XISTO,BAIXA,padrao
0600003,0600-0/03,EXTRAÇÃO E BENEFICIAMENTO DE AREIAS BETUMINOSAS,BAIXA,padrao
0710301,0710-3/01,EXTRAÇÃO DE MINÉRIO DE FERRO,BAIXA,padrao
0710302,0710-3/02,"PELOTIZAÇÃO, SINTERIZAÇÃO E OUTROS BENEFICIAMENTOS DE MINÉRIO DE FERRO",BAIXA,padrao
0721901,0721-9/01,EXTRAÇÃO DE MINÉRIO DE ALUMÍNIO,BAIXA,padrao
0721902,0721-9/02,BENEFICIAMENTO DE MINÉRIO DE ALUMÍNIO,BAIXA,padrao
0722701,0722-7/01,EXTRAÇÃO DE MINÉRIO DE ESTANHO,BAIXA,padrao
0722702,0722-7/02,BENEFICIAMENTO DE MINÉRIO DE ESTANHO,BAIXA,padrao
0723501,0723-5/01,EXTRAÇÃO DE MINÉRIO DE MANGANÊS,BAIXA,padrao
0723502,0723-5/02,BENEFICIAMENTO DE MINÉRIO DE MANGANÊS,BAIXA,padrao
0724301,0724-3/01,EXTRAÇÃO DE MINÉRIO DE METAIS PRECIOSOS,BAIXA,padrao
0724302,0724-3/02,BENEFICIAMENTO DE MINÉRIO DE METAIS PRECIOSOS,BAIXA,padrao
0725100,0725-1/00,EXTRAÇÃO DE MINERAIS RADIOATIVOS,BAIXA,padrao
0729401,0729-4/01,EXTRAÇÃO DE MINÉRIOS DE NIÓBIO E TITÂNIO,BAIXA,padrao
0729402,0729-4/02,EXTRAÇÃO DE MINÉRIO DE TUNGSTÊNIO,BAIXA,padrao
0729403,0729-4/03,EXTRAÇÃO DE MINÉRIO DE NÍQUEL,BAIXA,padrao
0729404,0729-4/04,"EXTRAÇÃO DE MINÉRIOS DE COBRE, CHUMBO, ZINCO E OUTROS MINERAIS METÁLICOS NÃO FERROSOS NÃO ESPECIFICADOS ANTERIORMENTE",BAIXA,padrao
0729405,0729-4/05,"BENEFICIAMENTO DE MINÉRIOS DE COBRE, CHUMBO, ZINCO E OUTROS MINERAIS METÁLICOS NÃO FERROSOS NÃO ESPECIFICADOS ANTERIORMENTE",BAIXA,padrao
0810001,0810-0/01,EXTRAÇÃO DE ARDÓSIA E BENEFICIAMENTO ASSOCIADO,BAIXA,padrao
0810002,0810-0/02,EXTRAÇÃO DE GRANITO E BENEFICIAMENTO ASSOCIADO,BAIXA,padrao
0810003,0810-0/03,EXTRAÇÃO DE MÁRMORE E BENEFICIAMENTO ASSOCIADO,BAIXA,padrao
0810004,0810-0/04,EXTRAÇÃO DE CALCÁRIO E DOLOMITA E BENEFICIAMENTO ASSOCIADO,BAIXA,padrao
0810005,0810-0/05,EXTRAÇÃO DE GESSO E CAULIM,BAIXA,padrao
0810006,0810-0/06,"EXTRAÇÃO DE AREIA, CASCALHO OU PEDREGULHO E BENEFICIAMENTO ASSOCIADO",BAIXA,padrao
0810007,0810-0/07,EXTRAÇÃO DE ARGILA E BENEFICIAMENTO ASSOCIADO,BAIXA,padrao
0810008,0810-0/08,EXTRAÇÃO DE SAIBRO E BENEFICIAMENTO ASSOCIADO,BAIXA,padrao
0810009,0810-0/09,EXTRAÇÃO DE BASALTO E BENEFICIAMENTO ASSOCIADO,BAIXA,padrao
0810010,0810-0/10,BENEFICIAMENTO DE GESSO E CAULIM ASSOCIADO À EXTRAÇÃO,BAIXA,padrao
0810099,0810-0/99,EXTRAÇÃO E BRITAMENTO DE PEDRAS E OUTROS MATERIAIS PARA CONSTRUÇÃO E BENEFICIAMENTO ASSOCIADO,BAIXA,padrao
0891600,0891-6/00,"EXTRAÇÃO DE MINERAIS PARA FABRICAÇÃO DE ADUBOS, FERTILIZANTES E OUTROS PRODUTOS QUÍMICOS",BAIXA,padrao
0892401,0892-4/01,EXTRAÇÃO DE SAL MARINHO,BAIXA,padrao
0892402,0892-4/02,EXTRAÇÃO DE SAL GEMA,BAIXA,padrao
0892403,0892-4/03,REFINO E OUTROS TRATAMENTOS DO SAL,BAIXA,padrao
0893200,0893-2/00,EXTRAÇÃO DE GEMAS (PEDRAS PRECIOSAS E SEMIPRECIOSAS),BAIXA,padrao
0899101,0899-1/01,EXTRAÇÃO DE GRAFITA,BAIXA,padrao
0899102,0899-1/02,EXTRAÇÃO DE QUARTZO,BAIXA,padrao
0899103,0899-1/03,EXTRAÇÃO DE AMIANTO,BAIXA,padrao
0899199,0899-1/99,EXTRAÇÃO DE OUTROS MINERAIS NÃO METÁLICOS NÃO ESPECIFICADOS ANTERIORMENTE,BAIXA,padrao
0910600,0910-6/00,ATIVIDADES DE APOIO À EXTRAÇÃO DE PETRÓLEO E GÁS NATURAL,BAIXA,padrao
0990401,0990-4/01,ATIVIDADES DE APOIO À EXTRAÇÃO DE MINÉRIO DE FERRO,BAIXA,padrao
0990402,0990-4/02,ATIVIDADES DE APOIO À EXTRAÇÃO DE MINERAIS METÁLICOS NÃO FERROSOS,BAIXA,padrao
0990403,0990-4/03,ATIVIDADES DE APOIO À EXTRAÇÃO DE MINERAIS NÃO METÁLICOS,BAIXA,padrao
1011201,1011-2/01,FRIGORÍFICO - ABATE DE BOVINOS,BAIXA,padrao
1011202,1011-2/02,FRIGORÍFICO - ABATE DE EQÜINOS,BAIXA,padrao
1011203,1011-2/03,FRIGORÍFICO - ABATE DE OVINOS E CAPRINOS,BAIXA,padrao
1011204,1011-2/04,FRIGORÍFICO - ABATE DE BUFALINOS,BAIXA,padrao
1011205,1011-2/05,MATADOURO - ABATE DE RESES SOB CONTRATO - EXCETO ABATE DE SUÍNOS,BAIXA,padrao
1012101,1012-1/01,ABATE DE AVES,BAIXA,padrao
1012102,1012-1/02,ABATE DE PEQUENOS ANIMAIS,BAIXA,padrao
1012103,1012-1/03,FRIGORÍFICO - ABATE DE SUÍNOS,BAIXA,padrao
1012104,1012-1/04,MATADOURO - ABATE DE SUÍNOS SOB CONTRATO,BAIXA,padrao
1013901,1013-9/01,FABRICAÇÃO DE PRODUTOS DE CARNE,BAIXA,padrao
1013902,1013-9/02,PREPARAÇÃO DE SUBPRODUTOS DO ABATE,BAIXA,padrao
1020101,1020-1/01,"PRESERVAÇÃO DE PEIXES, CRUSTÁCEOS E MOLUSCOS",BAIXA,padrao
1020102,1020-1/02,"FABRICAÇÃO DE CONSERVAS DE PEIXES, CRUSTÁCEOS E MOLUSCOS",BAIXA,padrao
1031700,1031-7/00,FABRICAÇÃO DE CONSERVAS DE FRUTAS,BAIXA,padrao
1032501,1032-5/01,FABRICAÇÃO DE CONSERVAS DE PALMITO,BAIXA,padrao
1032599,1032-5/99,"FABRICAÇÃO DE CONSERVAS DE LEGUMES E OUTROS VEGETAIS, EXCETO PALMITO",BAIXA,padrao
1033301,1033-3/01,"FABRICAÇÃO DE SUCOS CONCENTRADOS DE FRUTAS, HORTALIÇAS E LEGUMES",BAIXA,padrao
1033302,1033-3/02,"FABRICAÇÃO DE SUCOS DE FRUTAS, HORTALIÇAS E LEGUMES, EXCETO CONCENTRADOS",BAIXA,padrao
1041400,1041-4/00,"FABRICAÇÃO DE ÓLEOS VEGETAIS EM BRUTO, EXCETO ÓLEO DE MILHO",BAIXA,padrao
1042200,1042-2/00,"FABRICAÇÃO DE ÓLEOS VEGETAIS REFINADOS, EXCETO ÓLEO DE MILHO",BAIXA,padrao
1043100,1043-1/00,FABRICAÇÃO DE MARGARINA E OUTRAS GORDURAS VEGETAIS E DE ÓLEOS NÃO COMESTÍVEIS DE ANIMAIS,BAIXA,padrao
1051100,1051-1/00,PREPARAÇÃO DO LEITE,BAIXA,padrao
1052000,1052-0/00,FABRICAÇÃO DE LATICÍNIOS,BAIXA,padrao
1053800,1053-8/00,FABRICAÇÃO DE SORVETES E OUTROS GELADOS COMESTÍVEIS,BAIXA,padrao
1061901,1061-9/01,BENEFICIAMENTO DE ARROZ,BAIXA,padrao
1061902,1061-9/02,FABRICAÇÃO DE PRODUTOS DO ARROZ,BAIXA,padrao
1062700,1062-7/00,MOAGEM DE TRIGO E FABRICAÇÃO DE DERIVADOS,BAIXA,padrao
1063500,1063-5/00,FABRICAÇÃO DE FARINHA DE MANDIOCA E DERIVADOS,BAIXA,padrao
1064300,1064-3/00,"FABRICAÇÃO DE FARINHA DE MILHO E DERIVADOS, EXCETO ÓLEOS DE MILHO",BAIXA,padrao
1065101,1065-1/01,FABRICAÇÃO DE AMIDOS E FÉCULAS DE VEGETAIS,BAIXA,padrao
1065102,1065-1/02,FABRICAÇÃO DE ÓLEO DE MILHO EM BRUTO,BAIXA,padrao
1065103,1065-1/03,FABRICAÇÃO DE ÓLEO DE MILHO REFINADO,BAIXA,padrao
1066000,1066-0/00,FABRICAÇÃO DE ALIMENTOS PARA ANIMAIS,BAIXA,padrao
1069400,1069-4/00,MOAGEM E FABRICAÇÃO DE PRODUTOS DE ORIGEM VEGETAL NÃO ESPECIFICADOS ANTERIORMENTE,BAIXA,padrao
1071600,1071-6/00,FABRICAÇÃO DE AÇÚCAR EM BRUTO,BAIXA,padrao
1072401,1072-4/01,FABRICAÇÃO DE AÇÚCAR DE CANA REFINADO,BAIXA,padrao
1072402,1072-4/02,FABRICAÇÃO DE AÇÚCAR DE CEREAIS (DEXTROSE) E DE BETERRABA,BAIXA,padrao
1081301,1081-3/01,BENEFICIAMENTO DE CAFÉ,BAIXA,padrao
1081302,1081-3/02,TORREFAÇÃO E MOAGEM DE CAFÉ,BAIXA,padrao
1082100,1082-1/00,FABRICAÇÃO DE PRODUTOS À BASE DE CAFÉ,BAIXA,padrao
1091101,1091-1/01,FABRICAÇÃO DE PRODUTOS DE PANIFICAÇÃO INDUSTRIAL,BAIXA,padrao
1091102,1091-1/02,FABRICAÇÃO DE PRODUTOS DE PADARIA E CONFEITARIA COM PREDOMINÂNCIA  DE PRODUÇÃO PRÓPRIA,BAIXA,padrao
1092900,1092-9/00,FABRICAÇÃO DE BISCOITOS E BOLACHAS,BAIXA,padrao
1093701,1093-7/01,FABRICAÇÃO DE PRODUTOS DERIVADOS DO CACAU E DE CHOCOLATES,BAIXA,padrao
1093702,1093-7/02,"FABRICAÇÃO DE FRUTAS CRISTALIZADAS, BALAS E SEMELHANTES",BAIXA,padrao
1094500,1094-5/00,FABRICAÇÃO DE MASSAS ALIMENTÍCIAS,BAIXA,padrao
1095300,1095-3/00,"FABRICAÇÃO DE ESPECIARIAS, MOLHOS, TEMPEROS E CONDIMENTOS",BAIXA,padrao
1096100,1096-1/00,FABRICAÇÃO DE ALIMENTOS E PRATOS PRONTOS,BAIXA,padrao
1099601,1099-6/01,FABRICAÇÃO DE VINAGRES,BAIXA,padrao
1099602,1099-6/02,FABRICAÇÃO DE PÓS ALIMENTÍCIOS,BAIXA,padrao
1099603,1099-6/03,FABRICAÇÃO DE FERMENTOS E LEVEDURAS,BAIXA,padrao
1099604,1099-6/04,FABRICAÇÃO DE GELO COMUM,BAIXA,padrao
1099605,1099-6/05,"FABRICAÇÃO DE PRODUTOS PARA INFUSÃO (CHÁ, MATE, ETC.)",BAIXA,padrao
1099606,1099-6/06,FABRICAÇÃO DE ADOÇANTES NATURAIS E ARTIFICIAIS,BAIXA,padrao
1099607,1099-6/07,FABRICAÇÃO DE ALIMENTOS DIETÉTICOS E COMPLEMENTOS ALIMENTARES,BAIXA,padrao
1099699,1099-6/99,FABRICAÇÃO DE OUTROS PRODUTOS ALIMENTÍCIOS NÃO ESPECIFICADOS ANTERIORMENTE,BAIXA,padrao
1111901,1111-9/01,FABRICAÇÃO DE AGUARDENTE DE CANA DE AÇÚCAR,BAIXA,padrao
1111902,1111-9/02,FABRICAÇÃO DE OUTRAS AGUARDENTES E BEBIDAS DESTILADAS,BAIXA,padrao
1112700,1112-7/00,FABRICAÇÃO DE VINHO,BAIXA,padrao
1113501,1113-5/01,"FABRICAÇÃO DE MALTE, INCLUSIVE MALTE UÍSQUE",BAIXA,padrao
1113502,1113-5/02,FABRICAÇÃO DE CERVEJAS E CHOPES,BAIXA,padrao
1121600,1121-6/00,FABRICAÇÃO DE ÁGUAS ENVASADAS,BAIXA,padrao
1122401,1122-4/01,FABRICAÇÃO DE REFRIGERANTES,BAIXA,padrao
1122402,1122-4/02,FABRICAÇÃO DE CHÁ MATE E OUTROS CHÁS PRONTOS PARA CONSUMO,BAIXA,padrao
1122403,1122-4/03,"FABRICAÇÃO DE REFRESCOS, XAROPES E PÓS PARA REFRESCOS, EXCETO REFRESCOS DE FRUTAS",BAIXA,padrao
1122404,1122-4/04,FABRICAÇÃO DE BEBIDAS ISOTÔNICAS,BAIXA,padrao
1122499,1122-4/99,FABRICAÇÃO DE OUTRAS BEBIDAS NÃO ALCOÓLICAS NÃO ESPECIFICADAS ANTERIORMENTE,BAIXA,padrao
1210700,1210-7/00,PROCESSAMENTO INDUSTRIAL DO FUMO,BAIXA,padrao
1220401,1220-4/01,FABRICAÇÃO DE CIGARROS,BAIXA,padrao
1220402,1220-4/02,FABRICAÇÃO DE CIGARRILHAS E CHARUTOS,BAIXA,padrao
1220403,1220-4/03,FABRICAÇÃO DE FILTROS PARA CIGARROS,BAIXA,padrao
1220499,1220-4/99,"FABRICAÇÃO DE OUTROS PRODUTOS DO FUMO, EXCETO CIGARROS, CIGARRILHAS E CHARUTOS",BAIXA,padrao
1311100,1311-1/00,PREPARAÇÃO E FIAÇÃO DE FIBRAS DE ALGODÃO,BAIXA,padrao
1312000,1312-0/00,"PREPARAÇÃO E FIAÇÃO DE FIBRAS TÊXTEIS NATURAIS, EXCETO ALGODÃO",BAIXA,padrao
1313800,1313-8/00,FIAÇÃO DE FIBRAS ARTIFICIAIS E SINTÉTICAS,BAIXA,padrao
1314600,1314-6/00,FABRICAÇÃO DE LINHAS PARA COSTURAR E BORDAR,BAIXA,padrao
1321900,1321-9/00,TECELAGEM DE FIOS DE ALGODÃO,BAIXA,padrao
1322700,1322-7/00,"TECELAGEM DE FIOS DE FIBRAS TÊXTEIS NATURAIS, EXCETO ALGODÃO",BAIXA,padrao
1323500,1323-5/00,TECELAGEM DE FIOS DE FIBRAS ARTIFICIAIS E SINTÉTICAS,BAIXA,padrao
1330800,1330-8/00,FABRICAÇÃO DE TECIDOS DE MALHA,BAIXA,padrao
1340501,1340-5/01,"ESTAMPARIA E TEXTURIZAÇÃO EM FIOS, TECIDOS, ARTEFATOS TÊXTEIS E PEÇAS DO VESTUÁRIO",BAIXA,padrao
1340502,1340-5/02,"ALVEJAMENTO, TINGIMENTO E TORÇÃO EM FIOS, TECIDOS, ARTEFATOS TÊXTEIS E PEÇAS DO VESTUÁRIO",BAIXA,padrao
1340599,1340-5/99,"OUTROS SERVIÇOS DE ACABAMENTO EM FIOS, TECIDOS, ARTEFATOS TÊXTEIS E PEÇAS DO VESTUÁRIO",BAIXA,padrao
1351100,1351-1/00,FABRICAÇÃO DE ARTEFATOS TÊXTEIS PARA USO DOMÉSTICO,BAIXA,padrao
1352900,1352-9/00,FABRICAÇÃO DE ARTEFATOS DE TAPEÇARIA,BAIXA,padrao
1353700,1353-7/00,FABRICAÇÃO DE ARTEFATOS DE CORDOARIA,BAIXA,padrao
1354500,1354-5/00,"FABRICAÇÃO DE TECIDOS ESPECIAIS, INCLUSIVE ARTEFATOS",BAIXA,padrao
1359600,1359-6/00,FABRICAÇÃO DE OUTROS PRODUTOS TÊXTEIS NÃO ESPECIFICADOS ANTERIORMENTE,BAIXA,padrao
1411801,1411-8/01,CONFECÇÃO DE ROUPAS ÍNTIMAS,BAIXA,padrao
1411802,1411-8/02,FACÇÃO DE ROUPAS ÍNTIMAS,BAIXA,padrao
1412601,1412-6/01,"CONFECÇÃO DE PEÇAS DE VESTUÁRIO, EXCETO ROUPAS ÍNTIMAS E AS CONFECCIONADAS SOB MEDIDA",BAIXA,padrao
1412602,1412-6/02,"CONFECÇÃO, SOB MEDIDA, DE PEÇAS DO VESTUÁRIO, EXCETO ROUPAS ÍNTIMAS",BAIXA,padrao
1412603,1412-6/03,"FACÇÃO DE PEÇAS DO VESTUÁRIO, EXCETO ROUPAS ÍNTIMAS",BAIXA,padrao
1413401,1413-4/01,"CONFECÇÃO DE ROUPAS PROFISSIONAIS, EXCETO SOB MEDIDA",BAIXA,padrao
1413402,1413-4/02,"CONFECÇÃO, SOB MEDIDA, DE ROUPAS PROFISSIONAIS",BAIXA,padrao
1413403,1413-4/03,FACÇÃO DE ROUPAS PROFISSIONAIS,BAIXA,padrao
1414200,1414-2/00,"FABRICAÇÃO DE ACESSÓRIOS DO VESTUÁRIO, EXCETO PARA SEGURANÇA E PROTEÇÃO",BAIXA,padrao
1421500,1421-5/00,FABRICAÇÃO DE MEIAS,BAIXA,padrao
1422300,1422-3/00,"FABRICAÇÃO DE ARTIGOS DO VESTUÁRIO, PRODUZIDOS EM MALHARIAS E TRICOTAGENS, EXCETO MEIAS",BAIXA,padrao
1510600,1510-6/00,CURTIMENTO E OUTRAS PREPARAÇÕES DE COURO,BAIXA,padrao
1521100,1521-1/00,"FABRICAÇÃO DE ARTIGOS PARA VIAGEM, BOLSAS E SEMELHANTES DE QUALQUER MATERIAL",BAIXA,padrao
1529700,1529-7/00,FABRICAÇÃO DE ARTEFATOS DE COURO NÃO ESPECIFICADOS ANTERIORMENTE,BAIXA,padrao
1531901,1531-9/01,FABRICAÇÃO DE CALÇADOS DE COURO,BAIXA,padrao
1531902,1531-9/02,ACABAMENTO DE CALÇADOS DE COURO SOB CONTRATO,BAIXA,padrao
1532700,1532-7/00,FABRICAÇÃO DE TÊNIS DE QUALQUER MATERIAL,BAIXA,padrao
1533500,1533-5/00,FABRICAÇÃO DE CALÇADOS DE MATERIAL SINTÉTICO,BAIXA,padrao
1539400,1539-4/00,FABRICAÇÃO DE CALÇADOS DE MATERIAIS NÃO ESPECIFICADOS ANTERIORMENTE,BAIXA,padrao
1540800,1540-8/00,"FABRICAÇÃO DE PARTES PARA CALÇADOS, DE QUALQUER MATERIAL",BAIXA,padrao
1610203,1610-2/03,SERRARIAS COM DESDOBRAMENTO DE MADEIRA EM BRUTO,BAIXA,padrao
1610204,1610-2/04,SERRARIAS SEM DESDOBRAMENTO DE MADEIRA EM BRUTO - RESSERRAGEM,BAIXA,padrao
1610205,1610-2/05,SERVIÇO DE TRATAMENTO DE MADEIRA REALIZADO SOB CONTRATO,BAIXA,padrao
1621800,1621-8/00,"FABRICAÇÃO DE MADEIRA LAMINADA E DE CHAPAS DE MADEIRA COMPENSADA, PRENSADA E AGLOMERADA",BAIXA,padrao
1622601,1622-6/01,FABRICAÇÃO DE CASAS DE MADEIRA PRÉ FABRICADAS,BAIXA,padrao
1622602,1622-6/02,FABRICAÇÃO DE ESQUADRIAS DE MADEIRA E DE PEÇAS DE MADEIRA PARA INSTALAÇÕES INDUSTRIAIS E COMERCIAIS,BAIXA,padrao
1622699,1622-6/99,FABRICAÇÃO DE OUTROS ARTIGOS DE CARPINTARIA PARA CONSTRUÇÃO,BAIXA,padrao
1623400,1623-4/00,FABRICAÇÃO DE ARTEFATOS DE TANOARIA E DE EMBALAGENS DE MADEIRA,BAIXA,padrao
1629301,1629-3/01,"FABRICAÇÃO DE ARTEFATOS DIVERSOS DE MADEIRA, EXCETO MÓVEIS",BAIXA,padrao
1629302,1629-3/02,"FABRICAÇÃO DE ARTEFATOS DIVERSOS DE CORTIÇA, BAMBU, PALHA, VIME E OUTROS MATERIAIS TRANÇADOS, EXCETO MÓVEIS",BAIXA,padrao
1710900,1710-9/00,FABRICAÇÃO DE CELULOSE E OUTRAS PASTAS PARA A FABRICAÇÃO DE PAPEL,BAIXA,padrao
1721400,1721-4/00,FABRICAÇÃO DE PAPEL,BAIXA,padrao
1722200,1722-2/00,FABRICAÇÃO DE CARTOLINA E PAPEL CARTÃO,BAIXA,padrao
1731100,1731-1/00,FABRICAÇÃO DE EMBALAGENS DE PAPEL,BAIXA,padrao
1732000,1732-0/00,FABRICAÇÃO DE EMBALAGENS DE CARTOLINA E PAPEL CARTÃO,BAIXA,padrao
1733800,1733-8/00,FABRICAÇÃO DE CHAPAS E DE EMBALAGENS DE PAPELÃO ONDULADO,BAIXA,padrao
1741901,1741-9/01,FABRICAÇÃO DE FORMULÁRIOS CONTÍNUOS,BAIXA,padrao
1741902,1741-9/02,"FABRICAÇÃO DE PRODUTOS DE PAPEL, CARTOLINA, PAPEL CARTÃO E PAPELÃO ONDULADO PARA USO COMERCIAL E DE ESCRITÓRIO",BAIXA,padrao
1742701,1742-7/01,FABRICAÇÃO DE FRALDAS DESCARTÁVEIS,BAIXA,padrao
1742702,1742-7/02,FABRICAÇÃO DE ABSORVENTES HIGIÊNICOS,BAIXA,padrao
1742799,1742-7/99,FABRICAÇÃO DE PRODUTOS DE PAPEL PARA USO DOMÉSTICO E HIGIÊNICO SANITÁRIO NÃO ESPECIFICADOS ANTERIORMENTE,BAIXA,padrao
1749400,1749-4/00,"FABRICAÇÃO DE PRODUTOS DE PASTAS CELULÓSICAS, PAPEL, CARTOLINA, PAPEL CARTÃO E PAPELÃO ONDULADO NÃO ESPECIFICADOS ANTERIORMENTE",BAIXA,padrao
1811301,1811-3/01,IMPRESSÃO DE JORNAIS,BAIXA,padrao
1811302,1811-3/02,"IMPRESSÃO DE LIVROS, REVISTAS E OUTRAS PUBLICAÇÕES PERIÓDICAS",BAIXA,padrao
1812100,1812-1/00,IMPRESSÃO DE MATERIAL DE SEGURANÇA,BAIXA,padrao
1813001,1813-0/01,IMPRESSÃO DE MATERIAL PARA USO PUBLICITÁRIO,BAIXA,padrao
1813099,1813-0/99,IMPRESSÃO DE MATERIAL PARA OUTROS USOS,BAIXA,padrao
1821100,1821-1/00,SERVIÇOS DE PRÉ IMPRESSÃO,BAIXA,padrao
1822901,1822-9/01,SERVIÇOS DE ENCADERNAÇÃO E PLASTIFICAÇÃO,BAIXA,padrao
1822999,1822-9/99,"SERVIÇOS DE ACABAMENTOS GRÁFICOS, EXCETO ENCADERNAÇÃO E PLASTIFICAÇÃO",BAIXA,padrao
1830001,1830-0/01,REPRODUÇÃO DE SOM EM QUALQUER SUPORTE,BAIXA,padrao
1830002,1830-0/02,REPRODUÇÃO DE VÍDEO EM QUALQUER SUPORTE,BAIXA,padrao
1830003,1830-0/03,REPRODUÇÃO DE SOFTWARE EM QUALQUER SUPORTE,BAIXA,padrao
1910100,1910-1/00,COQUERIAS,BAIXA,padrao
1921700,1921-7/00,FABRICAÇÃO DE PRODUTOS DO REFINO DE PETRÓLEO,BAIXA,padrao
1922501,1922-5/01,FORMULAÇÃO DE COMBUSTÍVEIS,BAIXA,padrao
1922502,1922-5/02,RERREFINO DE ÓLEOS LUBRIFICANTES,BAIXA,padrao
1922599,1922-5/99,"FABRICAÇÃO DE OUTROS PRODUTOS DERIVADOS DO PETRÓLEO, EXCETO PRODUTOS DO REFINO",BAIXA,padrao
1931400,1931-4/00,FABRICAÇÃO DE ÁLCOOL,BAIXA,padrao
1932200,1932-2/00,"FABRICAÇÃO DE BIOCOMBUSTÍVEIS, EXCETO ÁLCOOL",BAIXA,padrao
2011800,2011-8/00,FABRICAÇÃO DE CLORO E ÁLCALIS,BAIXA,padrao
2012600,2012-6/00,FABRICAÇÃO DE INTERMEDIÁRIOS PARA FERTILIZANTES,BAIXA,padrao
2013401,2013-4/01,FABRICAÇÃO DE ADUBOS E FERTILIZANTES ORGANOMINERAIS,BAIXA,padrao
2013402,2013-4/02,"FABRICAÇÃO DE ADUBOS E FERTILIZANTES, EXCETO ORGANOMINERAIS",BAIXA,padrao
2014200,2014-2/00,FABRICAÇÃO DE GASES INDUSTRIAIS,BAIXA,padrao
2019301,2019-3/01,ELABORAÇÃO DE COMBUSTÍVEIS NUCLEARES,BAIXA,padrao
2019399,2019-3/99,FABRICAÇÃO DE OUTROS PRODUTOS QUÍMICOS INORGÂNICOS NÃO ESPECIFICADOS ANTERIORMENTE,BAIXA,padrao
2021500,2021-5/00,FABRICAÇÃO DE PRODUTOS PETROQUÍMICOS BÁSICOS,BAIXA,padrao
2022300,2022-3/00,"FABRICAÇÃO DE INTERMEDIÁRIOS PARA PLASTIFICANTES, RESINAS E FIBRAS",BAIXA,padrao
2029100,2029-1/00,FABRICAÇÃO DE PRODUTOS QUÍMICOS ORGÂNICOS NÃO ESPECIFICADOS ANTERIORMENTE,BAIXA,padrao
2031200,2031-2/00,FABRICAÇÃO DE RESINAS TERMOPLÁSTICAS,BAIXA,padrao
2032100,2032-1/00,FABRICAÇÃO DE RESINAS TERMOFIXAS,BAIXA,padrao
2033900,2033-9/00,FABRICAÇÃO DE ELASTÔMEROS,BAIXA,padrao
2040100,2040-1/00,FABRICAÇÃO DE FIBRAS ARTIFICIAIS E SINTÉTICAS,BAIXA,padrao
2051700,2051-7/00,FABRICAÇÃO DE DEFENSIVOS AGRÍCOLAS,BAIXA,padrao
2052500,2052-5/00,FABRICAÇÃO DE DESINFESTANTES DOMISSANITÁRIOS,BAIXA,padrao
2061400,2061-4/00,FABRICAÇÃO DE SABÕES E DETERGENTES SINTÉTICOS,BAIXA,padrao
2062200,2062-2/00,FABRICAÇÃO DE PRODUTOS DE LIMPEZA E POLIMENTO,BAIXA,padrao
2063100,2063-1/00,"FABRICAÇÃO DE COSMÉTICOS, PRODUTOS DE PERFUMARIA E DE HIGIENE PESSOAL",BAIXA,padrao
2071100,2071-1/00,"FABRICAÇÃO DE TINTAS, VERNIZES, ESMALTES E LACAS",BAIXA,padrao
2072000,2072-0/00,FABRICAÇÃO DE TINTAS DE IMPRESSÃO,BAIXA,padrao
2073800,2073-8/00,"FABRICAÇÃO DE IMPERMEABILIZANTES, SOLVENTES E PRODUTOS AFINS",BAIXA,padrao
2091600,2091-6/00,FABRICAÇÃO DE ADESIVOS E SELANTES,BAIXA,padrao
2092401,2092-4/01,"FABRICAÇÃO DE PÓLVORAS, EXPLOSIVOS E DETONANTES",BAIXA,padrao
2092402,2092-4/02,FABRICAÇÃO DE ARTIGOS PIROTÉCNICOS,BAIXA,padrao
2092403,2092-4/03,FABRICAÇÃO DE FÓSFOROS DE SEGURANÇA,BAIXA,padrao
2093200,2093-2/00,FABRICAÇÃO DE ADITIVOS DE USO INDUSTRIAL,BAIXA,padrao
2094100,2094-1/00,FABRICAÇÃO DE CATALISADORES,BAIXA,padrao
2099101,2099-1/01,"FABRICAÇÃO DE CHAPAS, FILMES, PAPÉIS E OUTROS MATERIAIS E PRODUTOS QUÍMICOS PARA FOTOGRAFIA",BAIXA,padrao
2099199,2099-1/99,FABRICAÇÃO DE OUTROS PRODUTOS QUÍMICOS NÃO ESPECIFICADOS ANTERIORMENTE,BAIXA,padrao
2110600,2110-6/00,FABRICAÇÃO DE PRODUTOS FARMOQUÍMICOS,BAIXA,padrao
2121101,2121-1/01,FABRICAÇÃO DE MEDICAMENTOS ALOPÁTICOS PARA USO HUMANO,BAIXA,padrao
2121102,2121-1/02,FABRICAÇÃO DE MEDICAMENTOS HOMEOPÁTICOS PARA USO HUMANO,BAIXA,padrao
2121103,2121-1/03,FABRICAÇÃO DE MEDICAMENTOS FITOTERÁPICOS PARA USO HUMANO,BAIXA,padrao
2122000,2122-0/00,FABRICAÇÃO DE MEDICAMENTOS PARA USO VETERINÁRIO,BAIXA,padrao
2123800,2123-8/00,FABRICAÇÃO DE PREPARAÇÕES FARMACÊUTICAS,BAIXA,padrao
2211100,2211-1/00,FABRICAÇÃO DE PNEUMÁTICOS E DE CÂMARAS DE AR,BAIXA,padrao
2212900,2212-9/00,REFORMA DE PNEUMÁTICOS USADOS,BAIXA,padrao
2219600,2219-6/00,FABRICAÇÃO DE ARTEFATOS DE BORRACHA NÃO ESPECIFICADOS ANTERIORMENTE,BAIXA,padrao
2221800,2221-8/00,FABRICAÇÃO DE LAMINADOS PLANOS E TUBULARES DE MATERIAL PLÁSTICO,BAIXA,padrao
2222600,2222-6/00,FABRICAÇÃO DE EMBALAGENS DE MATERIAL PLÁSTICO,BAIXA,padrao
2223400,2223-4/00,FABRICAÇÃO DE TUBOS E ACESSÓRIOS DE MATERIAL PLÁSTICO PARA USO NA CONSTRUÇÃO,BAIXA,padrao
2229301,2229-3/01,FABRICAÇÃO DE ARTEFATOS DE MATERIAL PLÁSTICO PARA USO PESSOAL E DOMÉSTICO,BAIXA,padrao
2229302,2229-3/02,FABRICAÇÃO DE ARTEFATOS DE MATERIAL PLÁSTICO PARA USOS INDUSTRIAIS,BAIXA,padrao
2229303,2229-3/03,"FABRICAÇÃO DE ARTEFATOS DE MATERIAL PLÁSTICO PARA USO NA CONSTRUÇÃO, EXCETO TUBOS E ACESSÓRIOS",BAIXA,padrao
2229399,2229-3/99,FABRICAÇÃO DE ARTEFATOS DE MATERIAL PLÁSTICO PARA OUTROS USOS NÃO ESPECIFICADOS ANTERIORMENTE,BAIXA,padrao
2311700,2311-7/00,FABRICAÇÃO DE VIDRO PLANO E DE SEGURANÇA,BAIXA,padrao
2312500,2312-5/00,FABRICAÇÃO DE EMBALAGENS DE VIDRO,BAIXA,padrao
2319200,2319-2/00,FABRICAÇÃO DE ARTIGOS DE VIDRO,BAIXA,padrao
2320600,2320-6/00,FABRICAÇÃO DE CIMENTO,BAIXA,padrao
2330301,2330-3/01,"FABRICAÇÃO DE ESTRUTURAS PRÉ MOLDADAS DE CONCRETO ARMADO, EM SÉRIE E SOB ENCOMENDA",BAIXA,padrao
2330302,2330-3/02,FABRICAÇÃO DE ARTEFATOS DE CIMENTO PARA USO NA CONSTRUÇÃO,BAIXA,padrao
2330303,2330-3/03,FABRICAÇÃO DE ARTEFATOS DE FIBROCIMENTO PARA USO NA CONSTRUÇÃO,BAIXA,padrao
2330304,2330-3/04,FABRICAÇÃO DE CASAS PRÉ MOLDADAS DE CONCRETO,BAIXA,padrao
2330305,2330-3/05,PREPARAÇÃO DE MASSA DE CONCRETO E ARGAMASSA PARA CONSTRUÇÃO,BAIXA,padrao
2330399,2330-3/99,"FABRICAÇÃO DE OUTROS ARTEFATOS E PRODUTOS DE CONCRETO, CIMENTO, FIBROCIMENTO, GESSO E MATERIAIS SEMELHANTES",BAIXA,padrao
2341900,2341-9/00,FABRICAÇÃO DE PRODUTOS CERÂMICOS REFRATÁRIOS,BAIXA,padrao
2342701,2342-7/01,FABRICAÇÃO DE AZULEJOS E PISOS,BAIXA,padrao
2342702,2342-7/02,"FABRICAÇÃO DE ARTEFATOS DE CERÂMICA E BARRO COZIDO PARA USO NA CONSTRUÇÃO, EXCETO AZULEJOS E PISOS",BAIXA,padrao
2349401,2349-4/01,FABRICAÇÃO DE MATERIAL SANITÁRIO DE CERÂMICA,BAIXA,padrao
2349499,2349-4/99,FABRICAÇÃO DE PRODUTOS CERÂMICOS NÃO REFRATÁRIOS NÃO ESPECIFICADOS ANTERIORMENTE,BAIXA,padrao
2391501,2391-5/01,"BRITAMENTO DE PEDRAS, EXCETO ASSOCIADO À EXTRAÇÃO",BAIXA,padrao
2391502,2391-5/02,"APARELHAMENTO DE PEDRAS PARA CONSTRUÇÃO, EXCETO ASSOCIADO À EXTRAÇÃO",BAIXA,padrao
2391503,2391-5/03,"APARELHAMENTO DE PLACAS E EXECUÇÃO DE TRABALHOS EM MÁRMORE, GRANITO, ARDÓSIA E OUTRAS PEDRAS",BAIXA,padrao
2392300,2392-3/00,FABRICAÇÃO DE CAL E GESSO,BAIXA,padrao
2399101,2399-1/01,"DECORAÇÃO, LAPIDAÇÃO, GRAVAÇÃO, VITRIFICAÇÃO E OUTROS TRABALHOS EM CERÂMICA, LOUÇA, VIDRO E CRISTAL",BAIXA,padrao
2399102,2399-1/02,FABRICAÇÃO DE ABRASIVOS,BAIXA,padrao
2399199,2399-1/99,FABRICAÇÃO DE OUTROS PRODUTOS DE MINERAIS NÃO METÁLICOS NÃO ESPECIFICADOS ANTERIORMENTE,BAIXA,padrao
2411300,2411-3/00,PRODUÇÃO DE FERRO GUSA,BAIXA,padrao
2412100,2412-1/00,PRODUÇÃO DE FERROLIGAS,BAIXA,padrao
2421100,2421-1/00,PRODUÇÃO DE SEMI ACABADOS DE AÇO,BAIXA,padrao
2422901,2422-9/01,"PRODUÇÃO DE LAMINADOS PLANOS DE AÇO AO CARBONO, REVESTIDOS OU NÃO",BAIXA,padrao
2422902,2422-9/02,PRODUÇÃO DE LAMINADOS PLANOS DE AÇOS ESPECIAIS,BAIXA,padrao
2423701,2423-7/01,PRODUÇÃO DE TUBOS DE AÇO SEM COSTURA,BAIXA,padrao
2423702,2423-7/02,"PRODUÇÃO DE LAMINADOS LONGOS DE AÇO, EXCETO TUBOS",BAIXA,padrao
2424501,2424-5/01,PRODUÇÃO DE ARAMES DE AÇO,BAIXA,padrao
2424502,2424-5/02,"PRODUÇÃO DE RELAMINADOS, TREFILADOS E PERFILADOS DE AÇO, EXCETO ARAMES",BAIXA,padrao
2431800,2431-8/00,PRODUÇÃO DE TUBOS DE AÇO COM COSTURA,BAIXA,padrao
2439300,2439-3/00,PRODUÇÃO DE OUTROS TUBOS DE FERRO E AÇO,BAIXA,padrao
2441501,2441-5/01,PRODUÇÃO DE ALUMÍNIO E SUAS LIGAS EM FORMAS PRIMÁRIAS,BAIXA,padrao
2441502,2441-5/02,PRODUÇÃO DE LAMINADOS DE ALUMÍNIO,BAIXA,padrao
2442300,2442-3/00,METALURGIA DOS METAIS PRECIOSOS,BAIXA,padrao
2443100,2443-1/00,METALURGIA DO COBRE,BAIXA,padrao
2449101,2449-1/01,PRODUÇÃO DE ZINCO EM FORMAS PRIMÁRIAS,BAIXA,padrao
2449102,2449-1/02,PRODUÇÃO DE LAMINADOS DE ZINCO,BAIXA,padrao
2449103,2449-1/03,FABRICAÇÃO DE ÂNODOS PARA GALVANOPLASTIA,BAIXA,padrao
2449199,2449-1/99,METALURGIA DE OUTROS METAIS NÃO FERROSOS E SUAS LIGAS NÃO ESPECIFICADOS ANTERIORMENTE,BAIXA,padrao
2451200,2451-2/00,FUNDIÇÃO DE FERRO E AÇO,BAIXA,padrao
2452100,2452-1/00,FUNDIÇÃO DE METAIS NÃO FERROSOS E SUAS LIGAS,BAIXA,padrao
2511000,2511-0/00,FABRICAÇÃO DE ESTRUTURAS METÁLICAS,BAIXA,padrao
2512800,2512-8/00,FABRICAÇÃO DE ESQUADRIAS DE METAL,BAIXA,padrao
2513600,2513-6/00,FABRICAÇÃO DE OBRAS DE CALDEIRARIA PESADA,BAIXA,padrao
2521700,2521-7/00,"FABRICAÇÃO DE TANQUES, RESERVATÓRIOS METÁLICOS E CALDEIRAS PARA AQUECIMENTO CENTRAL",BAIXA,padrao
2522500,2522-5/00,"FABRICAÇÃO DE CALDEIRAS GERADORAS DE VAPOR, EXCETO PARA AQUECIMENTO CENTRAL E PARA VEÍCULOS",BAIXA,padrao
2531401,2531-4/01,PRODUÇÃO DE FORJADOS DE AÇO,BAIXA,padrao
2531402,2531-4/02,PRODUÇÃO DE FORJADOS DE METAIS NÃO FERROSOS E SUAS LIGAS,BAIXA,padrao
2532201,2532-2/01,PRODUÇÃO DE ARTEFATOS ESTAMPADOS DE METAL,BAIXA,padrao
2532202,2532-2/02,METALURGIA DO PÓ,BAIXA,padrao
2539001,2539-0/01,"SERVIÇOS DE USINAGEM, TORNEARIA E SOLDA",BAIXA,padrao
2539002,2539-0/02,SERVIÇOS DE TRATAMENTO E REVESTIMENTO EM METAIS,BAIXA,padrao
2541100,2541-1/00,FABRICAÇÃO DE ARTIGOS DE CUTELARIA,BAIXA,padrao
2542000,2542-0/00,"FABRICAÇÃO DE ARTIGOS DE SERRALHERIA, EXCETO ESQUADRIAS",BAIXA,padrao
2543800,2543-8/00,FABRICAÇÃO DE FERRAMENTAS,BAIXA,padrao
2550101,2550-1/01,"FABRICAÇÃO DE EQUIPAMENTO BÉLICO PESADO, EXCETO VEÍCULOS MILITARES DE COMBATE",BAIXA,padrao
2550102,2550-1/02,"FABRICAÇÃO DE ARMAS DE FOGO, OUTRAS ARMAS  E MUNIÇÕES",BAIXA,padrao
2591800,2591-8/00,FABRICAÇÃO DE EMBALAGENS METÁLICAS,BAIXA,padrao
2592601,2592-6/01,FABRICAÇÃO DE PRODUTOS DE TREFILADOS DE METAL PADRONIZADOS,BAIXA,padrao
2592602,2592-6/02,"FABRICAÇÃO DE PRODUTOS DE TREFILADOS DE METAL, EXCETO PADRONIZADOS",BAIXA,padrao
2593400,2593-4/00,FABRICAÇÃO DE ARTIGOS DE METAL PARA USO DOMÉSTICO E PESSOAL,BAIXA,padrao
2599301,2599-3/01,SERVIÇOS DE CONFECÇÃO DE ARMAÇÕES METÁLICAS PARA A CONSTRUÇÃO,BAIXA,padrao
2599302,2599-3/02,SERVIÇO DE CORTE E DOBRA DE METAIS,BAIXA,padrao
2599399,2599-3/99,FABRICAÇÃO DE OUTROS PRODUTOS DE METAL NÃO ESPECIFICADOS ANTERIORMENTE,BAIXA,padrao
2610800,2610-8/00,FABRICAÇÃO DE COMPONENTES ELETRÔNICOS,BAIXA,padrao
2621300,2621-3/00,FABRICAÇÃO DE EQUIPAMENTOS DE INFORMÁTICA,BAIXA,padrao
2622100,2622-1/00,FABRICAÇÃO DE PERIFÉRICOS PARA EQUIPAMENTOS DE INFORMÁTICA,BAIXA,padrao
2631100,2631-1/00,"FABRICAÇÃO DE EQUIPAMENTOS TRANSMISSORES DE COMUNICAÇÃO, PEÇAS E ACESSÓRIOS",BAIXA,padrao
2632900,2632-9/00,"FABRICAÇÃO DE APARELHOS TELEFÔNICOS E DE OUTROS EQUIPAMENTOS DE COMUNICAÇÃO, PEÇAS E ACESSÓRIOS",BAIXA,padrao
2640000,2640-0/00,"FABRICAÇÃO DE APARELHOS DE RECEPÇÃO, REPRODUÇÃO, GRAVAÇÃO E AMPLIFICAÇÃO DE ÁUDIO E VÍDEO",BAIXA,padrao
2651500,2651-5/00,"FABRICAÇÃO DE APARELHOS E EQUIPAMENTOS DE MEDIDA, TESTE E CONTROLE",BAIXA,padrao
2652300,2652-3/00,FABRICAÇÃO DE CRONÔMETROS E RELÓGIOS,BAIXA,padrao
2660400,2660-4/00,FABRICAÇÃO DE APARELHOS ELETROMÉDICOS E ELETROTERAPÊUTICOS E EQUIPAMENTOS DE IRRADIAÇÃO,BAIXA,padrao
2670101,2670-1/01,"FABRICAÇÃO DE EQUIPAMENTOS E INSTRUMENTOS ÓPTICOS, PEÇAS E ACESSÓRIOS",BAIXA,padrao
2670102,2670-1/02,"FABRICAÇÃO DE APARELHOS FOTOGRÁFICOS E CINEMATOGRÁFICOS, PEÇAS E ACESSÓRIOS",BAIXA,padrao
2680900,2680-9/00,"FABRICAÇÃO DE MÍDIAS VIRGENS, MAGNÉTICAS E ÓPTICAS",BAIXA,padrao
2710401,2710-4/01,"FABRICAÇÃO DE GERADORES DE CORRENTE CONTÍNUA E ALTERNADA, PEÇAS E ACESSÓRIOS",BAIXA,padrao
2710402,2710-4/02,"FABRICAÇÃO DE TRANSFORMADORES, INDUTORES, CONVERSORES, SINCRONIZADORES E SEMELHANTES, PEÇAS E ACESSÓRIOS",BAIXA,padrao
2710403,2710-4/03,"FABRICAÇÃO DE MOTORES ELÉTRICOS, PEÇAS E ACESSÓRIOS",BAIXA,padrao
2721000,2721-0/00,"FABRICAÇÃO DE PILHAS, BATERIAS E ACUMULADORES ELÉTRICOS, EXCETO PARA VEÍCULOS AUTOMOTORES",BAIXA,padrao
2722801,2722-8/01,FABRICAÇÃO DE BATERIAS E ACUMULADORES PARA VEÍCULOS AUTOMOTORES,BAIXA,padrao
2722802,2722-8/02,RECONDICIONAMENTO DE BATERIAS E ACUMULADORES PARA VEÍCULOS AUTOMOTORES,BAIXA,padrao
2731700,2731-7/00,FABRICAÇÃO DE APARELHOS E EQUIPAMENTOS PARA DISTRIBUIÇÃO E CONTROLE DE ENERGIA ELÉTRICA,BAIXA,padrao
2732500,2732-5/00,FABRICAÇÃO DE MATERIAL ELÉTRICO PARA INSTALAÇÕES EM CIRCUITO DE CONSUMO,BAIXA,padrao
2733300,2733-3/00,"FABRICAÇÃO DE FIOS, CABOS E CONDUTORES ELÉTRICOS ISOLADOS",BAIXA,padrao
2740601,2740-6/01,FABRICAÇÃO DE LÂMPADAS,BAIXA,padrao
2740602,2740-6/02,FABRICAÇÃO DE LUMINÁRIAS E OUTROS EQUIPAMENTOS DE ILUMINAÇÃO,BAIXA,padrao
2751100,2751-1/00,"FABRICAÇÃO DE FOGÕES, REFRIGERADORES E MÁQUINAS DE LAVAR E SECAR PARA USO DOMÉSTICO, PEÇAS E ACESSÓRIOS",BAIXA,padrao
2759701,2759-7/01,"FABRICAÇÃO DE APARELHOS ELÉTRICOS DE USO PESSOAL, PEÇAS E ACESSÓRIOS",BAIXA,padrao
2759799,2759-7/99,"FABRICAÇÃO DE OUTROS APARELHOS ELETRODOMÉSTICOS NÃO ESPECIFICADOS ANTERIORMENTE, PEÇAS E ACESSÓRIOS",BAIXA,padrao
2790201,2790-2/01,"FABRICAÇÃO DE ELETRODOS, CONTATOS E OUTROS ARTIGOS DE CARVÃO E GRAFITA PARA USO ELÉTRICO, ELETROÍMÃS E ISOLADORES",BAIXA,padrao
2790202,2790-2/02,FABRICAÇÃO DE EQUIPAMENTOS PARA SINALIZAÇÃO E ALARME,BAIXA,padrao
2790299,2790-2/99,FABRICAÇÃO DE OUTROS EQUIPAMENTOS E APARELHOS ELÉTRICOS NÃO ESPECIFICADOS ANTERIORMENTE,BAIXA,padrao
2811900,2811-9/00,"FABRICAÇÃO DE MOTORES E TURBINAS, PEÇAS E ACESSÓRIOS, EXCETO PARA AVIÕES E VEÍCULOS RODOVIÁRIOS",BAIXA,padrao
2812700,2812-7/00,"FABRICAÇÃO DE EQUIPAMENTOS HIDRÁULICOS E PNEUMÁTICOS, PEÇAS E ACESSÓRIOS, EXCETO VÁLVULAS",BAIXA,padrao
2813500,2813-5/00,"FABRICAÇÃO DE VÁLVULAS, REGISTROS E DISPOSITIVOS SEMELHANTES, PEÇAS E ACESSÓRIOS",BAIXA,padrao
2814301,2814-3/01,"FABRICAÇÃO DE COMPRESSORES PARA USO INDUSTRIAL, PEÇAS E ACESSÓRIOS",BAIXA,padrao
2814302,2814-3/02,"FABRICAÇÃO DE COMPRESSORES PARA USO NÃO INDUSTRIAL, PEÇAS E ACESSÓRIOS",BAIXA,padrao
2815101,2815-1/01,FABRICAÇÃO DE ROLAMENTOS PARA FINS INDUSTRIAIS,BAIXA,padrao
2815102,2815-1/02,"FABRICAÇÃO DE EQUIPAMENTOS DE TRANSMISSÃO PARA FINS INDUSTRIAIS, EXCETO ROLAMENTOS",BAIXA,padrao
2821601,2821-6/01,"FABRICAÇÃO DE FORNOS INDUSTRIAIS, APARELHOS E EQUIPAMENTOS NÃO ELÉTRICOS PARA INSTALAÇÕES TÉRMICAS, PEÇAS E ACESSÓRIOS",BAIXA,padrao
2821602,2821-6/02,"FABRICAÇÃO DE ESTUFAS E FORNOS ELÉTRICOS PARA FINS INDUSTRIAIS, PEÇAS E ACESSÓRIOS",BAIXA,padrao
2822401,2822-4/01,"FABRICAÇÃO DE MÁQUINAS, EQUIPAMENTOS E APARELHOS PARA TRANSPORTE E ELEVAÇÃO DE PESSOAS, PEÇAS E ACESSÓRIOS",BAIXA,padrao
2822402,2822-4/02,"FABRICAÇÃO DE MÁQUINAS, EQUIPAMENTOS E APARELHOS PARA TRANSPORTE E ELEVAÇÃO DE CARGAS, PEÇAS E ACESSÓRIOS",BAIXA,padrao
2823200,2823-2/00,"FABRICAÇÃO DE MÁQUINAS E APARELHOS DE REFRIGERAÇÃO E VENTILAÇÃO PARA USO INDUSTRIAL E COMERCIAL, PEÇAS E ACESSÓRIOS",BAIXA,padrao
2824101,2824-1/01,FABRICAÇÃO DE APARELHOS E EQUIPAMENTOS DE AR CONDICIONADO PARA USO INDUSTRIAL,BAIXA,padrao
2824102,2824-1/02,FABRICAÇÃO DE APARELHOS E EQUIPAMENTOS DE AR CONDICIONADO PARA USO NÃO INDUSTRIAL,BAIXA,padrao
2825900,2825-9/00,"FABRICAÇÃO DE MÁQUINAS E EQUIPAMENTOS PARA SANEAMENTO BÁSICO E AMBIENTAL, PEÇAS E ACESSÓRIOS",BAIXA,padrao
2829101,2829-1/01,"FABRICAÇÃO DE MÁQUINAS DE ESCREVER, CALCULAR E OUTROS EQUIPAMENTOS NÃO ELETRÔNICOS PARA ESCRITÓRIO, PEÇAS E ACESSÓRIOS",BAIXA,padrao
2829199,2829-1/99,"FABRICAÇÃO DE OUTRAS MÁQUINAS E EQUIPAMENTOS DE USO GERAL NÃO ESPECIFICADOS ANTERIORMENTE, PEÇAS E ACESSÓRIOS",BAIXA,padrao
2831300,2831-3/00,"FABRICAÇÃO DE TRATORES AGRÍCOLAS, PEÇAS E ACESSÓRIOS",BAIXA,padrao
2832100,2832-1/00,"FABRICAÇÃO DE EQUIPAMENTOS PARA IRRIGAÇÃO AGRÍCOLA, PEÇAS E ACESSÓRIOS",BAIXA,padrao
2833000,2833-0/00,"FABRICAÇÃO DE MÁQUINAS E EQUIPAMENTOS PARA A AGRICULTURA E PECUÁRIA, PEÇAS E ACESSÓRIOS, EXCETO PARA IRRIGAÇÃO",BAIXA,padrao
2840200,2840-2/00,"FABRICAÇÃO DE MÁQUINAS FERRAMENTA, PEÇAS E ACESSÓRIOS",BAIXA,padrao
2851800,2851-8/00,"FABRICAÇÃO DE MÁQUINAS E EQUIPAMENTOS PARA A PROSPECÇÃO E EXTRAÇÃO DE PETRÓLEO, PEÇAS E ACESSÓRIOS",BAIXA,padrao
2852600,2852-6/00,"FABRICAÇÃO DE OUTRAS MÁQUINAS E EQUIPAMENTOS PARA USO NA EXTRAÇÃO MINERAL, PEÇAS E ACESSÓRIOS, EXCETO NA EXTRAÇÃO DE PETRÓLEO",BAIXA,padrao
2853400,2853-4/00,"FABRICAÇÃO DE TRATORES, PEÇAS E ACESSÓRIOS, EXCETO AGRÍCOLAS",BAIXA,padrao
2854200,2854-2/00,"FABRICAÇÃO DE MÁQUINAS E EQUIPAMENTOS PARA TERRAPLENAGEM, PAVIMENTAÇÃO E CONSTRUÇÃO, PEÇAS E ACESSÓRIOS, EXCETO TRATORES",BAIXA,padrao
2861500,2861-5/00,"FABRICAÇÃO DE MÁQUINAS PARA A INDÚSTRIA METALÚRGICA, PEÇAS E ACESSÓRIOS, EXCETO MÁQUINAS FERRAMENTA",BAIXA,padrao
2862300,2862-3/00,"FABRICAÇÃO DE MÁQUINAS E EQUIPAMENTOS PARA AS INDÚSTRIAS DE ALIMENTOS, BEBIDAS E FUMO, PEÇAS E ACESSÓRIOS",BAIXA,padrao
2863100,2863-1/00,"FABRICAÇÃO DE MÁQUINAS E EQUIPAMENTOS PARA A INDÚSTRIA TÊXTIL, PEÇAS E ACESSÓRIOS",BAIXA,padrao
2864000,2864-0/00,"FABRICAÇÃO DE MÁQUINAS E EQUIPAMENTOS PARA AS INDÚSTRIAS DO VESTUÁRIO, DO COURO E DE CALÇADOS, PEÇAS E ACESSÓRIOS",BAIXA,padrao
2865800,2865-8/00,"FABRICAÇÃO DE MÁQUINAS E EQUIPAMENTOS PARA AS INDÚSTRIAS DE CELULOSE, PAPEL E PAPELÃO E ARTEFATOS, PEÇAS E ACESSÓRIOS",BAIXA,padrao
2866600,2866-6/00,"FABRICAÇÃO DE MÁQUINAS E EQUIPAMENTOS PARA A INDÚSTRIA DO PLÁSTICO, PEÇAS E ACESSÓRIOS",BAIXA,padrao
2869100,2869-1/00,"FABRICAÇÃO DE MÁQUINAS E EQUIPAMENTOS PARA USO INDUSTRIAL ESPECÍFICO NÃO ESPECIFICADOS ANTERIORMENTE, PEÇAS E ACESSÓRIOS",BAIXA,padrao
2910701,2910-7/01,"FABRICAÇÃO DE AUTOMÓVEIS, CAMIONETAS E UTILITÁRIOS",BAIXA,padrao
2910702,2910-7/02,"FABRICAÇÃO DE CHASSIS COM MOTOR PARA AUTOMÓVEIS, CAMIONETAS E UTILITÁRIOS",BAIXA,padrao
2910703,2910-7/03,"FABRICAÇÃO DE MOTORES PARA AUTOMÓVEIS, CAMIONETAS E UTILITÁRIOS",BAIXA,padrao
2920401,2920-4/01,FABRICAÇÃO DE CAMINHÕES E ÔNIBUS,BAIXA,padrao
2920402,2920-4/02,FABRICAÇÃO DE MOTORES PARA CAMINHÕES E ÔNIBUS,BAIXA,padrao
2930101,2930-1/01,"FABRICAÇÃO DE CABINES, CARROCERIAS E REBOQUES PARA CAMINHÕES",BAIXA,padrao
2930102,2930-1/02,FABRICAÇÃO DE CARROCERIAS PARA ÔNIBUS,BAIXA,padrao
2930103,2930-1/03,"FABRICAÇÃO DE CABINES, CARROCERIAS E REBOQUES PARA OUTROS VEÍCULOS AUTOMOTORES, EXCETO CAMINHÕES E ÔNIBUS",BAIXA,padrao
2941700,2941-7/00,FABRICAÇÃO DE PEÇAS E ACESSÓRIOS PARA O SISTEMA MOTOR DE VEÍCULOS AUTOMOTORES,BAIXA,padrao
2942500,2942-5/00,FABRICAÇÃO DE PEÇAS E ACESSÓRIOS PARA OS SISTEMAS DE MARCHA E TRANSMISSÃO DE VEÍCULOS AUTOMOTORES,BAIXA,padrao
2943300,2943-3/00,FABRICAÇÃO DE PEÇAS E ACESSÓRIOS PARA O SISTEMA DE FREIOS DE VEÍCULOS AUTOMOTORES,BAIXA,padrao
2944100,2944-1/00,FABRICAÇÃO DE PEÇAS E ACESSÓRIOS PARA O SISTEMA DE DIREÇÃO E SUSPENSÃO DE VEÍCULOS AUTOMOTORES,BAIXA,padrao
2945000,2945-0/00,"FABRICAÇÃO DE MATERIAL ELÉTRICO E ELETRÔNICO PARA VEÍCULOS AUTOMOTORES, EXCETO BATERIAS",BAIXA,padrao
2949201,2949-2/01,FABRICAÇÃO DE BANCOS E ESTOFADOS PARA VEÍCULOS AUTOMOTORES,BAIXA,padrao
2949299,2949-2/99,FABRICAÇÃO DE OUTRAS PEÇAS E ACESSÓRIOS PARA VEÍCULOS AUTOMOTORES NÃO ESPECIFICADAS ANTERIORMENTE,BAIXA,padrao
2950600,2950-6/00,RECONDICIONAMENTO E RECUPERAÇÃO DE MOTORES PARA VEÍCULOS AUTOMOTORES,BAIXA,padrao
3011301,3011-3/01,CONSTRUÇÃO DE EMBARCAÇÕES DE GRANDE PORTE,BAIXA,padrao
3011302,3011-3/02,"CONSTRUÇÃO DE EMBARCAÇÕES PARA USO COMERCIAL E PARA USOS ESPECIAIS, EXCETO DE GRANDE PORTE",BAIXA,padrao
3012100,3012-1/00,CONSTRUÇÃO DE EMBARCAÇÕES PARA ESPORTE E LAZER,BAIXA,padrao
3031800,3031-8/00,"FABRICAÇÃO DE LOCOMOTIVAS, VAGÕES E OUTROS MATERIAIS RODANTES",BAIXA,padrao
3032600,3032-6/00,FABRICAÇÃO DE PEÇAS E ACESSÓRIOS PARA VEÍCULOS FERROVIÁRIOS,BAIXA,padrao
3041500,3041-5/00,FABRICAÇÃO DE AERONAVES,BAIXA,padrao
3042300,3042-3/00,"FABRICAÇÃO DE TURBINAS, MOTORES E OUTROS COMPONENTES E PEÇAS PARA AERONAVES",BAIXA,padrao
3050400,3050-4/00,FABRICAÇÃO DE VEÍCULOS MILITARES DE COMBATE,BAIXA,padrao
3091101,3091-1/01,FABRICAÇÃO DE MOTOCICLETAS,BAIXA,padrao
3091102,3091-1/02,FABRICAÇÃO DE PEÇAS E ACESSÓRIOS PARA MOTOCICLETAS,BAIXA,padrao
3092000,3092-0/00,"FABRICAÇÃO DE BICICLETAS E TRICICLOS NÃO MOTORIZADOS, PEÇAS E ACESSÓRIOS",BAIXA,padrao
3099700,3099-7/00,FABRICAÇÃO DE EQUIPAMENTOS DE TRANSPORTE NÃO ESPECIFICADOS ANTERIORMENTE,BAIXA,padrao
3101200,3101-2/00,FABRICAÇÃO DE MÓVEIS COM PREDOMINÂNCIA DE MADEIRA,BAIXA,padrao
3102100,3102-1/00,FABRICAÇÃO DE MÓVEIS COM PREDOMINÂNCIA DE METAL,BAIXA,padrao
3103900,3103-9/00,"FABRICAÇÃO DE MÓVEIS DE OUTROS MATERIAIS, EXCETO MADEIRA E METAL",BAIXA,padrao
3104700,3104-7/00,FABRICAÇÃO DE COLCHÕES,BAIXA,padrao
3211601,3211-6/01,LAPIDAÇÃO DE GEMAS,BAIXA,padrao
3211602,3211-6/02,FABRICAÇÃO DE ARTEFATOS DE JOALHERIA E OURIVESARIA,BAIXA,padrao
3211603,3211-6/03,CUNHAGEM DE MOEDAS E MEDALHAS,BAIXA,padrao
3212400,3212-4/00,FABRICAÇÃO DE BIJUTERIAS E ARTEFATOS SEMELHANTES,BAIXA,padrao
3220500,3220-5/00,"FABRICAÇÃO DE INSTRUMENTOS MUSICAIS, PEÇAS E ACESSÓRIOS",BAIXA,padrao
3230200,3230-2/00,FABRICAÇÃO DE ARTEFATOS PARA PESCA E ESPORTE,BAIXA,padrao
3240001,3240-0/01,FABRICAÇÃO DE JOGOS ELETRÔNICOS,BAIXA,padrao
3240002,3240-0/02,"FABRICAÇÃO DE MESAS DE BILHAR, DE SINUCA E ACESSÓRIOS NÃO ASSOCIADA À LOCAÇÃO",BAIXA,padrao
3240003,3240-0/03,"FABRICAÇÃO DE MESAS DE BILHAR, DE SINUCA E ACESSÓRIOS ASSOCIADA À LOCAÇÃO",BAIXA,padrao
3240099,3240-0/99,FABRICAÇÃO DE OUTROS BRINQUEDOS E JOGOS RECREATIVOS NÃO ESPECIFICADOS ANTERIORMENTE,BAIXA,padrao
3250701,3250-7/01,"FABRICAÇÃO DE INSTRUMENTOS NÃO ELETRÔNICOS E UTENSÍLIOS PARA USO MÉDICO, CIRÚRGICO, ODONTOLÓGICO E DE LABORATÓRIO",BAIXA,padrao
3250702,3250-7/02,"FABRICAÇÃO DE MOBILIÁRIO PARA USO MÉDICO, CIRÚRGICO, ODONTOLÓGICO E DE LABORATÓRIO",BAIXA,padrao
3250703,3250-7/03,FABRICAÇÃO DE APARELHOS E UTENSÍLIOS PARA CORREÇÃO DE DEFEITOS FÍSICOS E APARELHOS ORTOPÉDICOS EM GERAL SOB ENCOMENDA,BAIXA,padrao
3250704,3250-7/04,"FABRICAÇÃO DE APARELHOS E UTENSÍLIOS PARA CORREÇÃO DE DEFEITOS FÍSICOS E APARELHOS ORTOPÉDICOS EM GERAL, EXCETO SOB ENCOMENDA",BAIXA,padrao
3250705,3250-7/05,FABRICAÇÃO DE MATERIAIS PARA MEDICINA E ODONTOLOGIA,BAIXA,padrao
3250706,3250-7/06,SERVIÇOS DE PRÓTESE DENTÁRIA,BAIXA,padrao
3250707,3250-7/07,FABRICAÇÃO DE ARTIGOS ÓPTICOS,BAIXA,padrao
3250709,3250-7/09,SERVIÇO DE LABORATÓRIO ÓPTICO,BAIXA,padrao
3291400,3291-4/00,"FABRICAÇÃO DE ESCOVAS, PINCÉIS E VASSOURAS",BAIXA,padrao
3292201,3292-2/01,FABRICAÇÃO DE ROUPAS DE PROTEÇÃO E SEGURANÇA E RESISTENTES A FOGO,BAIXA,padrao
3292202,3292-2/02,FABRICAÇÃO DE EQUIPAMENTOS E ACESSÓRIOS PARA SEGURANÇA PESSOAL E PROFISSIONAL,BAIXA,padrao
3299001,3299-0/01,FABRICAÇÃO DE GUARDA CHUVAS E SIMILARES,BAIXA,padrao
3299002,3299-0/02,"FABRICAÇÃO DE CANETAS, LÁPIS E OUTROS ARTIGOS PARA ESCRITÓRIO",BAIXA,padrao
3299003,3299-0/03,"FABRICAÇÃO DE LETRAS, LETREIROS E PLACAS DE QUALQUER MATERIAL, EXCETO LUMINOSOS",BAIXA,padrao
3299004,3299-0/04,FABRICAÇÃO DE PAINÉIS E LETREIROS LUMINOSOS,BAIXA,padrao
3299005,3299-0/05,FABRICAÇÃO DE AVIAMENTOS PARA COSTURA,BAIXA,padrao
3299006,3299-0/06,"FABRICAÇÃO DE VELAS, INCLUSIVE DECORATIVAS",BAIXA,padrao
3299099,3299-0/99,FABRICAÇÃO DE PRODUTOS DIVERSOS NÃO ESPECIFICADOS ANTERIORMENTE,BAIXA,padrao
3311200,3311-2/00,"MANUTENÇÃO E REPARAÇÃO DE TANQUES, RESERVATÓRIOS METÁLICOS E CALDEIRAS, EXCETO PARA VEÍCULOS",BAIXA,padrao
3312102,3312-1/02,"MANUTENÇÃO E REPARAÇÃO DE APARELHOS E INSTRUMENTOS DE MEDIDA, TESTE E CONTROLE",BAIXA,padrao
3312103,3312-1/03,MANUTENÇÃO E REPARAÇÃO DE APARELHOS ELETROMÉDICOS E ELETROTERAPÊUTICOS E EQUIPAMENTOS DE IRRADIAÇÃO,BAIXA,padrao
3312104,3312-1/04,MANUTENÇÃO E REPARAÇÃO DE EQUIPAMENTOS E INSTRUMENTOS ÓPTICOS,BAIXA,padrao
3313901,3313-9/01,"MANUTENÇÃO E REPARAÇÃO DE GERADORES, TRANSFORMADORES E MOTORES ELÉTRICOS",BAIXA,padrao
3313902,3313-9/02,"MANUTENÇÃO E REPARAÇÃO DE BATERIAS E ACUMULADORES ELÉTRICOS, EXCETO PARA VEÍCULOS",BAIXA,padrao
3313999,3313-9/99,"MANUTENÇÃO E REPARAÇÃO DE MÁQUINAS, APARELHOS E MATERIAIS ELÉTRICOS NÃO ESPECIFICADOS ANTERIORMENTE",BAIXA,padrao
3314701,3314-7/01,MANUTENÇÃO E REPARAÇÃO DE MÁQUINAS MOTRIZES NÃO ELÉTRICAS,BAIXA,padrao
3314702,3314-7/02,"MANUTENÇÃO E REPARAÇÃO DE EQUIPAMENTOS HIDRÁULICOS E PNEUMÁTICOS, EXCETO VÁLVULAS",BAIXA,padrao
3314703,3314-7/03,MANUTENÇÃO E REPARAÇÃO DE VÁLVULAS INDUSTRIAIS,BAIXA,padrao
3314704,3314-7/04,MANUTENÇÃO E REPARAÇÃO DE COMPRESSORES,BAIXA,padrao
3314705,3314-7/05,MANUTENÇÃO E REPARAÇÃO DE EQUIPAMENTOS DE TRANSMISSÃO PARA FINS INDUSTRIAIS,BAIXA,padrao
3314706,3314-7/06,"MANUTENÇÃO E REPARAÇÃO DE MÁQUINAS, APARELHOS E EQUIPAMENTOS PARA INSTALAÇÕES TÉRMICAS",BAIXA,padrao
3314707,3314-7/07,MANUTENÇÃO E REPARAÇÃO DE MÁQUINAS E APARELHOS DE REFRIGERAÇÃO E VENTILAÇÃO PARA USO INDUSTRIAL E COMERCIAL,BAIXA,padrao
3314708,3314-7/08,"MANUTENÇÃO E REPARAÇÃO DE MÁQUINAS, EQUIPAMENTOS E APARELHOS PARA TRANSPORTE E ELEVAÇÃO DE CARGAS",BAIXA,padrao
3314709,3314-7/09,"MANUTENÇÃO E REPARAÇÃO DE MÁQUINAS DE ESCREVER, CALCULAR E DE OUTROS EQUIPAMENTOS NÃO ELETRÔNICOS PARA ESCRITÓRIO",BAIXA,padrao
3314710,3314-7/10,MANUTENÇÃO E REPARAÇÃO DE MÁQUINAS E EQUIPAMENTOS PARA USO GERAL NÃO ESPECIFICADOS ANTERIORMENTE,BAIXA,padrao
3314711,3314-7/11,MANUTENÇÃO E REPARAÇÃO DE MÁQUINAS E EQUIPAMENTOS PARA AGRICULTURA E PECUÁRIA,BAIXA,padrao
3314712,3314-7/12,MANUTENÇÃO E REPARAÇÃO DE TRATORES AGRÍCOLAS,BAIXA,padrao
3314713,3314-7/13,MANUTENÇÃO E REPARAÇÃO DE MÁQUINAS FERRAMENTA,BAIXA,padrao
3314714,3314-7/14,MANUTENÇÃO E REPARAÇÃO DE MÁQUINAS E EQUIPAMENTOS PARA A PROSPECÇÃO E EXTRAÇÃO DE PETRÓLEO,BAIXA,padrao
3314715,3314-7/15,"MANUTENÇÃO E REPARAÇÃO DE MÁQUINAS E EQUIPAMENTOS PARA USO NA EXTRAÇÃO MINERAL, EXCETO NA EXTRAÇÃO DE PETRÓLEO",BAIXA,padrao
3314716,3314-7/16,"MANUTENÇÃO E REPARAÇÃO DE TRATORES, EXCETO AGRÍCOLAS",BAIXA,padrao
3314717,3314-7/17,"MANUTENÇÃO E REPARAÇÃO DE MÁQUINAS E EQUIPAMENTOS DE TERRAPLENAGEM, PAVIMENTAÇÃO E CONSTRUÇÃO, EXCETO TRATORES",BAIXA,padrao
3314718,3314-7/18,"MANUTENÇÃO E REPARAÇÃO DE MÁQUINAS PARA A INDÚSTRIA METALÚRGICA, EXCETO MÁQUINAS FERRAMENTA",BAIXA,padrao
3314719,3314-7/19,"MANUTENÇÃO E REPARAÇÃO DE MÁQUINAS E EQUIPAMENTOS PARA AS INDÚSTRIAS DE ALIMENTOS, BEBIDAS E FUMO",BAIXA,padrao
3314720,3314-7/20,"MANUTENÇÃO E REPARAÇÃO DE MÁQUINAS E EQUIPAMENTOS PARA A INDÚSTRIA TÊXTIL, DO VESTUÁRIO, DO COURO E CALÇADOS",BAIXA,padrao
3314721,3314-7/21,"MANUTENÇÃO E REPARAÇÃO DE MÁQUINAS E APARELHOS PARA A INDÚSTRIA DE CELULOSE, PAPEL E PAPELÃO E ARTEFATOS",BAIXA,padrao
3314722,3314-7/22,MANUTENÇÃO E REPARAÇÃO DE MÁQUINAS E APARELHOS PARA A INDÚSTRIA DO PLÁSTICO,BAIXA,padrao
3314799,3314-7/99,MANUTENÇÃO E REPARAÇÃO DE OUTRAS MÁQUINAS E EQUIPAMENTOS PARA USOS INDUSTRIAIS NÃO ESPECIFICADOS ANTERIORMENTE,BAIXA,padrao
3315500,3315-5/00,MANUTENÇÃO E REPARAÇÃO DE VEÍCULOS FERROVIÁRIOS,BAIXA,padrao
3316301,3316-3/01,"MANUTENÇÃO E REPARAÇÃO DE AERONAVES, EXCETO A MANUTENÇÃO NA PISTA",BAIXA,padrao
3316302,3316-3/02,MANUTENÇÃO DE AERONAVES NA PISTA,BAIXA,padrao
3317101,3317-1/01,MANUTENÇÃO E REPARAÇÃO DE EMBARCAÇÕES E ESTRUTURAS FLUTUANTES,BAIXA,padrao
3317102,3317-1/02,MANUTENÇÃO E REPARAÇÃO DE EMBARCAÇÕES PARA ESPORTE E LAZER,BAIXA,padrao
3319800,3319-8/00,MANUTENÇÃO E REPARAÇÃO DE EQUIPAMENTOS E PRODUTOS NÃO ESPECIFICADOS ANTERIORMENTE,BAIXA,padrao
3321000,3321-0/00,INSTALAÇÃO DE MÁQUINAS E EQUIPAMENTOS INDUSTRIAIS,BAIXA,padrao
3329501,3329-5/01,SERVIÇOS DE MONTAGEM DE MÓVEIS DE QUALQUER MATERIAL,BAIXA,padrao
3329599,3329-5/99,INSTALAÇÃO DE OUTROS EQUIPAMENTOS NÃO ESPECIFICADOS ANTERIORMENTE,BAIXA,padrao
3511501,3511-5/01,GERAÇÃO DE ENERGIA ELÉTRICA,BAIXA,padrao
3511502,3511-5/02,ATIVIDADES DE COORDENAÇÃO E CONTROLE DA OPERAÇÃO DA GERAÇÃO E TRANSMISSÃO DE ENERGIA ELÉTRICA,BAIXA,padrao
3512300,3512-3/00,TRANSMISSÃO DE ENERGIA ELÉTRICA,BAIXA,padrao
3513100,3513-1/00,COMÉRCIO ATACADISTA DE ENERGIA ELÉTRICA,BAIXA,padrao
3514000,3514-0/00,DISTRIBUIÇÃO DE ENERGIA ELÉTRICA,BAIXA,padrao
3520401,3520-4/01,PRODUÇÃO DE GÁS; PROCESSAMENTO DE GÁS NATURAL,BAIXA,padrao
3520402,3520-4/02,DISTRIBUIÇÃO DE COMBUSTÍVEIS GASOSOS POR REDES URBANAS,BAIXA,padrao
3530100,3530-1/00,"PRODUÇÃO E DISTRIBUIÇÃO DE VAPOR, ÁGUA QUENTE E AR CONDICIONADO",BAIXA,padrao
3600601,3600-6/01,"CAPTAÇÃO, TRATAMENTO E DISTRIBUIÇÃO DE ÁGUA",BAIXA,padrao
3600602,3600-6/02,DISTRIBUIÇÃO DE ÁGUA POR CAMINHÕES,BAIXA,padrao
3701100,3701-1/00,GESTÃO DE REDES DE ESGOTO,BAIXA,padrao
3702900,3702-9/00,"ATIVIDADES RELACIONADAS A ESGOTO, EXCETO A GESTÃO DE REDES",BAIXA,padrao
3811400,3811-4/00,COLETA DE RESÍDUOS NÃO PERIGOSOS,MEDIA,38.11-4 (classe)
3812200,3812-2/00,COLETA DE RESÍDUOS PERIGOSOS,BAIXA,padrao
3821100,3821-1/00,TRATAMENTO E DISPOSIÇÃO DE RESÍDUOS NÃO PERIGOSOS,BAIXA,padrao
3822000,3822-0/00,TRATAMENTO E DISPOSIÇÃO DE RESÍDUOS PERIGOSOS,BAIXA,padrao
3831901,3831-9/01,RECUPERAÇÃO DE SUCATAS DE ALUMÍNIO,MEDIA,38.3 (grupo)
3831999,3831-9/99,"RECUPERAÇÃO DE MATERIAIS METÁLICOS, EXCETO ALUMÍNIO",MEDIA,38.3 (grupo)
3832700,3832-7/00,RECUPERAÇÃO DE MATERIAIS PLÁSTICOS,MEDIA,38.3 (grupo)
3839401,3839-4/01,USINAS DE COMPOSTAGEM,MEDIA,38.3 (grupo)
3839499,3839-4/99,RECUPERAÇÃO DE MATERIAIS NÃO ESPECIFICADOS ANTERIORMENTE,MEDIA,38.3 (grupo)
3900500,3900-5/00,DESCONTAMINAÇÃO E OUTROS SERVIÇOS DE GESTÃO DE RESÍDUOS,BAIXA,padrao
4110700,4110-7/00,INCORPORAÇÃO DE EMPREENDIMENTOS IMOBILIÁRIOS,BAIXA,padrao
4120400,4120-4/00,CONSTRUÇÃO DE EDIFÍCIOS,BAIXA,padrao
4211101,4211-1/01,CONSTRUÇÃO DE RODOVIAS E FERROVIAS,BAIXA,padrao
4211102,4211-1/02,PINTURA PARA SINALIZAÇÃO EM PISTAS RODOVIÁRIAS E AEROPORTOS,BAIXA,padrao
4212000,4212-0/00,CONSTRUÇÃO DE OBRAS DE ARTE ESPECIAIS,BAIXA,padrao
4213800,4213-8/00,"OBRAS DE URBANIZAÇÃO - RUAS, PRAÇAS E CALÇADAS",BAIXA,padrao
4221901,4221-9/01,CONSTRUÇÃO DE BARRAGENS E REPRESAS PARA GERAÇÃO DE ENERGIA ELÉTRICA,BAIXA,padrao
4221902,4221-9/02,CONSTRUÇÃO DE ESTAÇÕES E REDES DE DISTRIBUIÇÃO DE ENERGIA ELÉTRICA,BAIXA,padrao
4221903,4221-9/03,MANUTENÇÃO DE REDES DE DISTRIBUIÇÃO DE ENERGIA ELÉTRICA,BAIXA,padrao
4221904,4221-9/04,CONSTRUÇÃO DE ESTAÇÕES E REDES DE TELECOMUNICAÇÕES,BAIXA,padrao
4221905,4221-9/05,MANUTENÇÃO DE ESTAÇÕES E REDES DE TELECOMUNICAÇÕES,BAIXA,padrao
4222701,4222-7/01,"CONSTRUÇÃO DE REDES DE ABASTECIMENTO DE ÁGUA, COLETA DE ESGOTO E CONSTRUÇÕES CORRELATAS, EXCETO OBRAS DE IRRIGAÇÃO",BAIXA,padrao
4222702,4222-7/02,OBRAS DE IRRIGAÇÃO,BAIXA,padrao
4223500,4223-5/00,"CONSTRUÇÃO DE REDES DE TRANSPORTES POR DUTOS, EXCETO PARA ÁGUA E ESGOTO",BAIXA,padrao
4291000,4291-0/00,"OBRAS PORTUÁRIAS, MARÍTIMAS E FLUVIAIS",BAIXA,padrao
4292801,4292-8/01,MONTAGEM DE ESTRUTURAS METÁLICAS,BAIXA,padrao
4292802,4292-8/02,OBRAS DE MONTAGEM INDUSTRIAL,BAIXA,padrao
4299501,4299-5/01,CONSTRUÇÃO DE INSTALAÇÕES ESPORTIVAS E RECREATIVAS,BAIXA,padrao
4299599,4299-5/99,OUTRAS OBRAS DE ENGENHARIA CIVIL NÃO ESPECIFICADAS ANTERIORMENTE,BAIXA,padrao
4311801,4311-8/01,DEMOLIÇÃO DE EDIFÍCIOS E OUTRAS ESTRUTURAS,BAIXA,padrao
4311802,4311-8/02,PREPARAÇÃO DE CANTEIRO E LIMPEZA DE TERRENO,BAIXA,padrao
4312600,4312-6/00,PERFURAÇÕES E SONDAGENS,BAIXA,padrao
4313400,4313-4/00,OBRAS DE TERRAPLENAGEM,BAIXA,padrao
4319300,4319-3/00,SERVIÇOS DE PREPARAÇÃO DO TERRENO NÃO ESPECIFICADOS ANTERIORMENTE,BAIXA,padrao
4321500,4321-5/00,INSTALAÇÃO E MANUTENÇÃO ELÉTRICA,BAIXA,padrao
4322301,4322-3/01,"INSTALAÇÕES HIDRÁULICAS, SANITÁRIAS E DE GÁS",BAIXA,padrao
4322302,4322-3/02,"INSTALAÇÃO E MANUTENÇÃO DE SISTEMAS CENTRAIS DE AR CONDICIONADO, DE VENTILAÇÃO E REFRIGERAÇÃO",BAIXA,padrao
4322303,4322-3/03,INSTALAÇÕES DE SISTEMA DE PREVENÇÃO CONTRA INCÊNDIO,BAIXA,padrao
4329101,4329-1/01,INSTALAÇÃO DE PAINÉIS PUBLICITÁRIOS,BAIXA,padrao
4329102,4329-1/02,INSTALAÇÃO DE EQUIPAMENTOS PARA ORIENTAÇÃO À NAVEGAÇÃO MARÍTIMA FLUVIAL E LACUSTRE,BAIXA,padrao
4329103,4329-1/03,"INSTALAÇÃO, MANUTENÇÃO E REPARAÇÃO DE ELEVADORES, ESCADAS E ESTEIRAS ROLANTES",BAIXA,padrao
4329104,4329-1/04,"MONTAGEM E INSTALAÇÃO DE SISTEMAS E EQUIPAMENTOS DE ILUMINAÇÃO E SINALIZAÇÃO EM VIAS PÚBLICAS, PORTOS E AEROPORTOS",BAIXA,padrao
4329105,4329-1/05,"TRATAMENTOS TÉRMICOS, ACÚSTICOS OU DE VIBRAÇÃO",BAIXA,padrao
4329199,4329-1/99,OUTRAS OBRAS DE INSTALAÇÕES EM CONSTRUÇÕES NÃO ESPECIFICADAS ANTERIORMENTE,BAIXA,padrao
4330401,4330-4/01,IMPERMEABILIZAÇÃO EM OBRAS DE ENGENHARIA CIVIL,BAIXA,padrao
4330402,4330-4/02,"INSTALAÇÃO DE PORTAS, JANELAS, TETOS, DIVISÓRIAS E ARMÁRIOS EMBUTIDOS DE QUALQUER MATERIAL",BAIXA,padrao
4330403,4330-4/03,OBRAS DE ACABAMENTO EM GESSO E ESTUQUE,BAIXA,padrao
4330404,4330-4/04,SERVIÇOS DE PINTURA DE EDIFÍCIOS EM GERAL,BAIXA,padrao
4330405,4330-4/05,APLICAÇÃO DE REVESTIMENTOS E DE RESINAS EM INTERIORES E EXTERIORES,BAIXA,padrao
4330499,4330-4/99,OUTRAS OBRAS DE ACABAMENTO DA CONSTRUÇÃO,BAIXA,padrao
4391600,4391-6/00,OBRAS DE FUNDAÇÕES,BAIXA,padrao
4399101,4399-1/01,ADMINISTRAÇÃO DE OBRAS,BAIXA,padrao
4399102,4399-1/02,MONTAGEM E DESMONTAGEM DE ANDAIMES E OUTRAS ESTRUTURAS TEMPORÁRIAS,BAIXA,padrao
4399103,4399-1/03,OBRAS DE ALVENARIA,BAIXA,padrao
4399104,4399-1/04,SERVIÇOS DE OPERAÇÃO E FORNECIMENTO DE EQUIPAMENTOS PARA TRANSPORTE E ELEVAÇÃO DE CARGAS E PESSOAS PARA USO EM OBRAS,BAIXA,padrao
4399105,4399-1/05,PERFURAÇÃO E CONSTRUÇÃO DE POÇOS DE ÁGUA,BAIXA,padrao
4399199,4399-1/99,SERVIÇOS ESPECIALIZADOS PARA CONSTRUÇÃO NÃO ESPECIFICADOS ANTERIORMENTE,BAIXA,padrao
4511101,4511-1/01,"COMÉRCIO A VAREJO DE AUTOMÓVEIS, CAMIONETAS E UTILITÁRIOS NOVOS",BAIXA,padrao
4511102,4511-1/02,"COMÉRCIO A VAREJO DE AUTOMÓVEIS, CAMIONETAS E UTILITÁRIOS USADOS",BAIXA,padrao
4511103,4511-1/03,"COMÉRCIO POR ATACADO DE AUTOMÓVEIS, CAMIONETAS E UTILITÁRIOS NOVOS E USADOS",BAIXA,padrao
4511104,4511-1/04,COMÉRCIO POR ATACADO DE CAMINHÕES NOVOS E USADOS,BAIXA,padrao
4511105,4511-1/05,COMÉRCIO POR ATACADO DE REBOQUES E SEMI REBOQUES NOVOS E USADOS,BAIXA,padrao
4511106,4511-1/06,COMÉRCIO POR ATACADO DE ÔNIBUS E MICROÔNIBUS NOVOS E USADOS,BAIXA,padrao
4512901,4512-9/01,REPRESENTANTES COMERCIAIS E AGENTES DO COMÉRCIO DE VEÍCULOS AUTOMOTORES,BAIXA,padrao
4512902,4512-9/02,COMÉRCIO SOB CONSIGNAÇÃO DE VEÍCULOS AUTOMOTORES,BAIXA,padrao
4520001,4520-0/01,SERVIÇOS DE MANUTENÇÃO E REPARAÇÃO MECÂNICA DE VEÍCULOS AUTOMOTORES,BAIXA,padrao
4520002,4520-0/02,SERVIÇOS DE LANTERNAGEM OU FUNILARIA E PINTURA DE VEÍCULOS AUTOMOTORES,BAIXA,padrao
4520003,4520-0/03,SERVIÇOS DE MANUTENÇÃO E REPARAÇÃO ELÉTRICA DE VEÍCULOS AUTOMOTORES,BAIXA,padrao
4520004,4520-0/04,SERVIÇOS DE ALINHAMENTO E BALANCEAMENTO DE VEÍCULOS AUTOMOTORES,BAIXA,padrao
4520005,4520-0/05,"SERVIÇOS DE LAVAGEM, LUBRIFICAÇÃO E POLIMENTO DE VEÍCULOS AUTOMOTORES",BAIXA,padrao
4520006,4520-0/06,SERVIÇOS DE BORRACHARIA PARA VEÍCULOS AUTOMOTORES,BAIXA,padrao
4520007,4520-0/07,"SERVIÇOS DE INSTALAÇÃO, MANUTENÇÃO E REPARAÇÃO DE ACESSÓRIOS PARA VEÍCULOS AUTOMOTORES",BAIXA,padrao
4520008,4520-0/08,SERVIÇOS DE CAPOTARIA,BAIXA,padrao
4530701,4530-7/01,COMÉRCIO POR ATACADO DE PEÇAS E ACESSÓRIOS NOVOS PARA VEÍCULOS AUTOMOTORES,BAIXA,padrao
4530702,4530-7/02,COMÉRCIO POR ATACADO DE PNEUMÁTICOS E CÂMARAS DE AR,BAIXA,padrao
4530703,4530-7/03,COMÉRCIO A VAREJO DE PEÇAS E ACESSÓRIOS NOVOS PARA VEÍCULOS AUTOMOTORES,BAIXA,padrao
4530704,4530-7/04,COMÉRCIO A VAREJO DE PEÇAS E ACESSÓRIOS USADOS PARA VEÍCULOS AUTOMOTORES,BAIXA,padrao
4530705,4530-7/05,COMÉRCIO A VAREJO DE PNEUMÁTICOS E CÂMARAS DE AR,BAIXA,padrao
4530706,4530-7/06,REPRESENTANTES COMERCIAIS E AGENTES DO COMÉRCIO DE PEÇAS E ACESSÓRIOS NOVOS E USADOS PARA VEÍCULOS AUTOMOTORES,BAIXA,padrao
4541201,4541-2/01,COMÉRCIO POR ATACADO DE MOTOCICLETAS E MOTONETAS,BAIXA,padrao
4541202,4541-2/02,COMÉRCIO POR ATACADO DE PEÇAS E ACESSÓRIOS PARA MOTOCICLETAS E MOTONETAS,BAIXA,padrao
4541203,4541-2/03,COMÉRCIO A VAREJO DE MOTOCICLETAS E MOTONETAS NOVAS,BAIXA,padrao
4541204,4541-2/04,COMÉRCIO A VAREJO DE MOTOCICLETAS E MOTONETAS USADAS,BAIXA,padrao
4541206,4541-2/06,COMÉRCIO A VAREJO DE PEÇAS E ACESSÓRIOS NOVOS PARA MOTOCICLETAS E MOTONETAS,BAIXA,padrao
4541207,4541-2/07,COMÉRCIO A VAREJO DE PEÇAS E ACESSÓRIOS USADOS PARA MOTOCICLETAS E MOTONETAS,BAIXA,padrao
4542101,4542-1/01,"REPRESENTANTES COMERCIAIS E AGENTES DO COMÉRCIO DE MOTOCICLETAS E MOTONETAS, PEÇAS E ACESSÓRIOS",BAIXA,padrao
4542102,4542-1/02,COMÉRCIO SOB CONSIGNAÇÃO DE MOTOCICLETAS E MOTONETAS,BAIXA,padrao
4543900,4543-9/00,MANUTENÇÃO E REPARAÇÃO DE MOTOCICLETAS E MOTONETAS,BAIXA,padrao
4611700,4611-7/00,REPRESENTANTES COMERCIAIS E AGENTES DO COMÉRCIO DE MATÉRIAS PRIMAS AGRÍCOLAS E ANIMAIS VIVOS,BAIXA,padrao
4612500,4612-5/00,"REPRESENTANTES COMERCIAIS E AGENTES DO COMÉRCIO DE COMBUSTÍVEIS, MINERAIS, PRODUTOS SIDERÚRGICOS E QUÍMICOS",BAIXA,padrao
4613300,4613-3/00,"REPRESENTANTES COMERCIAIS E AGENTES DO COMÉRCIO DE MADEIRA, MATERIAL DE CONSTRUÇÃO E FERRAGENS",BAIXA,padrao
4614100,4614-1/00,"REPRESENTANTES COMERCIAIS E AGENTES DO COMÉRCIO DE MÁQUINAS, EQUIPAMENTOS, EMBARCAÇÕES E AERONAVES",BAIXA,padrao
4615000,4615-0/00,"REPRESENTANTES COMERCIAIS E AGENTES DO COMÉRCIO DE ELETRODOMÉSTICOS, MÓVEIS E ARTIGOS DE USO DOMÉSTICO",BAIXA,padrao
4616800,4616-8/00,"REPRESENTANTES COMERCIAIS E AGENTES DO COMÉRCIO DE TÊXTEIS, VESTUÁRIO, CALÇADOS E ARTIGOS DE VIAGEM",BAIXA,padrao
4617600,4617-6/00,"REPRESENTANTES COMERCIAIS E AGENTES DO COMÉRCIO DE PRODUTOS ALIMENTÍCIOS, BEBIDAS E FUMO",BAIXA,padrao
4618401,4618-4/01,"REPRESENTANTES COMERCIAIS E AGENTES DO COMÉRCIO DE MEDICAMENTOS, COSMÉTICOS E PRODUTOS DE PERFUMARIA",BAIXA,padrao
4618402,4618-4/02,REPRESENTANTES COMERCIAIS E AGENTES DO COMÉRCIO DE INSTRUMENTOS E MATERIAIS ODONTO MÉDICO HOSPITALARES,BAIXA,padrao
4618403,4618-4/03,"REPRESENTANTES COMERCIAIS E AGENTES DO COMÉRCIO DE JORNAIS, REVISTAS E OUTRAS PUBLICAÇÕES",BAIXA,padrao
4618499,4618-4/99,OUTROS REPRESENTANTES COMERCIAIS E AGENTES DO COMÉRCIO ESPECIALIZADO EM PRODUTOS NÃO ESPECIFICADOS ANTERIORMENTE,BAIXA,padrao
4619200,4619-2/00,REPRESENTANTES COMERCIAIS E AGENTES DO COMÉRCIO DE MERCADORIAS EM GERAL NÃO ESPECIALIZADO,BAIXA,padrao
4621400,4621-4/00,COMÉRCIO ATACADISTA DE CAFÉ EM GRÃO,BAIXA,padrao
4622200,4622-2/00,COMÉRCIO ATACADISTA DE SOJA,BAIXA,padrao
4623101,4623-1/01,COMÉRCIO ATACADISTA DE ANIMAIS VIVOS,BAIXA,padrao
4623102,4623-1/02,"COMÉRCIO ATACADISTA DE COUROS, LÃS, PELES E OUTROS SUBPRODUTOS NÃO COMESTÍVEIS DE ORIGEM ANIMAL",BAIXA,padrao
4623103,4623-1/03,COMÉRCIO ATACADISTA DE ALGODÃO,BAIXA,padrao
4623104,4623-1/04,COMÉRCIO ATACADISTA DE FUMO EM FOLHA NÃO BENEFICIADO,BAIXA,padrao
4623105,4623-1/05,COMÉRCIO ATACADISTA DE CACAU,BAIXA,padrao
4623106,4623-1/06,"COMÉRCIO ATACADISTA DE SEMENTES, FLORES, PLANTAS E GRAMAS",BAIXA,padrao
4623107,4623-1/07,COMÉRCIO ATACADISTA DE SISAL,BAIXA,padrao
4623108,4623-1/08,COMÉRCIO ATACADISTA DE MATÉRIAS PRIMAS AGRÍCOLAS COM ATIVIDADE DE FRACIONAMENTO E ACONDICIONAMENTO ASSOCIADA,BAIXA,padrao
4623109,4623-1/09,COMÉRCIO ATACADISTA DE ALIMENTOS PARA ANIMAIS,BAIXA,padrao
4623199,4623-1/99,COMÉRCIO ATACADISTA DE MATÉRIAS PRIMAS AGRÍCOLAS NÃO ESPECIFICADAS ANTERIORMENTE,BAIXA,padrao
4631100,4631-1/00,COMÉRCIO ATACADISTA DE LEITE E LATICÍNIOS,BAIXA,padrao
4632001,4632-0/01,COMÉRCIO ATACADISTA DE CEREAIS E LEGUMINOSAS BENEFICIADOS,BAIXA,padrao
4632002,4632-0/02,"COMÉRCIO ATACADISTA DE FARINHAS, AMIDOS E FÉCULAS",BAIXA,padrao
4632003,4632-0/03,"COMÉRCIO ATACADISTA DE CEREAIS E LEGUMINOSAS BENEFICIADOS, FARINHAS, AMIDOS E FÉCULAS, COM ATIVIDADE DE FRACIONAMENTO E ACONDICIONAMENTO ASSOCIADA",BAIXA,padrao
4633801,4633-8/01,"COMÉRCIO ATACADISTA DE FRUTAS, VERDURAS, RAÍZES, TUBÉRCULOS, HORTALIÇAS E LEGUMES FRESCOS",BAIXA,padrao
4633802,4633-8/02,COMÉRCIO ATACADISTA DE AVES VIVAS E OVOS,BAIXA,padrao
4633803,4633-8/03,COMÉRCIO ATACADISTA DE COELHOS E OUTROS PEQUENOS ANIMAIS VIVOS PARA ALIMENTAÇÃO,BAIXA,padrao
4634601,4634-6/01,COMÉRCIO ATACADISTA DE CARNES BOVINAS E SUÍNAS E DERIVADOS,BAIXA,padrao
4634602,4634-6/02,COMÉRCIO ATACADISTA DE AVES ABATIDAS E DERIVADOS,BAIXA,padrao
4634603,4634-6/03,COMÉRCIO ATACADISTA DE PESCADOS E FRUTOS DO MAR,BAIXA,padrao
4634699,4634-6/99,COMÉRCIO ATACADISTA DE CARNES E DERIVADOS DE OUTROS ANIMAIS,BAIXA,padrao
4635401,4635-4/01,COMÉRCIO ATACADISTA DE ÁGUA MINERAL,BAIXA,padrao
4635402,4635-4/02,"COMÉRCIO ATACADISTA DE CERVEJA, CHOPE E REFRIGERANTE",BAIXA,padrao
4635403,4635-4/03,COMÉRCIO ATACADISTA DE BEBIDAS COM ATIVIDADE DE FRACIONAMENTO E ACONDICIONAMENTO ASSOCIADA,BAIXA,padrao
4635499,4635-4/99,COMÉRCIO ATACADISTA DE BEBIDAS NÃO ESPECIFICADAS ANTERIORMENTE,BAIXA,padrao
4636201,4636-2/01,COMÉRCIO ATACADISTA DE FUMO BENEFICIADO,BAIXA,padrao
4636202,4636-2/02,"COMÉRCIO ATACADISTA DE CIGARROS, CIGARRILHAS E CHARUTOS",BAIXA,padrao
4637101,4637-1/01,"COMÉRCIO ATACADISTA DE CAFÉ TORRADO, MOÍDO E SOLÚVEL",BAIXA,padrao
4637102,4637-1/02,COMÉRCIO ATACADISTA DE AÇÚCAR,BAIXA,padrao
4637103,4637-1/03,COMÉRCIO ATACADISTA DE ÓLEOS E GORDURAS,BAIXA,padrao
4637104,4637-1/04,"COMÉRCIO ATACADISTA DE PÃES, BOLOS, BISCOITOS E SIMILARES",BAIXA,padrao
4637105,4637-1/05,COMÉRCIO ATACADISTA DE MASSAS ALIMENTÍCIAS,BAIXA,padrao
4637106,4637-1/06,COMÉRCIO ATACADISTA DE SORVETES,BAIXA,padrao
4637107,4637-1/07,"COMÉRCIO ATACADISTA DE CHOCOLATES, CONFEITOS, BALAS, BOMBONS E SEMELHANTES",BAIXA,padrao
4637199,4637-1/99,COMÉRCIO ATACADISTA ESPECIALIZADO EM OUTROS PRODUTOS ALIMENTÍCIOS NÃO ESPECIFICADOS ANTERIORMENTE,BAIXA,padrao
4639701,4639-7/01,COMÉRCIO ATACADISTA DE PRODUTOS ALIMENTÍCIOS EM GERAL,BAIXA,padrao
4639702,4639-7/02,"COMÉRCIO ATACADISTA DE PRODUTOS ALIMENTÍCIOS EM GERAL, COM ATIVIDADE DE FRACIONAMENTO E ACONDICIONAMENTO ASSOCIADA",BAIXA,padrao
4641901,4641-9/01,COMÉRCIO ATACADISTA DE TECIDOS,BAIXA,padrao
4641902,4641-9/02,"COMÉRCIO ATACADISTA DE ARTIGOS DE CAMA, MESA E BANHO",BAIXA,padrao
4641903,4641-9/03,COMÉRCIO ATACADISTA DE ARTIGOS DE ARMARINHO,BAIXA,padrao
4642701,4642-7/01,"COMÉRCIO ATACADISTA DE ARTIGOS DO VESTUÁRIO E ACESSÓRIOS, EXCETO PROFISSIONAIS E DE SEGURANÇA",BAIXA,padrao
4642702,4642-7/02,COMÉRCIO ATACADISTA DE ROUPAS E ACESSÓRIOS PARA USO PROFISSIONAL E DE SEGURANÇA DO TRABALHO,BAIXA,padrao
4643501,4643-5/01,COMÉRCIO ATACADISTA DE CALÇADOS,BAIXA,padrao
4643502,4643-5/02,"COMÉRCIO ATACADISTA DE BOLSAS, MALAS E ARTIGOS DE VIAGEM",BAIXA,padrao
4644301,4644-3/01,COMÉRCIO ATACADISTA DE MEDICAMENTOS E DROGAS DE USO HUMANO,BAIXA,padrao
4644302,4644-3/02,COMÉRCIO ATACADISTA DE MEDICAMENTOS E DROGAS DE USO VETERINÁRIO,BAIXA,padrao
4645101,4645-1/01,"COMÉRCIO ATACADISTA DE INSTRUMENTOS E MATERIAIS PARA USO MÉDICO, CIRÚRGICO, HOSPITALAR E DE LABORATÓRIOS",BAIXA,padrao
4645102,4645-1/02,COMÉRCIO ATACADISTA DE PRÓTESES E ARTIGOS DE ORTOPEDIA,BAIXA,padrao
4645103,4645-1/03,COMÉRCIO ATACADISTA DE PRODUTOS ODONTOLÓGICOS,BAIXA,padrao
4646001,4646-0/01,COMÉRCIO ATACADISTA DE COSMÉTICOS E PRODUTOS DE PERFUMARIA,BAIXA,padrao
4646002,4646-0/02,COMÉRCIO ATACADISTA DE PRODUTOS DE HIGIENE PESSOAL,BAIXA,padrao
4647801,4647-8/01,COMÉRCIO ATACADISTA DE ARTIGOS DE ESCRITÓRIO E DE PAPELARIA,BAIXA,padrao
4647802,4647-8/02,"COMÉRCIO ATACADISTA DE LIVROS, JORNAIS E OUTRAS PUBLICAÇÕES",BAIXA,padrao
4649401,4649-4/01,COMÉRCIO ATACADISTA DE EQUIPAMENTOS ELÉTRICOS DE USO PESSOAL E DOMÉSTICO,BAIXA,padrao
4649402,4649-4/02,COMÉRCIO ATACADISTA DE APARELHOS ELETRÔNICOS DE USO PESSOAL E DOMÉSTICO,BAIXA,padrao
4649403,4649-4/03,"COMÉRCIO ATACADISTA DE BICICLETAS, TRICICLOS E OUTROS VEÍCULOS RECREATIVOS",BAIXA,padrao
4649404,4649-4/04,COMÉRCIO ATACADISTA DE MÓVEIS E ARTIGOS DE COLCHOARIA,BAIXA,padrao
4649405,4649-4/05,COMÉRCIO ATACADISTA DE ARTIGOS DE TAPEÇARIA; PERSIANAS E CORTINAS,BAIXA,padrao
4649406,4649-4/06,"COMÉRCIO ATACADISTA DE LUSTRES, LUMINÁRIAS E ABAJURES",BAIXA,padrao
4649407,4649-4/07,"COMÉRCIO ATACADISTA DE FILMES, CDS, DVDS, FITAS E DISCOS",BAIXA,padrao
4649408,4649-4/08,"COMÉRCIO ATACADISTA DE PRODUTOS DE HIGIENE, LIMPEZA E CONSERVAÇÃO DOMICILIAR",BAIXA,padrao
4649409,4649-4/09,"COMÉRCIO ATACADISTA DE PRODUTOS DE HIGIENE, LIMPEZA E CONSERVAÇÃO DOMICILIAR, COM ATIVIDADE DE FRACIONAMENTO E ACONDICIONAMENTO ASSOCIADA",BAIXA,padrao
4649410,4649-4/10,"COMÉRCIO ATACADISTA DE JÓIAS, RELÓGIOS E BIJUTERIAS, INCLUSIVE PEDRAS PRECIOSAS E SEMIPRECIOSAS LAPIDADAS",BAIXA,padrao
4649499,4649-4/99,COMÉRCIO ATACADISTA DE OUTROS EQUIPAMENTOS E ARTIGOS DE USO PESSOAL E DOMÉSTICO NÃO ESPECIFICADOS ANTERIORMENTE,BAIXA,padrao
4651601,4651-6/01,COMÉRCIO ATACADISTA DE EQUIPAMENTOS DE INFORMÁTICA,BAIXA,padrao
4651602,4651-6/02,COMÉRCIO ATACADISTA DE SUPRIMENTOS PARA INFORMÁTICA,BAIXA,padrao
4652400,4652-4/00,COMÉRCIO ATACADISTA DE COMPONENTES ELETRÔNICOS E EQUIPAMENTOS DE TELEFONIA E COMUNICAÇÃO,BAIXA,padrao
4661300,4661-3/00,"COMÉRCIO ATACADISTA DE MÁQUINAS, APARELHOS E EQUIPAMENTOS PARA USO AGROPECUÁRIO; PARTES E PEÇAS",BAIXA,padrao
4662100,4662-1/00,"COMÉRCIO ATACADISTA DE MÁQUINAS, EQUIPAMENTOS PARA TERRAPLENAGEM, MINERAÇÃO E CONSTRUÇÃO; PARTES E PEÇAS",BAIXA,padrao
4663000,4663-0/00,COMÉRCIO ATACADISTA DE MÁQUINAS E EQUIPAMENTOS PARA USO INDUSTRIAL; PARTES E PEÇAS,BAIXA,padrao
4664800,4664-8/00,"COMÉRCIO ATACADISTA DE MÁQUINAS, APARELHOS E EQUIPAMENTOS PARA USO ODONTO MÉDICO HOSPITALAR; PARTES E PEÇAS",BAIXA,padrao
4665600,4665-6/00,COMÉRCIO ATACADISTA DE MÁQUINAS E EQUIPAMENTOS PARA USO COMERCIAL; PARTES E PEÇAS,BAIXA,padrao
4669901,4669-9/01,COMÉRCIO ATACADISTA DE BOMBAS E COMPRESSORES; PARTES E PEÇAS,BAIXA,padrao
4669999,4669-9/99,COMÉRCIO ATACADISTA DE OUTRAS MÁQUINAS E EQUIPAMENTOS NÃO ESPECIFICADOS ANTERIORMENTE; PARTES E PEÇAS,BAIXA,padrao
4671100,4671-1/00,COMÉRCIO ATACADISTA DE MADEIRA E PRODUTOS DERIVADOS,BAIXA,padrao
4672900,4672-9/00,COMÉRCIO ATACADISTA DE FERRAGENS E FERRAMENTAS,BAIXA,padrao
4673700,4673-7/00,COMÉRCIO ATACADISTA DE MATERIAL ELÉTRICO,BAIXA,padrao
4674500,4674-5/00,COMÉRCIO ATACADISTA DE CIMENTO,BAIXA,padrao
4679601,4679-6/01,"COMÉRCIO ATACADISTA DE TINTAS, VERNIZES E SIMILARES",BAIXA,padrao
4679602,4679-6/02,COMÉRCIO ATACADISTA DE MÁRMORES E GRANITOS,BAIXA,padrao
4679603,4679-6/03,"COMÉRCIO ATACADISTA DE VIDROS, ESPELHOS E VITRAIS",BAIXA,padrao
4679604,4679-6/04,COMÉRCIO ATACADISTA ESPECIALIZADO DE MATERIAIS DE CONSTRUÇÃO NÃO ESPECIFICADOS ANTERIORMENTE,BAIXA,padrao
4679699,4679-6/99,COMÉRCIO ATACADISTA DE MATERIAIS DE CONSTRUÇÃO EM GERAL,BAIXA,padrao
4681801,4681-8/01,"COMÉRCIO ATACADISTA DE ÁLCOOL CARBURANTE, BIODIESEL, GASOLINA E DEMAIS DERIVADOS DE PETRÓLEO, EXCETO LUBRIFICANTES, NÃO REALIZADO POR TRANSPORTADOR RETALHISTA (T.R.R.)",BAIXA,padrao
4681802,4681-8/02,COMÉRCIO ATACADISTA DE COMBUSTÍVEIS REALIZADO POR TRANSPORTADOR RETALHISTA (T.R.R.),BAIXA,padrao
4681803,4681-8/03,"COMÉRCIO ATACADISTA DE COMBUSTÍVEIS DE ORIGEM VEGETAL, EXCETO ÁLCOOL CARBURANTE",BAIXA,padrao
4681804,4681-8/04,COMÉRCIO ATACADISTA DE COMBUSTÍVEIS DE ORIGEM MINERAL EM BRUTO,BAIXA,padrao
4681805,4681-8/05,COMÉRCIO ATACADISTA DE LUBRIFICANTES,BAIXA,padrao
4682600,4682-6/00,COMÉRCIO ATACADISTA DE GÁS LIQÜEFEITO DE PETRÓLEO (GLP),BAIXA,padrao
4683400,4683-4/00,"COMÉRCIO ATACADISTA DE DEFENSIVOS AGRÍCOLAS, ADUBOS, FERTILIZANTES E CORRETIVOS DO SOLO",BAIXA,padrao
4684201,4684-2/01,COMÉRCIO ATACADISTA DE RESINAS E ELASTÔMEROS,BAIXA,padrao
4684202,4684-2/02,COMÉRCIO ATACADISTA DE SOLVENTES,BAIXA,padrao
4684299,4684-2/99,COMÉRCIO ATACADISTA DE OUTROS PRODUTOS QUÍMICOS E PETROQUÍMICOS NÃO ESPECIFICADOS ANTERIORMENTE,BAIXA,padrao
4685100,4685-1/00,"COMÉRCIO ATACADISTA DE PRODUTOS SIDERÚRGICOS E METALÚRGICOS, EXCETO PARA CONSTRUÇÃO",BAIXA,padrao
4686901,4686-9/01,COMÉRCIO ATACADISTA DE PAPEL E PAPELÃO EM BRUTO,BAIXA,padrao
4686902,4686-9/02,COMÉRCIO ATACADISTA DE EMBALAGENS,BAIXA,padrao
4687701,4687-7/01,COMÉRCIO ATACADISTA DE RESÍDUOS DE PAPEL E PAPELÃO,BAIXA,padrao
4687702,4687-7/02,"COMÉRCIO ATACADISTA DE RESÍDUOS E SUCATAS NÃO METÁLICOS, EXCETO DE PAPEL E PAPELÃO",BAIXA,padrao
4687703,4687-7/03,COMÉRCIO ATACADISTA DE RESÍDUOS E SUCATAS METÁLICOS,BAIXA,padrao
4689301,4689-3/01,"COMÉRCIO ATACADISTA DE PRODUTOS DA EXTRAÇÃO MINERAL, EXCETO COMBUSTÍVEIS",BAIXA,padrao
4689302,4689-3/02,COMÉRCIO ATACADISTA DE FIOS E FIBRAS BENEFICIADOS,BAIXA,padrao
4689399,4689-3/99,COMÉRCIO ATACADISTA ESPECIALIZADO EM OUTROS PRODUTOS INTERMEDIÁRIOS NÃO ESPECIFICADOS ANTERIORMENTE,BAIXA,padrao
4691500,4691-5/00,"COMÉRCIO ATACADISTA DE MERCADORIAS EM GERAL, COM PREDOMINÂNCIA DE PRODUTOS ALIMENTÍCIOS",BAIXA,padrao
4692300,4692-3/00,"COMÉRCIO ATACADISTA DE MERCADORIAS EM GERAL, COM PREDOMINÂNCIA DE INSUMOS AGROPECUÁRIOS",BAIXA,padrao
4693100,4693-1/00,"COMÉRCIO ATACADISTA DE MERCADORIAS EM GERAL, SEM PREDOMINÂNCIA DE ALIMENTOS OU DE INSUMOS AGROPECUÁRIOS",BAIXA,padrao
4711301,4711-3/01,"COMÉRCIO VAREJISTA DE MERCADORIAS EM GERAL, COM PREDOMINÂNCIA DE PRODUTOS ALIMENTÍCIOS   HIPERMERCADOS",BAIXA,padrao
4711302,4711-3/02,"COMÉRCIO VAREJISTA DE MERCADORIAS EM GERAL, COM PREDOMINÂNCIA DE PRODUTOS ALIMENTÍCIOS - SUPERMERCADOS",BAIXA,padrao
4712100,4712-1/00,"COMÉRCIO VAREJISTA DE MERCADORIAS EM GERAL, COM PREDOMINÂNCIA DE PRODUTOS ALIMENTÍCIOS - MINIMERCADOS, MERCEARIAS E ARMAZÉNS",BAIXA,padrao
4713002,4713-0/02,"LOJAS DE VARIEDADES, EXCETO LOJAS DE DEPARTAMENTOS OU MAGAZINES",BAIXA,padrao
4713004,4713-0/04,"LOJAS DE DEPARTAMENTOS OU MAGAZINES, EXCETO LOJAS FRANCAS (DUTY FREE)",BAIXA,padrao
4713005,4713-0/05,"LOJAS FRANCAS (DUTY FREE) DE AEROPORTOS, PORTOS E EM FRONTEIRAS TERRESTRES",BAIXA,padrao
4721102,4721-1/02,PADARIA E CONFEITARIA COM PREDOMINÂNCIA DE REVENDA,BAIXA,padrao
4721103,4721-1/03,COMÉRCIO VAREJISTA DE LATICÍNIOS E FRIOS,BAIXA,padrao
4721104,4721-1/04,"COMÉRCIO VAREJISTA DE DOCES, BALAS, BOMBONS E SEMELHANTES",BAIXA,padrao
4722901,4722-9/01,COMÉRCIO VAREJISTA DE CARNES - AÇOUGUES,BAIXA,padrao
4722902,4722-9/02,PEIXARIA,BAIXA,padrao
4723700,4723-7/00,COMÉRCIO VAREJISTA DE BEBIDAS,BAIXA,padrao
4724500,4724-5/00,COMÉRCIO VAREJISTA DE HORTIFRUTIGRANJEIROS,BAIXA,padrao
4729601,4729-6/01,TABACARIA,BAIXA,padrao
4729602,4729-6/02,COMÉRCIO VAREJISTA DE MERCADORIAS EM LOJAS DE CONVENIÊNCIA,BAIXA,padrao
4729699,4729-6/99,COMÉRCIO VAREJISTA DE PRODUTOS ALIMENTÍCIOS EM GERAL OU ESPECIALIZADO EM PRODUTOS ALIMENTÍCIOS NÃO ESPECIFICADOS ANTERIORMENTE,BAIXA,padrao
4731800,4731-8/00,COMÉRCIO VAREJISTA DE COMBUSTÍVEIS PARA VEÍCULOS AUTOMOTORES,BAIXA,padrao
4732600,4732-6/00,COMÉRCIO VAREJISTA DE LUBRIFICANTES,BAIXA,padrao
4741500,4741-5/00,COMÉRCIO VAREJISTA DE TINTAS E MATERIAIS PARA PINTURA,BAIXA,padrao
4742300,4742-3/00,COMÉRCIO VAREJISTA DE MATERIAL ELÉTRICO,BAIXA,padrao
4743100,4743-1/00,COMÉRCIO VAREJISTA DE VIDROS,BAIXA,padrao
4744001,4744-0/01,COMÉRCIO VAREJISTA DE FERRAGENS E FERRAMENTAS,BAIXA,padrao
4744002,4744-0/02,COMÉRCIO VAREJISTA DE MADEIRA E ARTEFATOS,BAIXA,padrao
4744003,4744-0/03,COMÉRCIO VAREJISTA DE MATERIAIS HIDRÁULICOS,BAIXA,padrao
4744004,4744-0/04,"COMÉRCIO VAREJISTA DE CAL, AREIA, PEDRA BRITADA, TIJOLOS E TELHAS",BAIXA,padrao
4744005,4744-0/05,COMÉRCIO VAREJISTA DE MATERIAIS DE CONSTRUÇÃO NÃO ESPECIFICADOS ANTERIORMENTE,BAIXA,padrao
4744006,4744-0/06,COMÉRCIO VAREJISTA DE PEDRAS PARA REVESTIMENTO,BAIXA,padrao
4744099,4744-0/99,COMÉRCIO VAREJISTA DE MATERIAIS DE CONSTRUÇÃO EM GERAL,BAIXA,padrao
4751201,4751-2/01,COMÉRCIO VAREJISTA ESPECIALIZADO DE EQUIPAMENTOS E SUPRIMENTOS DE INFORMÁTICA,BAIXA,padrao
4751202,4751-2/02,RECARGA DE CARTUCHOS PARA EQUIPAMENTOS DE INFORMÁTICA,BAIXA,padrao
4752100,4752-1/00,COMÉRCIO VAREJISTA ESPECIALIZADO DE EQUIPAMENTOS DE TELEFONIA E COMUNICAÇÃO,BAIXA,padrao
4753900,4753-9/00,COMÉRCIO VAREJISTA ESPECIALIZADO DE ELETRODOMÉSTICOS E EQUIPAMENTOS DE ÁUDIO E VÍDEO,BAIXA,padrao
4754701,4754-7/01,COMÉRCIO VAREJISTA DE MÓVEIS,BAIXA,padrao
4754702,4754-7/02,COMÉRCIO VAREJISTA DE ARTIGOS DE COLCHOARIA,BAIXA,padrao
4754703,4754-7/03,COMÉRCIO VAREJISTA DE ARTIGOS DE ILUMINAÇÃO,BAIXA,padrao
4755501,4755-5/01,COMÉRCIO VAREJISTA DE TECIDOS,BAIXA,padrao
4755502,4755-5/02,COMERCIO VAREJISTA DE ARTIGOS DE ARMARINHO,BAIXA,padrao
4755503,4755-5/03,"COMERCIO VAREJISTA DE ARTIGOS DE CAMA, MESA E BANHO",BAIXA,padrao
4756300,4756-3/00,COMÉRCIO VAREJISTA ESPECIALIZADO DE INSTRUMENTOS MUSICAIS E ACESSÓRIOS,BAIXA,padrao
4757100,4757-1/00,"COMÉRCIO VAREJISTA ESPECIALIZADO DE PEÇAS E ACESSÓRIOS PARA APARELHOS ELETROELETRÔNICOS PARA USO DOMÉSTICO, EXCETO INFORMÁTICA E COMUNICAÇÃO",BAIXA,padrao
4759801,4759-8/01,"COMÉRCIO VAREJISTA DE ARTIGOS DE TAPEÇARIA, CORTINAS E PERSIANAS",BAIXA,padrao
4759899,4759-8/99,COMÉRCIO VAREJISTA DE OUTROS ARTIGOS DE USO PESSOAL E DOMÉSTICO NÃO ESPECIFICADOS ANTERIORMENTE,BAIXA,padrao
4761001,4761-0/01,COMÉRCIO VAREJISTA DE LIVROS,BAIXA,padrao
4761002,4761-0/02,COMÉRCIO VAREJISTA DE JORNAIS E REVISTAS,BAIXA,padrao
4761003,4761-0/03,COMÉRCIO VAREJISTA DE ARTIGOS DE PAPELARIA,BAIXA,padrao
4762800,4762-8/00,"COMÉRCIO VAREJISTA DE DISCOS, CDS, DVDS E FITAS",BAIXA,padrao
4763601,4763-6/01,COMÉRCIO VAREJISTA DE BRINQUEDOS E ARTIGOS RECREATIVOS,BAIXA,padrao
4763602,4763-6/02,COMÉRCIO VAREJISTA DE ARTIGOS ESPORTIVOS,BAIXA,padrao
4763603,4763-6/03,COMÉRCIO VAREJISTA DE BICICLETAS E TRICICLOS; PEÇAS E ACESSÓRIOS,BAIXA,padrao
4763604,4763-6/04,"COMÉRCIO VAREJISTA DE ARTIGOS DE CAÇA, PESCA E CAMPING",BAIXA,padrao
4763605,4763-6/05,COMÉRCIO VAREJISTA DE EMBARCAÇÕES E OUTROS VEÍCULOS RECREATIVOS; PEÇAS E ACESSÓRIOS,BAIXA,padrao
4771701,4771-7/01,"COMÉRCIO VAREJISTA DE PRODUTOS FARMACÊUTICOS, SEM MANIPULAÇÃO DE FÓRMULAS",BAIXA,padrao
4771702,4771-7/02,"COMÉRCIO VAREJISTA DE PRODUTOS FARMACÊUTICOS, COM MANIPULAÇÃO DE FÓRMULAS",BAIXA,padrao
4771703,4771-7/03,COMÉRCIO VAREJISTA DE PRODUTOS FARMACÊUTICOS HOMEOPÁTICOS,BAIXA,padrao
4771704,4771-7/04,COMÉRCIO VAREJISTA DE MEDICAMENTOS VETERINÁRIOS,BAIXA,padrao
4772500,4772-5/00,"COMÉRCIO VAREJISTA DE COSMÉTICOS, PRODUTOS DE PERFUMARIA E DE HIGIENE PESSOAL",BAIXA,padrao
4773300,4773-3/00,COMÉRCIO VAREJISTA DE ARTIGOS MÉDICOS E ORTOPÉDICOS,BAIXA,padrao
4774100,4774-1/00,COMÉRCIO VAREJISTA DE ARTIGOS DE ÓPTICA,BAIXA,padrao
4781400,4781-4/00,COMÉRCIO VAREJISTA DE ARTIGOS DO VESTUÁRIO E ACESSÓRIOS,BAIXA,padrao
4782201,4782-2/01,COMÉRCIO VAREJISTA DE CALÇADOS,BAIXA,padrao
4782202,4782-2/02,COMÉRCIO VAREJISTA DE ARTIGOS DE VIAGEM,BAIXA,padrao
4783101,4783-1/01,COMÉRCIO VAREJISTA DE ARTIGOS DE JOALHERIA,BAIXA,padrao
4783102,4783-1/02,COMÉRCIO VAREJISTA DE ARTIGOS DE RELOJOARIA,BAIXA,padrao
4784900,4784-9/00,COMÉRCIO VAREJISTA DE GÁS LIQÜEFEITO DE PETRÓLEO (GLP),BAIXA,padrao
4785701,4785-7/01,COMÉRCIO VAREJISTA DE ANTIGÜIDADES,BAIXA,padrao
4785799,4785-7/99,COMÉRCIO VAREJISTA DE OUTROS ARTIGOS USADOS,BAIXA,padrao
4789001,4789-0/01,"COMÉRCIO VAREJISTA DE SUVENIRES, BIJUTERIAS E ARTESANATOS",BAIXA,padrao
4789002,4789-0/02,COMÉRCIO VAREJISTA DE PLANTAS E FLORES NATURAIS,BAIXA,padrao
4789003,4789-0/03,COMÉRCIO VAREJISTA DE OBJETOS DE ARTE,BAIXA,padrao
4789004,4789-0/04,COMÉRCIO VAREJISTA DE ANIMAIS VIVOS E DE ARTIGOS E ALIMENTOS PARA ANIMAIS DE ESTIMAÇÃO,BAIXA,padrao
4789005,4789-0/05,COMÉRCIO VAREJISTA DE PRODUTOS SANEANTES DOMISSANITÁRIOS,BAIXA,padrao
4789006,4789-0/06,COMÉRCIO VAREJISTA DE FOGOS DE ARTIFÍCIO E ARTIGOS PIROTÉCNICOS,BAIXA,padrao
4789007,4789-0/07,COMÉRCIO VAREJISTA DE EQUIPAMENTOS PARA ESCRITÓRIO,BAIXA,padrao
4789008,4789-0/08,COMÉRCIO VAREJISTA DE ARTIGOS FOTOGRÁFICOS E PARA FILMAGEM,BAIXA,padrao
4789009,4789-0/09,COMÉRCIO VAREJISTA DE ARMAS E MUNIÇÕES,BAIXA,padrao
4789099,4789-0/99,COMÉRCIO VAREJISTA DE OUTROS PRODUTOS NÃO ESPECIFICADOS ANTERIORMENTE,BAIXA,padrao
4911600,4911-6/00,TRANSPORTE FERROVIÁRIO DE CARGA,BAIXA,padrao
4912401,4912-4/01,TRANSPORTE FERROVIÁRIO DE PASSAGEIROS INTERMUNICIPAL E INTERESTADUAL,BAIXA,padrao
4912402,4912-4/02,TRANSPORTE FERROVIÁRIO DE PASSAGEIROS MUNICIPAL E EM REGIÃO METROPOLITANA,BAIXA,padrao
4912403,4912-4/03,TRANSPORTE METROVIÁRIO,BAIXA,padrao
4921301,4921-3/01,"TRANSPORTE RODOVIÁRIO COLETIVO DE PASSAGEIROS, COM ITINERÁRIO FIXO, MUNICIPAL",BAIXA,padrao
4921302,4921-3/02,"TRANSPORTE RODOVIÁRIO COLETIVO DE PASSAGEIROS, COM ITINERÁRIO FIXO, INTERMUNICIPAL EM REGIÃO METROPOLITANA",BAIXA,padrao
4922101,4922-1/01,"TRANSPORTE RODOVIÁRIO COLETIVO DE PASSAGEIROS, COM ITINERÁRIO FIXO, INTERMUNICIPAL, EXCETO EM REGIÃO METROPOLITANA",BAIXA,padrao
4922102,4922-1/02,"TRANSPORTE RODOVIÁRIO COLETIVO DE PASSAGEIROS, COM ITINERÁRIO FIXO, INTERESTADUAL",BAIXA,padrao
4922103,4922-1/03,"TRANSPORTE RODOVIÁRIO COLETIVO DE PASSAGEIROS, COM ITINERÁRIO FIXO, INTERNACIONAL",BAIXA,padrao
4923001,4923-0/01,SERVIÇO DE TÁXI,BAIXA,padrao
4923002,4923-0/02,SERVIÇO DE TRANSPORTE DE PASSAGEIROS - LOCAÇÃO DE AUTOMÓVEIS COM MOTORISTA,BAIXA,padrao
4924800,4924-8/00,TRANSPORTE ESCOLAR,BAIXA,padrao
4929901,4929-9/01,"TRANSPORTE RODOVIÁRIO COLETIVO DE PASSAGEIROS, SOB REGIME DE FRETAMENTO, MUNICIPAL",BAIXA,padrao
4929902,4929-9/02,"TRANSPORTE RODOVIÁRIO COLETIVO DE PASSAGEIROS, SOB REGIME DE FRETAMENTO, INTERMUNICIPAL, INTERESTADUAL E INTERNACIONAL",BAIXA,padrao
4929903,4929-9/03,"ORGANIZAÇÃO DE EXCURSÕES EM VEÍCULOS RODOVIÁRIOS PRÓPRIOS, MUNICIPAL",BAIXA,padrao
4929904,4929-9/04,"ORGANIZAÇÃO DE EXCURSÕES EM VEÍCULOS RODOVIÁRIOS PRÓPRIOS, INTERMUNICIPAL, INTERESTADUAL E INTERNACIONAL",BAIXA,padrao
4929999,4929-9/99,OUTROS TRANSPORTES RODOVIÁRIOS DE PASSAGEIROS NÃO ESPECIFICADOS ANTERIORMENTE,BAIXA,padrao
4930201,4930-2/01,"TRANSPORTE RODOVIÁRIO DE CARGA, EXCETO PRODUTOS PERIGOSOS E MUDANÇAS, MUNICIPAL",BAIXA,padrao
4930202,4930-2/02,"TRANSPORTE RODOVIÁRIO DE CARGA, EXCETO PRODUTOS PERIGOSOS E MUDANÇAS, INTERMUNICIPAL, INTERESTADUAL E INTERNACIONAL",BAIXA,padrao
4930203,4930-2/03,TRANSPORTE RODOVIÁRIO DE PRODUTOS PERIGOSOS,BAIXA,padrao
4930204,4930-2/04,TRANSPORTE RODOVIÁRIO DE MUDANÇAS,BAIXA,padrao
4940000,4940-0/00,TRANSPORTE DUTOVIÁRIO,BAIXA,padrao
4950700,4950-7/00,"TRENS TURÍSTICOS, TELEFÉRICOS E SIMILARES",BAIXA,padrao
5011401,5011-4/01,TRANSPORTE MARÍTIMO DE CABOTAGEM - CARGA,BAIXA,padrao
5011402,5011-4/02,TRANSPORTE MARÍTIMO DE CABOTAGEM - PASSAGEIROS,BAIXA,padrao
5012201,5012-2/01,TRANSPORTE MARÍTIMO DE LONGO CURSO - CARGA,BAIXA,padrao
5012202,5012-2/02,TRANSPORTE MARÍTIMO DE LONGO CURSO - PASSAGEIROS,BAIXA,padrao
5021101,5021-1/01,"TRANSPORTE POR NAVEGAÇÃO INTERIOR DE CARGA, MUNICIPAL, EXCETO TRAVESSIA",BAIXA,padrao
5021102,5021-1/02,"TRANSPORTE POR NAVEGAÇÃO INTERIOR DE CARGA, INTERMUNICIPAL, INTERESTADUAL E INTERNACIONAL, EXCETO TRAVESSIA",BAIXA,padrao
5022001,5022-0/01,"TRANSPORTE POR NAVEGAÇÃO INTERIOR DE PASSAGEIROS EM LINHAS REGULARES, MUNICIPAL, EXCETO TRAVESSIA",BAIXA,padrao
5022002,5022-0/02,"TRANSPORTE POR NAVEGAÇÃO INTERIOR DE PASSAGEIROS EM LINHAS REGULARES, INTERMUNICIPAL, INTERESTADUAL E INTERNACIONAL, EXCETO TRAVESSIA",BAIXA,padrao
5030101,5030-1/01,NAVEGAÇÃO DE APOIO MARÍTIMO,BAIXA,padrao
5030102,5030-1/02,NAVEGAÇÃO DE APOIO PORTUÁRIO,BAIXA,padrao
5030103,5030-1/03,SERVIÇO DE REBOCADORES E EMPURRADORES,BAIXA,padrao
5091201,5091-2/01,"TRANSPORTE POR NAVEGAÇÃO DE TRAVESSIA, MUNICIPAL",BAIXA,padrao
5091202,5091-2/02,"TRANSPORTE POR NAVEGAÇÃO DE TRAVESSIA INTERMUNICIPAL, INTERESTADUAL E INTERNACIONAL",BAIXA,padrao
5099801,5099-8/01,TRANSPORTE AQUAVIÁRIO PARA PASSEIOS TURÍSTICOS,BAIXA,padrao
5099899,5099-8/99,OUTROS TRANSPORTES AQUAVIÁRIOS NÃO ESPECIFICADOS ANTERIORMENTE,BAIXA,padrao
5111100,5111-1/00,TRANSPORTE AÉREO DE PASSAGEIROS REGULAR,BAIXA,padrao
5112901,5112-9/01,SERVIÇO DE TÁXI AÉREO E LOCAÇÃO DE AERONAVES COM TRIPULAÇÃO,BAIXA,padrao
5112999,5112-9/99,OUTROS SERVIÇOS DE TRANSPORTE AÉREO DE PASSAGEIROS NÃO REGULAR,BAIXA,padrao
5120000,5120-0/00,TRANSPORTE AÉREO DE CARGA,BAIXA,padrao
5130700,5130-7/00,TRANSPORTE ESPACIAL,BAIXA,padrao
5211701,5211-7/01,ARMAZÉNS GERAIS - EMISSÃO DE WARRANT,BAIXA,padrao
5211702,5211-7/02,GUARDA MÓVEIS,BAIXA,padrao
5211799,5211-7/99,"DEPÓSITOS DE MERCADORIAS PARA TERCEIROS, EXCETO ARMAZÉNS GERAIS E GUARDA MÓVEIS",BAIXA,padrao
5212500,5212-5/00,CARGA E DESCARGA,BAIXA,padrao
5221400,5221-4/00,"CONCESSIONÁRIAS DE RODOVIAS, PONTES, TÚNEIS E SERVIÇOS RELACIONADOS",BAIXA,padrao
5222200,5222-2/00,TERMINAIS RODOVIÁRIOS E FERROVIÁRIOS,BAIXA,padrao
5223100,5223-1/00,ESTACIONAMENTO DE VEÍCULOS,BAIXA,padrao
5229001,5229-0/01,"SERVIÇOS DE APOIO AO TRANSPORTE POR TÁXI, INCLUSIVE CENTRAIS DE CHAMADA",BAIXA,padrao
5229002,5229-0/02,SERVIÇOS DE REBOQUE DE VEÍCULOS,BAIXA,padrao
5229099,5229-0/99,OUTRAS ATIVIDADES AUXILIARES DOS TRANSPORTES TERRESTRES NÃO ESPECIFICADAS ANTERIORMENTE,BAIXA,padrao
5231101,5231-1/01,ADMINISTRAÇÃO DA INFRAESTRUTURA PORTUÁRIA,BAIXA,padrao
5231102,5231-1/02,ATIVIDADES DO OPERADOR PORTUÁRIO,BAIXA,padrao
5231103,5231-1/03,GESTÃO DE TERMINAIS AQUAVIÁRIOS,BAIXA,padrao
5232000,5232-0/00,ATIVIDADES DE AGENCIAMENTO MARÍTIMO,BAIXA,padrao
5239701,5239-7/01,SERVIÇOS DE PRATICAGEM,BAIXA,padrao
5239799,5239-7/99,ATIVIDADES AUXILIARES DOS TRANSPORTES AQUAVIÁRIOS NÃO ESPECIFICADAS ANTERIORMENTE,BAIXA,padrao
5240101,5240-1/01,OPERAÇÃO DOS AEROPORTOS E CAMPOS DE ATERRISSAGEM,BAIXA,padrao
5240199,5240-1/99,"ATIVIDADES AUXILIARES DOS TRANSPORTES AÉREOS, EXCETO OPERAÇÃO DOS AEROPORTOS E CAMPOS DE ATERRISSAGEM",BAIXA,padrao
5250801,5250-8/01,COMISSARIA DE DESPACHOS,BAIXA,padrao
5250802,5250-8/02,ATIVIDADES DE DESPACHANTES ADUANEIROS,BAIXA,padrao
5250803,5250-8/03,"AGENCIAMENTO DE CARGAS, EXCETO PARA O TRANSPORTE MARÍTIMO",BAIXA,padrao
5250804,5250-8/04,ORGANIZAÇÃO LOGÍSTICA DO TRANSPORTE DE CARGA,BAIXA,padrao
5250805,5250-8/05,OPERADOR DE TRANSPORTE MULTIMODAL - OTM,BAIXA,padrao
5310501,5310-5/01,ATIVIDADES DO CORREIO NACIONAL,BAIXA,padrao
5310502,5310-5/02,ATIVIDADES DE FRANQUEADAS DO CORREIO NACIONAL,BAIXA,padrao
5320201,5320-2/01,SERVIÇOS DE MALOTE NÃO REALIZADOS PELO CORREIO NACIONAL,BAIXA,padrao
5320202,5320-2/02,SERVIÇOS DE ENTREGA RÁPIDA,BAIXA,padrao
5510801,5510-8/01,HOTÉIS,BAIXA,padrao
5510802,5510-8/02,APART HOTÉIS,BAIXA,padrao
5510803,5510-8/03,MOTÉIS,BAIXA,padrao
5590601,5590-6/01,"ALBERGUES, EXCETO ASSISTENCIAIS",BAIXA,padrao
5590602,5590-6/02,CAMPINGS,BAIXA,padrao
5590603,5590-6/03,PENSÕES(ALOJAMENTO),BAIXA,padrao
5590699,5590-6/99,OUTROS ALOJAMENTOS NÃO ESPECIFICADOS ANTERIORMENTE,BAIXA,padrao
5611201,5611-2/01,RESTAURANTES E SIMILARES,BAIXA,padrao
5611203,5611-2/03,"LANCHONETES, CASAS DE CHÁ, DE SUCOS E SIMILARES",BAIXA,padrao
5611204,5611-2/04,"BARES E OUTROS ESTABELECIMENTOS ESPECIALIZADOS EM SERVIR BEBIDAS, SEM ENTRETENIMENTO",BAIXA,padrao
5611205,5611-2/05,"BARES E OUTROS ESTABELECIMENTOS ESPECIALIZADOS EM SERVIR BEBIDAS, COM ENTRETENIMENTO ",BAIXA,padrao
5612100,5612-1/00,SERVIÇOS AMBULANTES DE ALIMENTAÇÃO,BAIXA,padrao
5620101,5620-1/01,FORNECIMENTO DE ALIMENTOS PREPARADOS PREPONDERANTEMENTE PARA EMPRESAS,BAIXA,padrao
5620102,5620-1/02,SERVIÇOS DE ALIMENTAÇÃO PARA EVENTOS E RECEPÇÕES - BUFÊ,BAIXA,padrao
5620103,5620-1/03,CANTINAS - SERVIÇOS DE ALIMENTAÇÃO PRIVATIVOS,BAIXA,padrao
5620104,5620-1/04,FORNECIMENTO DE ALIMENTOS PREPARADOS PREPONDERANTEMENTE PARA CONSUMO DOMICILIAR,BAIXA,padrao
5811500,5811-5/00,EDIÇÃO DE LIVROS,BAIXA,padrao
5812301,5812-3/01,EDIÇÃO DE JORNAIS DIÁRIOS,BAIXA,padrao
5812302,5812-3/02,EDIÇÃO DE JORNAIS NÃO DIÁRIOS,BAIXA,padrao
5813100,5813-1/00,EDIÇÃO DE REVISTAS,BAIXA,padrao
5819100,5819-1/00,"EDIÇÃO DE CADASTROS, LISTAS E DE OUTROS PRODUTOS GRÁFICOS",BAIXA,padrao
5821200,5821-2/00,EDIÇÃO INTEGRADA À IMPRESSÃO DE LIVROS,BAIXA,padrao
5822101,5822-1/01,EDIÇÃO INTEGRADA À IMPRESSÃO DE JORNAIS DIÁRIOS,BAIXA,padrao
5822102,5822-1/02,EDIÇÃO INTEGRADA À IMPRESSÃO DE JORNAIS NÃO DIÁRIOS,BAIXA,padrao
5823900,5823-9/00,EDIÇÃO INTEGRADA À IMPRESSÃO DE REVISTAS,BAIXA,padrao
5829800,5829-8/00,"EDIÇÃO INTEGRADA À IMPRESSÃO DE CADASTROS, LISTAS E DE OUTROS PRODUTOS GRÁFICOS",BAIXA,padrao
5911101,5911-1/01,ESTÚDIOS CINEMATOGRÁFICOS,MEDIA,59.11-1 (classe)
5911102,5911-1/02,PRODUÇÃO DE FILMES PARA PUBLICIDADE,BAIXA,5911-1/02 (subclasse)
5911199,5911-1/99,"ATIVIDADES DE PRODUÇÃO CINEMATOGRÁFICA, DE VÍDEOS E DE PROGRAMAS DE TELEVISÃO NÃO ESPECIFICADAS ANTERIORMENTE",MEDIA,59.11-1 (classe)
5912001,5912-0/01,SERVIÇOS DE DUBLAGEM,BAIXA,padrao
5912002,5912-0/02,SERVIÇOS DE MIXAGEM SONORA EM PRODUÇÃO AUDIOVISUAL,BAIXA,padrao
5912099,5912-0/99,"ATIVIDADES DE PÓS PRODUÇÃO CINEMATOGRÁFICA, DE VÍDEOS E DE PROGRAMAS DE TELEVISÃO NÃO ESPECIFICADAS ANTERIORMENTE",BAIXA,padrao
5913800,5913-8/00,"DISTRIBUIÇÃO CINEMATOGRÁFICA, DE VÍDEO E DE PROGRAMAS DE TELEVISÃO",BAIXA,padrao
5914600,5914-6/00,ATIVIDADES DE EXIBIÇÃO CINEMATOGRÁFICA,MEDIA,59.14-6 (classe)
5920100,5920-1/00,ATIVIDADES DE GRAVAÇÃO DE SOM E DE EDIÇÃO DE MÚSICA,BAIXA,padrao
6010100,6010-1/00,ATIVIDADES DE RÁDIO,MEDIA,60.10-1 (classe)
6021700,6021-7/00,ATIVIDADES DE TELEVISÃO ABERTA,BAIXA,padrao
6022501,6022-5/01,PROGRAMADORAS,BAIXA,padrao
6022502,6022-5/02,"ATIVIDADES RELACIONADAS À TELEVISÃO POR ASSINATURA, EXCETO PROGRAMADORAS",BAIXA,padrao
6110801,6110-8/01,SERVIÇOS DE TELEFONIA FIXA COMUTADA - STFC,BAIXA,padrao
6110802,6110-8/02,SERVIÇOS DE REDES DE TRANSPORTES DE TELECOMUNICAÇÕES - SRTT,BAIXA,padrao
6110803,6110-8/03,SERVIÇOS DE COMUNICAÇÃO MULTIMÍDIA - SCM,BAIXA,padrao
6110899,6110-8/99,SERVIÇOS DE TELECOMUNICAÇÕES POR FIO NÃO ESPECIFICADOS ANTERIORMENTE,BAIXA,padrao
6120501,6120-5/01,TELEFONIA MÓVEL CELULAR,BAIXA,padrao
6120502,6120-5/02,SERVIÇO MÓVEL ESPECIALIZADO - SME,BAIXA,padrao
6120599,6120-5/99,SERVIÇOS DE TELECOMUNICAÇÕES SEM FIO NÃO ESPECIFICADOS ANTERIORMENTE,BAIXA,padrao
6130200,6130-2/00,TELECOMUNICAÇÕES POR SATÉLITE,BAIXA,padrao
6141800,6141-8/00,OPERADORAS DE TELEVISÃO POR ASSINATURA POR CABO,BAIXA,padrao
6142600,6142-6/00,OPERADORAS DE TELEVISÃO POR ASSINATURA POR MICROONDAS,BAIXA,padrao
6143400,6143-4/00,OPERADORAS DE TELEVISÃO POR ASSINATURA POR SATÉLITE,BAIXA,padrao
6190601,6190-6/01,PROVEDORES DE ACESSO ÀS REDES DE COMUNICAÇÕES,BAIXA,padrao
6190602,6190-6/02,PROVEDORES DE VOZ SOBRE PROTOCOLO INTERNET - VOIP,BAIXA,padrao
6190699,6190-6/99,OUTRAS ATIVIDADES DE TELECOMUNICAÇÕES NÃO ESPECIFICADAS ANTERIORMENTE,BAIXA,padrao
6201501,6201-5/01,DESENVOLVIMENTO DE PROGRAMAS DE COMPUTADOR SOB ENCOMENDA,BAIXA,padrao
6201502,6201-5/02,WEB DESIGN,BAIXA,padrao
6202300,6202-3/00,DESENVOLVIMENTO E LICENCIAMENTO DE PROGRAMAS DE COMPUTADOR CUSTOMIZÁVEIS,BAIXA,padrao
6203100,6203-1/00,DESENVOLVIMENTO E LICENCIAMENTO DE PROGRAMAS DE COMPUTADOR NÃO CUSTOMIZÁVEIS,BAIXA,padrao
6204000,6204-0/00,CONSULTORIA EM TECNOLOGIA DA INFORMAÇÃO,BAIXA,padrao
6209100,6209-1/00,"SUPORTE TÉCNICO, MANUTENÇÃO E OUTROS SERVIÇOS EM TECNOLOGIA DA INFORMAÇÃO",BAIXA,padrao
6311900,6311-9/00,"TRATAMENTO DE DADOS, PROVEDORES DE SERVIÇOS DE APLICAÇÃO E SERVIÇOS DE HOSPEDAGEM NA INTERNET",BAIXA,padrao
6319400,6319-4/00,"PORTAIS, PROVEDORES DE CONTEÚDO E OUTROS SERVIÇOS DE INFORMAÇÃO NA INTERNET",BAIXA,padrao
6391700,6391-7/00,AGÊNCIAS DE NOTÍCIAS,BAIXA,padrao
6399200,6399-2/00,OUTRAS ATIVIDADES DE PRESTAÇÃO DE SERVIÇOS DE INFORMAÇÃO NÃO ESPECIFICADAS ANTERIORMENTE,BAIXA,padrao
6410700,6410-7/00,BANCO CENTRAL,BAIXA,padrao
6421200,6421-2/00,BANCOS COMERCIAIS,BAIXA,padrao
6422100,6422-1/00,"BANCOS MÚLTIPLOS, COM CARTEIRA COMERCIAL",BAIXA,padrao
6423900,6423-9/00,CAIXAS ECONÔMICAS,BAIXA,padrao
6424701,6424-7/01,BANCOS COOPERATIVOS,BAIXA,padrao
6424702,6424-7/02,COOPERATIVAS CENTRAIS DE CRÉDITO,BAIXA,padrao
6424703,6424-7/03,COOPERATIVAS DE CRÉDITO MÚTUO,BAIXA,padrao
6424704,6424-7/04,COOPERATIVAS DE CRÉDITO RURAL,BAIXA,padrao
6431000,6431-0/00,"BANCOS MÚLTIPLOS, SEM CARTEIRA COMERCIAL",BAIXA,padrao
6432800,6432-8/00,BANCOS DE INVESTIMENTO,BAIXA,padrao
6433600,6433-6/00,BANCOS DE DESENVOLVIMENTO,BAIXA,padrao
6434400,6434-4/00,AGÊNCIAS DE FOMENTO,BAIXA,padrao
6435201,6435-2/01,SOCIEDADES DE CRÉDITO IMOBILIÁRIO,BAIXA,padrao
6435202,6435-2/02,ASSOCIAÇÕES DE POUPANÇA E EMPRÉSTIMO,BAIXA,padrao
6435203,6435-2/03,COMPANHIAS HIPOTECÁRIAS,BAIXA,padrao
6436100,6436-1/00,"SOCIEDADES DE CRÉDITO, FINANCIAMENTO E INVESTIMENTO - FINANCEIRAS",BAIXA,padrao
6437900,6437-9/00,SOCIEDADES DE CRÉDITO AO MICROEMPREENDEDOR,BAIXA,padrao
6438701,6438-7/01,BANCOS DE CÂMBIO,BAIXA,padrao
6438799,6438-7/99,OUTRAS INSTITUIÇÕES DE INTERMEDIAÇÃO NÃO MONETÁRIA,BAIXA,padrao
6440900,6440-9/00,ARRENDAMENTO MERCANTIL,BAIXA,padrao
6450600,6450-6/00,SOCIEDADES DE CAPITALIZAÇÃO,BAIXA,padrao
6461100,6461-1/00,HOLDINGS DE INSTITUIÇÕES FINANCEIRAS,BAIXA,padrao
6462000,6462-0/00,HOLDINGS DE INSTITUIÇÕES NÃO FINANCEIRAS,BAIXA,padrao
6463800,6463-8/00,"OUTRAS SOCIEDADES DE PARTICIPAÇÃO, EXCETO HOLDINGS",BAIXA,padrao
6470101,6470-1/01,"FUNDOS DE INVESTIMENTO, EXCETO PREVIDENCIÁRIOS E IMOBILIÁRIOS",BAIXA,padrao
6470102,6470-1/02,FUNDOS DE INVESTIMENTO PREVIDENCIÁRIOS,BAIXA,padrao
6470103,6470-1/03,FUNDOS DE INVESTIMENTO IMOBILIÁRIOS,BAIXA,padrao
6491300,6491-3/00,SOCIEDADES DE FOMENTO MERCANTIL - FACTORING,BAIXA,padrao
6492100,6492-1/00,SECURITIZAÇÃO DE CRÉDITOS,BAIXA,padrao
6493000,6493-0/00,ADMINISTRAÇÃO DE CONSÓRCIOS PARA AQUISIÇÃO DE BENS E DIREITOS,BAIXA,padrao
6499901,6499-9/01,CLUBES DE INVESTIMENTO,BAIXA,padrao
6499902,6499-9/02,SOCIEDADES DE INVESTIMENTO,BAIXA,padrao
6499903,6499-9/03,FUNDO GARANTIDOR DE CRÉDITO,BAIXA,padrao
6499904,6499-9/04,CAIXAS DE FINANCIAMENTO DE CORPORAÇÕES,BAIXA,padrao
6499905,6499-9/05,CONCESSÃO DE CRÉDITO PELAS OSCIP,ALTA,6499-9/05 (subclasse)
6499999,6499-9/99,OUTRAS ATIVIDADES DE SERVIÇOS FINANCEIROS NÃO ESPECIFICADAS ANTERIORMENTE,BAIXA,padrao
6511101,6511-1/01,SOCIEDADE SEGURADORA DE SEGUROS VIDA,BAIXA,padrao
6511102,6511-1/02,PLANOS DE AUXÍLIO FUNERAL,BAIXA,padrao
6512000,6512-0/00,SOCIEDADE SEGURADORA DE SEGUROS NÃO VIDA,BAIXA,padrao
6520100,6520-1/00,SOCIEDADE SEGURADORA DE SEGUROS SAÚDE,BAIXA,padrao
6530800,6530-8/00,RESSEGUROS,BAIXA,padrao
6541300,6541-3/00,PREVIDÊNCIA COMPLEMENTAR FECHADA,BAIXA,padrao
6542100,6542-1/00,PREVIDÊNCIA COMPLEMENTAR ABERTA,BAIXA,padrao
6550200,6550-2/00,PLANOS DE SAÚDE,BAIXA,padrao
6611801,6611-8/01,BOLSA DE VALORES,BAIXA,padrao
6611802,6611-8/02,BOLSA DE MERCADORIAS,BAIXA,padrao
6611803,6611-8/03,BOLSA DE MERCADORIAS E FUTUROS,BAIXA,padrao
6611804,6611-8/04,ADMINISTRAÇÃO DE MERCADOS DE BALCÃO ORGANIZADOS,BAIXA,padrao
6612601,6612-6/01,CORRETORAS DE TÍTULOS E VALORES MOBILIÁRIOS,BAIXA,padrao
6612602,6612-6/02,DISTRIBUIDORAS DE TÍTULOS E VALORES MOBILIÁRIOS,BAIXA,padrao
6612603,6612-6/03,CORRETORAS DE CÂMBIO,BAIXA,padrao
6612604,6612-6/04,CORRETORAS DE CONTRATOS DE MERCADORIAS,BAIXA,padrao
6612605,6612-6/05,AGENTES DE INVESTIMENTOS EM APLICAÇÕES FINANCEIRAS,BAIXA,padrao
6613400,6613-4/00,ADMINISTRAÇÃO DE CARTÕES DE CRÉDITO,BAIXA,padrao
6619301,6619-3/01,SERVIÇOS DE LIQUIDAÇÃO E CUSTÓDIA,BAIXA,padrao
6619302,6619-3/02,CORRESPONDENTES DE INSTITUIÇÕES FINANCEIRAS,BAIXA,padrao
6619303,6619-3/03,REPRESENTAÇÕES DE BANCOS ESTRANGEIROS,BAIXA,padrao
6619304,6619-3/04,CAIXAS ELETRÔNICOS,BAIXA,padrao
6619305,6619-3/05,OPERADORAS DE CARTÕES DE DÉBITO,BAIXA,padrao
6619399,6619-3/99,OUTRAS ATIVIDADES AUXILIARES DOS SERVIÇOS FINANCEIROS NÃO ESPECIFICADAS ANTERIORMENTE,BAIXA,padrao
6621501,6621-5/01,PERITOS E AVALIADORES DE SEGUROS,BAIXA,padrao
6621502,6621-5/02,AUDITORIA E CONSULTORIA ATUARIAL,BAIXA,padrao
6622300,6622-3/00,"CORRETORES E AGENTES DE SEGUROS, DE PLANOS DE PREVIDÊNCIA COMPLEMENTAR E DE SAÚDE",BAIXA,padrao
6629100,6629-1/00,"ATIVIDADES AUXILIARES DOS SEGUROS, DA PREVIDÊNCIA COMPLEMENTAR E DOS PLANOS DE SAÚDE NÃO ESPECIFICADAS ANTERIORMENTE",BAIXA,padrao
6630400,6630-4/00,ATIVIDADES DE ADMINISTRAÇÃO DE FUNDOS POR CONTRATO OU COMISSÃO,BAIXA,padrao
6810201,6810-2/01,COMPRA E VENDA DE IMÓVEIS PRÓPRIOS,BAIXA,padrao
6810202,6810-2/02,ALUGUEL DE IMÓVEIS PRÓPRIOS,BAIXA,padrao
6810203,6810-2/03,LOTEAMENTO DE IMÓVEIS PRÓPRIOS,BAIXA,padrao
6821801,6821-8/01,CORRETAGEM NA COMPRA E VENDA E AVALIAÇÃO DE IMÓVEIS,BAIXA,padrao
6821802,6821-8/02,CORRETAGEM NO ALUGUEL DE IMÓVEIS,BAIXA,padrao
6822600,6822-6/00,GESTÃO E ADMINISTRAÇÃO DA PROPRIEDADE IMOBILIARIA,BAIXA,padrao
6911701,6911-7/01,SERVIÇOS ADVOCATÍCIOS,BAIXA,padrao
6911702,6911-7/02,ATIVIDADES AUXILIARES DA JUSTIÇA,BAIXA,padrao
6911703,6911-7/03,AGENTE DE PROPRIEDADE INDUSTRIAL,BAIXA,padrao
6912500,6912-5/00,CARTÓRIOS,BAIXA,padrao
6920601,6920-6/01,ATIVIDADES DE CONTABILIDADE,BAIXA,padrao
6920602,6920-6/02,ATIVIDADES DE CONSULTORIA E AUDITORIA CONTÁBIL E TRIBUTÁRIA,BAIXA,padrao
7020400,7020-4/00,"ATIVIDADES DE CONSULTORIA EM GESTÃO EMPRESARIAL, EXCETO CONSULTORIA TÉCNICA ESPECÍFICA",BAIXA,padrao
7111100,7111-1/00,SERVIÇOS DE ARQUITETURA,BAIXA,padrao
7112000,7112-0/00,SERVIÇOS DE ENGENHARIA,BAIXA,padrao
7119701,7119-7/01,"SERVIÇOS DE CARTOGRAFIA, TOPOGRAFIA E GEODÉSIA",BAIXA,padrao
7119702,7119-7/02,ATIVIDADES DE ESTUDOS GEOLÓGICOS,BAIXA,padrao
7119703,7119-7/03,SERVIÇOS DE DESENHO TÉCNICO RELACIONADOS À ARQUITETURA E ENGENHARIA,BAIXA,padrao
7119704,7119-7/04,SERVIÇOS DE PERÍCIA TÉCNICA RELACIONADOS À SEGURANÇA DO TRABALHO,BAIXA,padrao
7119799,7119-7/99,ATIVIDADES TÉCNICAS RELACIONADAS À ENGENHARIA E ARQUITETURA NÃO ESPECIFICADAS ANTERIORMENTE,BAIXA,padrao
7120100,7120-1/00,TESTES E ANÁLISES TÉCNICAS,BAIXA,padrao
7210000,7210-0/00,PESQUISA E DESENVOLVIMENTO EXPERIMENTAL EM CIÊNCIAS FÍSICAS E NATURAIS,MEDIA,72.10-0 (classe)
7220700,7220-7/00,PESQUISA E DESENVOLVIMENTO EXPERIMENTAL EM CIÊNCIAS SOCIAIS E HUMANAS,ALTA,72.20-7 (classe)
7311400,7311-4/00,AGÊNCIAS DE PUBLICIDADE,BAIXA,padrao
7312200,7312-2/00,"AGENCIAMENTO DE ESPAÇOS PARA PUBLICIDADE, EXCETO EM VEÍCULOS DE COMUNICAÇÃO",BAIXA,padrao
7319001,7319-0/01,CRIAÇÃO ESTANDES PARA FEIRAS E EXPOSIÇÕES,BAIXA,padrao
7319002,7319-0/02,PROMOÇÃO DE VENDAS,BAIXA,padrao
7319003,7319-0/03,MARKETING DIRETO,BAIXA,padrao
7319004,7319-0/04,CONSULTORIA EM PUBLICIDADE,BAIXA,padrao
7319099,7319-0/99,OUTRAS ATIVIDADES DE PUBLICIDADE NÃO ESPECIFICADAS ANTERIORMENTE,BAIXA,padrao
7320300,7320-3/00,PESQUISAS DE MERCADO E DE OPINIÃO PÚBLICA,BAIXA,padrao
7410202,7410-2/02,DESIGN DE INTERIORES,BAIXA,padrao
7410203,7410-2/03,DESIGN DE PRODUTO,BAIXA,padrao
7410299,7410-2/99,ATIVIDADES DE DESIGN NÃO ESPECIFICADAS ANTERIORMENTE,BAIXA,padrao
7420001,7420-0/01,"ATIVIDADES DE PRODUÇÃO DE FOTOGRAFIAS, EXCETO AÉREA E SUBMARINA",BAIXA,padrao
7420002,7420-0/02,ATIVIDADES DE PRODUÇÃO DE FOTOGRAFIAS AÉREAS E SUBMARINAS,BAIXA,padrao
7420003,7420-0/03,LABORATÓRIOS FOTOGRÁFICOS,BAIXA,padrao
7420004,7420-0/04,FILMAGEM DE FESTAS E EVENTOS,BAIXA,padrao
7420005,7420-0/05,SERVIÇOS DE MICROFILMAGEM,BAIXA,padrao
7490101,7490-1/01,"SERVIÇOS DE TRADUÇÃO, INTERPRETAÇÃO E SIMILARES",BAIXA,padrao
7490102,7490-1/02,ESCAFANDRIA E MERGULHO,BAIXA,padrao
7490103,7490-1/03,SERVIÇOS DE AGRONOMIA E DE CONSULTORIA ÀS ATIVIDADES AGRÍCOLAS E PECUÁRIAS,MEDIA,7490-1/03 (subclasse)
7490104,7490-1/04,"ATIVIDADES DE INTERMEDIAÇÃO E AGENCIAMENTO DE SERVIÇOS E NEGÓCIOS EM GERAL, EXCETO IMOBILIÁRIOS",BAIXA,padrao
7490105,7490-1/05,"AGENCIAMENTO DE PROFISSIONAIS PARA ATIVIDADES ESPORTIVAS, CULTURAIS E ARTÍSTICAS",BAIXA,padrao
7490199,7490-1/99,"OUTRAS ATIVIDADES PROFISSIONAIS, CIENTÍFICAS E TÉCNICAS NÃO ESPECIFICADAS ANTERIORMENTE",BAIXA,padrao
7500100,7500-1/00,ATIVIDADES VETERINÁRIAS,MEDIA,75.00-1 (classe)
7711000,7711-0/00,LOCAÇÃO DE AUTOMÓVEIS SEM CONDUTOR,BAIXA,padrao
7719501,7719-5/01,"LOCAÇÃO DE EMBARCAÇÕES SEM TRIPULAÇÃO, EXCETO PARA FINS RECREATIVOS",BAIXA,padrao
7719502,7719-5/02,LOCAÇÃO DE AERONAVES SEM TRIPULAÇÃO,BAIXA,padrao
7719599,7719-5/99,"LOCAÇÃO DE OUTROS MEIOS DE TRANSPORTE NÃO ESPECIFICADOS ANTERIORMENTE, SEM CONDUTOR",BAIXA,padrao
7721700,7721-7/00,ALUGUEL DE EQUIPAMENTOS RECREATIVOS E ESPORTIVOS,BAIXA,padrao
7722500,7722-5/00,"ALUGUEL DE FITAS DE VÍDEO, DVDS E SIMILARES",BAIXA,padrao
7723300,7723-3/00,"ALUGUEL DE OBJETOS DO VESTUÁRIO, JÓIAS E ACESSÓRIOS",BAIXA,padrao
7729201,7729-2/01,ALUGUEL DE APARELHOS DE JOGOS ELETRÔNICOS,BAIXA,padrao
7729202,7729-2/02,"ALUGUEL DE MÓVEIS, UTENSÍLIOS E APARELHOS DE USO DOMÉSTICO E PESSOAL; INSTRUMENTOS MUSICAIS",BAIXA,padrao
7729203,7729-2/03,ALUGUEL DE MATERIAL MÉDICO,BAIXA,padrao
7729299,7729-2/99,ALUGUEL DE OUTROS OBJETOS PESSOAIS E DOMÉSTICOS NÃO ESPECIFICADOS ANTERIORMENTE,BAIXA,padrao
7731400,7731-4/00,ALUGUEL DE MÁQUINAS E EQUIPAMENTOS AGRÍCOLAS SEM OPERADOR,BAIXA,padrao
7732201,7732-2/01,"ALUGUEL DE MÁQUINAS E EQUIPAMENTOS PARA CONSTRUÇÃO SEM OPERADOR, EXCETO ANDAIMES",BAIXA,padrao
7732202,7732-2/02,ALUGUEL DE ANDAIMES,BAIXA,padrao
7733100,7733-1/00,ALUGUEL DE MÁQUINAS E EQUIPAMENTOS PARA ESCRITÓRIOS,BAIXA,padrao
7739001,7739-0/01,"ALUGUEL DE MÁQUINAS E EQUIPAMENTOS PARA EXTRAÇÃO DE MINÉRIOS E PETRÓLEO, SEM OPERADOR",BAIXA,padrao
7739002,7739-0/02,"ALUGUEL DE EQUIPAMENTOS CIENTÍFICOS, MÉDICOS E HOSPITALARES, SEM OPERADOR",BAIXA,padrao
7739003,7739-0/03,"ALUGUEL DE PALCOS, COBERTURAS E OUTRAS ESTRUTURAS DE USO TEMPORÁRIO, EXCETO ANDAIMES",BAIXA,padrao
7739099,7739-0/99,"ALUGUEL DE OUTRAS MÁQUINAS E EQUIPAMENTOS COMERCIAIS E INDUSTRIAIS NÃO ESPECIFICADOS ANTERIORMENTE, SEM OPERADOR",BAIXA,padrao
7740300,7740-3/00,GESTÃO DE ATIVOS INTANGÍVEIS NÃO FINANCEIROS,BAIXA,padrao
7810800,7810-8/00,SELEÇÃO E AGENCIAMENTO DE MÃO DE OBRA,BAIXA,padrao
7820500,7820-5/00,LOCAÇÃO DE MÃO DE OBRA TEMPORÁRIA,BAIXA,padrao
7830200,7830-2/00,FORNECIMENTO E GESTÃO DE RECURSOS HUMANOS PARA TERCEIROS,BAIXA,padrao
7911200,7911-2/00,AGÊNCIAS DE VIAGENS,BAIXA,padrao
7912100,7912-1/00,OPERADORES TURÍSTICOS,BAIXA,padrao
7990200,7990-2/00,SERVIÇOS DE RESERVAS E OUTROS SERVIÇOS DE TURISMO NÃO ESPECIFICADOS ANTERIORMENTE,BAIXA,padrao
8011101,8011-1/01,ATIVIDADES DE VIGILÂNCIA E SEGURANÇA PRIVADA,BAIXA,padrao
8011102,8011-1/02,SERVIÇOS DE ADESTRAMENTO DE CÃES DE GUARDA,BAIXA,padrao
8012900,8012-9/00,ATIVIDADES DE TRANSPORTE DE VALORES,BAIXA,padrao
8020001,8020-0/01,ATIVIDADES DE MONITORAMENTO DE SISTEMAS DE SEGURANÇA ELETRÔNICO,BAIXA,padrao
8020002,8020-0/02,OUTRAS ATIVIDADES DE SERVIÇOS DE SEGURANÇA,BAIXA,padrao
8030700,8030-7/00,ATIVIDADES DE INVESTIGAÇÃO PARTICULAR,BAIXA,padrao
8111700,8111-7/00,"SERVIÇOS COMBINADOS PARA APOIO A EDIFÍCIOS, EXCETO CONDOMÍNIOS PREDIAIS",BAIXA,padrao
8112500,8112-5/00,CONDOMÍNIOS PREDIAIS,BAIXA,padrao
8121400,8121-4/00,LIMPEZA EM PRÉDIOS E EM DOMICÍLIOS,BAIXA,padrao
8122200,8122-2/00,IMUNIZAÇÃO E CONTROLE DE PRAGAS URBANAS,BAIXA,padrao
8129000,8129-0/00,ATIVIDADES DE LIMPEZA NÃO ESPECIFICADAS ANTERIORMENTE,BAIXA,padrao
8130300,8130-3/00,ATIVIDADES PAISAGÍSTICAS,BAIXA,padrao
8211300,8211-3/00,SERVIÇOS COMBINADOS DE ESCRITÓRIO E APOIO ADMINISTRATIVO,BAIXA,padrao
8219901,8219-9/01,FOTOCÓPIAS,BAIXA,padrao
8219999,8219-9/99,PREPARAÇÃO DE DOCUMENTOS E SERVIÇOS ESPECIALIZADOS DE APOIO ADMINISTRATIVO NÃO ESPECIFICADOS ANTERIORMENTE,BAIXA,padrao
8220200,8220-2/00,ATIVIDADES DE TELEATENDIMENTO,BAIXA,padrao
8230001,8230-0/01,"SERVIÇOS DE ORGANIZAÇÃO DE FEIRAS, CONGRESSOS, EXPOSIÇÕES E FESTAS",BAIXA,padrao
8230002,8230-0/02,CASAS DE FESTAS E EVENTOS,BAIXA,padrao
8291100,8291-1/00,ATIVIDADES DE COBRANÇAS E INFORMAÇÕES CADASTRAIS,BAIXA,padrao
8292000,8292-0/00,ENVASAMENTO E EMPACOTAMENTO SOB CONTRATO,BAIXA,padrao
8299701,8299-7/01,"MEDIÇÃO DE CONSUMO DE ENERGIA ELÉTRICA, GÁS E ÁGUA",BAIXA,padrao
8299702,8299-7/02,"EMISSÃO DE VALES ALIMENTAÇÃO, VALES TRANSPORTE E SIMILARES",BAIXA,padrao
8299703,8299-7/03,"SERVIÇOS DE GRAVAÇÃO DE CARIMBOS, EXCETO CONFECÇÃO",BAIXA,padrao
8299704,8299-7/04,LEILOEIROS INDEPENDENTES,BAIXA,padrao
8299705,8299-7/05,SERVIÇOS DE LEVANTAMENTO DE FUNDOS SOB CONTRATO,BAIXA,padrao
8299706,8299-7/06,CASAS LOTÉRICAS,BAIXA,padrao
8299707,8299-7/07,SALAS DE ACESSO À INTERNET,BAIXA,padrao
8299799,8299-7/99,OUTRAS ATIVIDADES DE SERVIÇOS PRESTADOS PRINCIPALMENTE ÀS EMPRESAS NÃO ESPECIFICADAS ANTERIORMENTE,BAIXA,padrao
8411600,8411-6/00,ADMINISTRAÇÃO PÚBLICA EM GERAL,BAIXA,84 (divisao)
8412400,8412-4/00,"REGULAÇÃO DAS ATIVIDADES DE SAÚDE, EDUCAÇÃO, SERVIÇOS CULTURAIS E OUTROS SERVIÇOS SOCIAIS",BAIXA,84 (divisao)
8413200,8413-2/00,REGULAÇÃO DAS ATIVIDADES ECONÔMICAS,BAIXA,84 (divisao)
8421300,8421-3/00,RELAÇÕES EXTERIORES,BAIXA,84 (divisao)
8422100,8422-1/00,DEFESA,BAIXA,84 (divisao)
8423000,8423-0/00,JUSTIÇA,BAIXA,84 (divisao)
8424800,8424-8/00,SEGURANÇA E ORDEM PÚBLICA,BAIXA,84 (divisao)
8425600,8425-6/00,DEFESA CIVIL,BAIXA,84 (divisao)
8430200,8430-2/00,SEGURIDADE SOCIAL OBRIGATÓRIA,BAIXA,84 (divisao)
8511200,8511-2/00,EDUCAÇÃO INFANTIL - CRECHE,ALTA,85 (divisao)
8512100,8512-1/00,EDUCAÇÃO INFANTIL - PRÉESCOLA,ALTA,85 (divisao)
8513900,8513-9/00,ENSINO FUNDAMENTAL,ALTA,85 (divisao)
8520100,8520-1/00,ENSINO MÉDIO,ALTA,85 (divisao)
8531700,8531-7/00,EDUCAÇÃO SUPERIOR - GRADUAÇÃO,ALTA,85 (divisao)
8532500,8532-5/00,EDUCAÇÃO SUPERIOR - GRADUAÇÃO E PÓS GRADUAÇÃO,ALTA,85 (divisao)
8533300,8533-3/00,EDUCAÇÃO SUPERIOR - PÓS GRADUAÇÃO E EXTENSÃO,ALTA,85 (divisao)
8541400,8541-4/00,EDUCAÇÃO PROFISSIONAL DE NÍVEL TÉCNICO,ALTA,85 (divisao)
8542200,8542-2/00,EDUCAÇÃO PROFISSIONAL DE NÍVEL TECNOLÓGICO,ALTA,85 (divisao)
8550301,8550-3/01,ADMINISTRAÇÃO DE CAIXAS ESCOLARES,ALTA,85 (divisao)
8550302,8550-3/02,"ATIVIDADES DE APOIO À EDUCAÇÃO, EXCETO CAIXAS ESCOLARES",ALTA,85 (divisao)
8591100,8591-1/00,ENSINO DE ESPORTES,ALTA,85 (divisao)
8592901,8592-9/01,ENSINO DE DANÇA,ALTA,85 (divisao)
8592902,8592-9/02,"ENSINO DE ARTES CÊNICAS, EXCETO DANÇA",ALTA,85 (divisao)
8592903,8592-9/03,ENSINO DE MÚSICA,ALTA,85 (divisao)
8592999,8592-9/99,ENSINO DE ARTE E CULTURA NÃO ESPECIFICADO ANTERIORMENTE,ALTA,85 (divisao)
8593700,8593-7/00,ENSINO DE IDIOMAS,MEDIA,85.93-7 (classe)
8599601,8599-6/01,FORMAÇÃO DE CONDUTORES,BAIXA,8599-6/01 (subclasse)
8599602,8599-6/02,CURSOS DE PILOTAGEM,BAIXA,8599-6/02 (subclasse)
8599603,8599-6/03,TREINAMENTO EM INFORMÁTICA,MEDIA,8599-6/03 (subclasse)
8599604,8599-6/04,TREINAMENTO EM DESENVOLVIMENTO PROFISSIONAL E GERENCIAL,MEDIA,8599-6/04 (subclasse)
8599605,8599-6/05,CURSOS PREPARATÓRIOS PARA CONCURSOS,MEDIA,8599-6/05 (subclasse)
8599699,8599-6/99,OUTRAS ATIVIDADES DE ENSINO NÃO ESPECIFICADAS ANTERIORMENTE,ALTA,85 (divisao)
8610101,8610-1/01,"ATIVIDADES DE ATENDIMENTO HOSPITALAR, EXCETO PRONTO SOCORRO E UNIDADES PARA ATENDIMENTO A URGÊNCIAS",ALTA,86 (divisao)
8610102,8610-1/02,ATIVIDADES DE ATENDIMENTO EM PRONTO SOCORRO E UNIDADES HOSPITALARES PARA ATENDIMENTO A URGÊNCIAS,ALTA,86 (divisao)
8621601,8621-6/01,UTI MÓVEL,ALTA,86 (divisao)
8621602,8621-6/02,"SERVIÇOS MÓVEIS DE ATENDIMENTO A URGÊNCIAS, EXCETO POR UTI MÓVEL",ALTA,86 (divisao)
8622400,8622-4/00,"SERVIÇOS DE REMOÇÃO DE PACIENTES, EXCETO OS SERVIÇOS MÓVEIS DE ATENDIMENTO A URGÊNCIAS",ALTA,86 (divisao)
8630501,8630-5/01,ATIVIDADE MÉDICA AMBULATORIAL COM RECURSOS PARA REALIZAÇÃO DE PROCEDIMENTOS CIRÚRGICOS,ALTA,86 (divisao)
8630502,8630-5/02,ATIVIDADE MÉDICA AMBULATORIAL COM RECURSOS PARA REALIZAÇÃO DE EXAMES COMPLEMENTARES,ALTA,86 (divisao)
8630503,8630-5/03,ATIVIDADE MÉDICA AMBULATORIAL RESTRITA A CONSULTAS,ALTA,86 (divisao)
8630504,8630-5/04,ATIVIDADE ODONTOLÓGICA,ALTA,86 (divisao)
8630506,8630-5/06,SERVIÇOS DE VACINAÇÃO E IMUNIZAÇÃO HUMANA,ALTA,86 (divisao)
8630507,8630-5/07,ATIVIDADES DE REPRODUÇÃO HUMANA ASSISTIDA,ALTA,86 (divisao)
8630599,8630-5/99,ATIVIDADES DE ATENÇÃO AMBULATORIAL NÃO ESPECIFICADAS ANTERIORMENTE,ALTA,86 (divisao)
8640201,8640-2/01,LABORATÓRIOS DE ANATOMIA PATOLÓGICA E CITOLÓGICA,ALTA,86 (divisao)
8640202,8640-2/02,LABORATÓRIOS CLÍNICOS,ALTA,86 (divisao)
8640203,8640-2/03,SERVIÇOS DE DIÁLISE E NEFROLOGIA,ALTA,86 (divisao)
8640204,8640-2/04,SERVIÇOS DE TOMOGRAFIA,ALTA,86 (divisao)
8640205,8640-2/05,"SERVIÇOS DE DIAGNÓSTICO POR IMAGEM COM USO DE RADIAÇÃO IONIZANTE, EXCETO TOMOGRAFIA",ALTA,86 (divisao)
8640206,8640-2/06,SERVIÇOS DE RESSONÂNCIA MAGNÉTICA,ALTA,86 (divisao)
8640207,8640-2/07,"SERVIÇOS DE DIAGNÓSTICO POR IMAGEM SEM USO DE RADIAÇÃO IONIZANTE, EXCETO RESSONÂNCIA MAGNÉTICA",ALTA,86 (divisao)
8640208,8640-2/08,"SERVIÇOS DE DIAGNÓSTICO POR REGISTRO GRÁFICO - ECG, EEG E OUTROS EXAMES ANÁLOGOS",ALTA,86 (divisao)
8640209,8640-2/09,SERVIÇOS DE DIAGNÓSTICO POR MÉTODOS ÓPTICOS - ENDOSCOPIA E OUTROS EXAMES ANÁLOGOS,ALTA,86 (divisao)
8640210,8640-2/10,SERVIÇOS DE QUIMIOTERAPIA,ALTA,86 (divisao)
8640211,8640-2/11,SERVIÇOS DE RADIOTERAPIA,ALTA,86 (divisao)
8640212,8640-2/12,SERVIÇOS DE HEMOTERAPIA,ALTA,86 (divisao)
8640213,8640-2/13,SERVIÇOS DE LITOTRIPCIA,ALTA,86 (divisao)
8640214,8640-2/14,SERVIÇOS DE BANCOS DE CÉLULAS E TECIDOS HUMANOS,ALTA,86 (divisao)
8640299,8640-2/99,ATIVIDADES DE SERVIÇOS DE COMPLEMENTAÇÃO DIAGNÓSTICA E TERAPÊUTICA NÃO ESPECIFICADAS ANTERIORMENTE,ALTA,86 (divisao)
8650001,8650-0/01,ATIVIDADES DE ENFERMAGEM,ALTA,86 (divisao)
8650002,8650-0/02,ATIVIDADES DE PROFISSIONAIS DA NUTRIÇÃO,ALTA,86 (divisao)
8650003,8650-0/03,ATIVIDADES DE PSICOLOGIA E PSICANÁLISE,ALTA,86 (divisao)
8650004,8650-0/04,ATIVIDADES DE FISIOTERAPIA,ALTA,86 (divisao)
8650005,8650-0/05,ATIVIDADES DE TERAPIA OCUPACIONAL,ALTA,86 (divisao)
8650006,8650-0/06,ATIVIDADES DE FONOAUDIOLOGIA,ALTA,86 (divisao)
8650007,8650-0/07,ATIVIDADES DE TERAPIA DE NUTRIÇÃO ENTERAL E PARENTERAL,ALTA,86 (divisao)
8650099,8650-0/99,ATIVIDADES DE PROFISSIONAIS DA ÁREA DE SAÚDE NÃO ESPECIFICADAS ANTERIORMENTE,ALTA,86 (divisao)
8660700,8660-7/00,ATIVIDADES DE APOIO À GESTÃO DE SAÚDE,ALTA,86 (divisao)
8690901,8690-9/01,ATIVIDADES DE PRÁTICAS INTEGRATIVAS E COMPLEMENTARES EM SAÚDE HUMANA,ALTA,86 (divisao)
8690902,8690-9/02,ATIVIDADES DE BANCO DE LEITE HUMANO,ALTA,86 (divisao)
8690903,8690-9/03,ATIVIDADES DE ACUPUNTURA,ALTA,86 (divisao)
8690904,8690-9/04,ATIVIDADES DE PODOLOGIA,ALTA,86 (divisao)
8690999,8690-9/99,OUTRAS ATIVIDADES DE ATENÇÃO À SAÚDE HUMANA NÃO ESPECIFICADAS ANTERIORMENTE,ALTA,86 (divisao)
8711501,8711-5/01,CLÍNICAS E RESIDÊNCIAS GERIÁTRICAS,ALTA,87 (divisao)
8711502,8711-5/02,INSTITUIÇÕES DE LONGA PERMANÊNCIA PARA IDOSOS,ALTA,87 (divisao)
8711503,8711-5/03,"ATIVIDADES DE ASSISTÊNCIA A DEFICIENTES FÍSICOS, IMUNODEPRIMIDOS E CONVALESCENTES",ALTA,87 (divisao)
8711504,8711-5/04,CENTROS DE APOIO A PACIENTES COM CÂNCER E COM AIDS,ALTA,87 (divisao)
8711505,8711-5/05,CONDOMÍNIOS RESIDENCIAIS PARA IDOSOS,MEDIA,8711-5/05 (subclasse)
8712300,8712-3/00,ATIVIDADES DE FORNECIMENTO DE INFRAESTRUTURA DE APOIO E ASSISTÊNCIA A PACIENTE NO DOMICÍLIO,ALTA,87 (divisao)
8720401,8720-4/01,ATIVIDADES DE CENTROS DE ASSISTÊNCIA PSICOSSOCIAL,ALTA,87 (divisao)
8720499,8720-4/99,"ATIVIDADES DE ASSISTÊNCIA PSICOSSOCIAL E À SAÚDE A PORTADORES DE DISTÚRBIOS PSÍQUICOS, DEFICIÊNCIA MENTAL E DEPENDÊNCIA QUÍMICA E GRUPOS SIMILARES NÃO ESPECIFICADAS ANTERIORMENTE",ALTA,87 (divisao)
8730101,8730-1/01,ORFANATOS,ALTA,87 (divisao)
8730102,8730-1/02,ALBERGUES ASSISTENCIAIS,ALTA,87 (divisao)
8730199,8730-1/99,ATIVIDADES DE ASSISTÊNCIA SOCIAL PRESTADAS EM RESIDÊNCIAS COLETIVAS E PARTICULARES NÃO ESPECIFICADAS ANTERIORMENTE,ALTA,87 (divisao)
8800600,8800-6/00,SERVIÇOS DE ASSISTÊNCIA SOCIAL SEM ALOJAMENTO,ALTA,88 (divisao)
9001901,9001-9/01,PRODUÇÃO TEATRAL,ALTA,90 (divisao)
9001902,9001-9/02,PRODUÇÃO MUSICAL,ALTA,90 (divisao)
9001903,9001-9/03,PRODUÇÃO DE ESPETÁCULOS DE DANÇA,ALTA,90 (divisao)
9001904,9001-9/04,"PRODUÇÃO DE ESPETÁCULOS CIRCENSES, DE MARIONETES E SIMILARES",ALTA,90 (divisao)
9001905,9001-9/05,"PRODUÇÃO DE ESPETÁCULOS DE RODEIOS, VAQUEJADAS E SIMILARES",MEDIA,9001-9/05 (subclasse)
9001906,9001-9/06,ATIVIDADES DE SONORIZAÇÃO E DE ILUMINAÇÃO,BAIXA,9001-9/06 (subclasse)
9001999,9001-9/99,"ARTES CÊNICAS, ESPETÁCULOS E ATIVIDADES COMPLEMENTARES NÃO ESPECIFICADAS ANTERIORMENTE",ALTA,90 (divisao)
9002701,9002-7/01,"ATIVIDADES DE ARTISTAS PLÁSTICOS, JORNALISTAS INDEPENDENTES E ESCRITORES",ALTA,90 (divisao)
9002702,9002-7/02,RESTAURAÇÃO DE OBRAS DE ARTE,ALTA,90 (divisao)
9003500,9003-5/00,"GESTÃO DE ESPAÇOS PARA ARTES CÊNICAS, ESPETÁCULOS E OUTRAS ATIVIDADES ARTÍSTICAS",ALTA,90 (divisao)
9101500,9101-5/00,ATIVIDADES DE BIBLIOTECAS E ARQUIVOS,ALTA,91 (divisao)
9102301,9102-3/01,ATIVIDADES DE MUSEUS E DE EXPLORAÇÃO DE LUGARES E PRÉDIOS HISTÓRICOS E ATRAÇÕES SIMILARES,ALTA,91 (divisao)
9102302,9102-3/02,RESTAURAÇÃO E CONSERVAÇÃO DE LUGARES E PRÉDIOS HISTÓRICOS,ALTA,91 (divisao)
9103100,9103-1/00,"ATIVIDADES DE JARDINS BOTÂNICOS, ZOOLÓGICOS, PARQUES NACIONAIS, RESERVAS ECOLÓGICAS E ÁREAS DE PROTEÇÃO AMBIENTAL",ALTA,91 (divisao)
9200301,9200-3/01,CASAS DE BINGO,BAIXA,92 (divisao)
9200302,9200-3/02,EXPLORAÇÃO DE APOSTAS EM CORRIDAS DE CAVALOS,BAIXA,92 (divisao)
9200399,9200-3/99,EXPLORAÇÃO DE JOGOS DE AZAR E APOSTAS NÃO ESPECIFICADOS ANTERIORMENTE,BAIXA,92 (divisao)
9311500,9311-5/00,GESTÃO DE INSTALAÇÕES DE ESPORTES,MEDIA,93.1 (grupo)
9312300,9312-3/00,"CLUBES SOCIAIS, ESPORTIVOS E SIMILARES",MEDIA,93.1 (grupo)
9313100,9313-1/00,ATIVIDADES DE CONDICIONAMENTO FÍSICO,BAIXA,93.13-1 (classe)
9319101,9319-1/01,PRODUÇÃO E PROMOÇÃO DE EVENTOS ESPORTIVOS,MEDIA,93.1 (grupo)
9319199,9319-1/99,OUTRAS ATIVIDADES ESPORTIVAS NÃO ESPECIFICADAS ANTERIORMENTE,MEDIA,93.1 (grupo)
9321200,9321-2/00,PARQUES DE DIVERSÃO E PARQUES TEMÁTICOS,BAIXA,93.2 (grupo)
9329801,9329-8/01,"DISCOTECAS, DANCETERIAS, SALÕES DE DANÇA E SIMILARES",BAIXA,93.2 (grupo)
9329802,9329-8/02,EXPLORAÇÃO DE BOLICHES,BAIXA,93.2 (grupo)
9329803,9329-8/03,"EXPLORAÇÃO DE JOGOS DE SINUCA, BILHAR E SIMILARES",BAIXA,93.2 (grupo)
9329804,9329-8/04,EXPLORAÇÃO DE JOGOS ELETRÔNICOS RECREATIVOS,BAIXA,93.2 (grupo)
9329899,9329-8/99,OUTRAS ATIVIDADES DE RECREAÇÃO E LAZER NÃO ESPECIFICADAS ANTERIORMENTE,BAIXA,93.2 (grupo)
9411100,9411-1/00,ATIVIDADES DE ORGANIZAÇÕES ASSOCIATIVAS PATRONAIS E EMPRESARIAIS,BAIXA,94.1 (grupo)
9412001,9412-0/01,ATIVIDADES DE FISCALIZAÇÃO PROFISSIONAL,BAIXA,94.1 (grupo)
9412099,9412-0/99,OUTRAS ATIVIDADES ASSOCIATIVAS PROFISSIONAIS,BAIXA,94.1 (grupo)
9420100,9420-1/00,ATIVIDADES DE ORGANIZAÇÕES SINDICAIS,BAIXA,94.2 (grupo)
9430800,9430-8/00,ATIVIDADES DE ASSOCIAÇÕES DE DEFESA DE DIREITOS SOCIAIS,ALTA,94.30-8 (classe)
9491000,9491-0/00,ATIVIDADES DE ORGANIZAÇÕES RELIGIOSAS OU FILOSÓFICAS,MEDIA,94.91-0 (classe)
9492800,9492-8/00,ATIVIDADES DE ORGANIZAÇÕES POLÍTICAS,BAIXA,94.92-8 (classe)
9493600,9493-6/00,ATIVIDADES DE ORGANIZAÇÕES ASSOCIATIVAS LIGADAS À CULTURA E À ARTE,ALTA,94.93-6 (classe)
9499500,9499-5/00,ATIVIDADES ASSOCIATIVAS NÃO ESPECIFICADAS ANTERIORMENTE,MEDIA,94.99-5 (classe)
9511800,9511-8/00,REPARAÇÃO E MANUTENÇÃO DE COMPUTADORES E DE EQUIPAMENTOS PERIFÉRICOS,BAIXA,padrao
9512600,9512-6/00,REPARAÇÃO E MANUTENÇÃO DE EQUIPAMENTOS DE COMUNICAÇÃO,BAIXA,padrao
9521500,9521-5/00,REPARAÇÃO E MANUTENÇÃO DE EQUIPAMENTOS ELETROELETRÔNICOS DE USO PESSOAL E DOMÉSTICO,BAIXA,padrao
9529101,9529-1/01,"REPARAÇÃO DE CALÇADOS, DE BOLSAS E ARTIGOS DE VIAGEM",BAIXA,padrao
9529102,9529-1/02,CHAVEIROS,BAIXA,padrao
9529103,9529-1/03,REPARAÇÃO DE RELÓGIOS,BAIXA,padrao
9529104,9529-1/04,"REPARAÇÃO DE BICICLETAS, TRICICLOS E OUTROS VEÍCULOS NÃO MOTORIZADOS",BAIXA,padrao
9529105,9529-1/05,REPARAÇÃO DE ARTIGOS DO MOBILIÁRIO,BAIXA,padrao
9529106,9529-1/06,REPARAÇÃO DE JÓIAS,BAIXA,padrao
9529199,9529-1/99,REPARAÇÃO E MANUTENÇÃO DE OUTROS OBJETOS E EQUIPAMENTOS PESSOAIS E DOMÉSTICOS NÃO ESPECIFICADOS ANTERIORMENTE,BAIXA,padrao
9601701,9601-7/01,LAVANDERIAS,BAIXA,padrao
9601702,9601-7/02,TINTURARIAS,BAIXA,padrao
9601703,9601-7/03,TOALHEIROS,BAIXA,padrao
9602501,9602-5/01,"CABELEIREIROS, MANICURE E PEDICURE",BAIXA,padrao
9602502,9602-5/02,ATIVIDADES DE ESTÉTICA E OUTROS SERVIÇOS DE CUIDADOS COM A BELEZA,BAIXA,padrao
9603301,9603-3/01,GESTÃO E MANUTENÇÃO DE CEMITÉRIOS,BAIXA,padrao
9603302,9603-3/02,SERVIÇOS DE CREMAÇÃO,BAIXA,padrao
9603303,9603-3/03,SERVIÇOS DE SEPULTAMENTO,BAIXA,padrao
9603304,9603-3/04,SERVIÇOS DE FUNERÁRIAS,BAIXA,padrao
9603305,9603-3/05,SERVIÇOS DE SOMATOCONSERVAÇÃO,BAIXA,padrao
9603399,9603-3/99,ATIVIDADES FUNERÁRIAS E SERVIÇOS RELACIONADOS NÃO ESPECIFICADOS ANTERIORMENTE,BAIXA,padrao
9609202,9609-2/02,AGÊNCIAS MATRIMONIAIS,BAIXA,96.09-2 (classe)
9609204,9609-2/04,EXPLORAÇÃO DE MÁQUINAS DE SERVIÇOS PESSOAIS ACIONADAS POR MOEDA,BAIXA,96.09-2 (classe)
9609205,9609-2/05,ATIVIDADES DE SAUNA E BANHOS,BAIXA,96.09-2 (classe)
9609206,9609-2/06,SERVIÇOS DE TATUAGEM E COLOCAÇÃO DE PIERCING,BAIXA,96.09-2 (classe)
9609207,9609-2/07,ALOJAMENTO DE ANIMAIS DOMÉSTICOS,BAIXA,96.09-2 (classe)
9609208,9609-2/08,HIGIENE E EMBELEZAMENTO DE ANIMAIS DOMÉSTICOS,BAIXA,96.09-2 (classe)
9609299,9609-2/99,OUTRAS ATIVIDADES DE SERVIÇOS PESSOAIS NÃO ESPECIFICADAS ANTERIORMENTE,BAIXA,96.09-2 (classe)
9700500,9700-5/00,SERVIÇOS DOMÉSTICOS,BAIXA,padrao
9900800,9900-8/00,ORGANISMOS INTERNACIONAIS E OUTRAS INSTITUIÇÕES EXTRATERRITORIAIS,BAIXA,99 (divisao)
