ref_ato;id_materia;arquivo;data_publicacao;data_ato;identificacao_ato;orgao;area;cnpj;cnpj_dv_ok;entidade;municipio_uf;tipo_ato;deferido;detalhe;validade;edicao;pagina;url_pdf;fonte;trecho
24087543#1;24087543;515_20260701_24087543.xml;2026-07-01;2026-06-26;Portaria SAES/MS Nº 4.323, DE 26 DE junho DE 2026;Ministério da Saúde/Secretaria de Atenção Especializada à Saúde;SAUDE;08004724000115;S;Corpo de Bombeiros Voluntários de Igrejinha;Igrejinha/RS;INDEFERIMENTO;N;concessao;;121;164;http://pesquisa.in.gov.br/imprensa/jsp/visualiza/index.jsp?data=01/07/2026&jornal=515&pagina=164;DOU_XML;Indefere a Concessão do CEBAS do Corpo de Bombeiros Voluntários de Igrejinha, com sede em Igrejinha (RS).
24087546#1;24087546;515_20260701_24087546.xml;2026-07-01;2026-06-26;Portaria SAES/MS Nº 4.199, DE 26 DE junho DE 2026;Ministério da Saúde/Secretaria de Atenção Especializada à Saúde;SAUDE;00910296000188;S;Instituto Nacional de Capacitação Profissional;Belford Roxo/RJ;INDEFERIMENTO;N;concessao;;121;164;http://pesquisa.in.gov.br/imprensa/jsp/visualiza/index.jsp?data=01/07/2026&jornal=515&pagina=164;DOU_XML;Indefere a Concessão do CEBAS do Instituto Nacional de Capacitação Profissional, com sede em Belford Roxo (RJ).
24087547#1;24087547;515_20260701_24087547.xml;2026-07-01;2026-06-24;Portaria SAES/MS Nº 4.307, DE 24 DE junho DE 2026;Ministério da Saúde/Secretaria de Atenção Especializada à Saúde;SAUDE;13166456000178;S;Fundação de Apoio à Universidade Municipal de São Caetano do Sul - FAUSCS;São Caetano do Sul/SP;INDEFERIMENTO;N;concessao;;121;164;http://pesquisa.in.gov.br/imprensa/jsp/visualiza/index.jsp?data=01/07/2026&jornal=515&pagina=164;DOU_XML;Indefere a Concessão do CEBAS da Fundação de Apoio à Universidade Municipal de São Caetano do Sul - FAUSCS, com sede em São Caetano do Sul (SP).
24087589#1;24087589;515_20260701_24087589.xml;2026-07-01;2026-06-18;Portaria SAES/MS Nº 4.279, DE 18 DE junho DE 2026;Ministério da Saúde/Secretaria de Atenção Especializada à Saúde;SAUDE;08337597000176;S;Instituto Brasileiro de Assistência e Acolhimento ao Autista;Cabo Frio/RJ;INDEFERIMENTO;N;concessao;;121;164;http://pesquisa.in.gov.br/imprensa/jsp/visualiza/index.jsp?data=01/07/2026&jornal=515&pagina=164;DOU_XML;Indefere a Concessão do CEBAS do Instituto Brasileiro de Assistência e Acolhimento ao Autista, com sede em Cabo Frio (RJ).
24087591#1;24087591;515_20260701_24087591.xml;2026-07-01;2026-06-18;Portaria SAES/MS Nº 4.275, DE 18 DE junho DE 2026;Ministério da Saúde/Secretaria de Atenção Especializada à Saúde;SAUDE;22564221000125;S;Associação Beneficente João Paulo II;Barreiros/PE;INDEFERIMENTO;N;concessao;;121;164;http://pesquisa.in.gov.br/imprensa/jsp/visualiza/index.jsp?data=01/07/2026&jornal=515&pagina=164;DOU_XML;Indefere a Concessão do CEBAS da Associação Beneficente João Paulo II, com sede em Barreiros (PE).
24087592#1;24087592;515_20260701_24087592.xml;2026-07-01;2026-06-16;Portaria SAES/MS Nº 4.248, DE 16 DE junho DE 2026;Ministério da Saúde/Secretaria de Atenção Especializada à Saúde;SAUDE;75403287000108;S;Irmandade da Santa Casa de Arapongas;Arapongas/PR;INDEFERIMENTO;N;renovacao;;121;164;http://pesquisa.in.gov.br/imprensa/jsp/visualiza/index.jsp?data=01/07/2026&jornal=515&pagina=164;DOU_XML;Indefere a Renovação do CEBAS da Irmandade da Santa Casa de Arapongas, com sede em Arapongas (PR).
24088815#1;24088815;515_20260701_24088815.xml;2026-07-01;2026-06-29;Portaria SAES/MS Nº 4.327, DE 29 DE junho DE 2026;Ministério da Saúde/Secretaria de Atenção Especializada à Saúde;SAUDE;75608547000173;S;Associação Hospitalar Bom Jesus;Ponta Grossa/PR;RENOVACAO;S;judicial;1º de janeiro de 2025 a 31 de dezembro de 2027;121;164;http://pesquisa.in.gov.br/imprensa/jsp/visualiza/index.jsp?data=01/07/2026&jornal=515&pagina=164;DOU_XML;Defere, sub judice, a Renovação do CEBAS da Associação Hospitalar Bom Jesus, com sede em Ponta Grossa (PR).
24089608#1;24089608;515_20260701_24089608.xml;2026-07-01;2026-06-30;Despacho GM/MS Nº 51, DE 30 DE junho DE 2026;Ministério da Saúde/Gabinete do Ministro;SAUDE;22778915000165;S;INSTITUTO AÇÃO BRASIL;BA;INDEFERIMENTO;N;recurso negado;;121;144;http://pesquisa.in.gov.br/imprensa/jsp/visualiza/index.jsp?data=01/07/2026&jornal=515&pagina=144;DOU_XML;"Decisão: À vista do que consta dos autos, adoto como razões de decidir os fundamentos de mérito e de fato apresentados no Parecer Técnico nº 525/2025-CGCER/DCEBAS/SAES/MS; na Nota Técnica nº 104/2026-CGCER/DCEBAS/SAES/MS e na Nota Técnica nº 149/2026-CGCER/DCEBAS/SAES/MS, bem como as razões de direito expostas pela Consultoria Jurídica, nos termos do Parecer Referencial nº 00003/2021/CONJUR-MS/CGU/AGU, ratificado pelo Parecer nº 00683/2022/CONJUR-MS/CGU/AGU, e NEGO PROVIMENTO ao recurso administrativo interposto pela Entidade em epígrafe."
24089628#1;24089628;515_20260701_24089628.xml;2026-07-01;2026-06-30;CONSULTA PÚBLICA Nº 9, DE 30 DE JUNHO DE 2026;Ministério da Saúde/Gabinete do Ministro;SAUDE;06288135000180;S;ICDS - INSTITUTO DE COOPERAÇÃO PARA O DESENVOLVIMENTO DA SAÚDE;SP;OUTRO;;consulta publica do processo;;121;144;http://pesquisa.in.gov.br/imprensa/jsp/visualiza/index.jsp?data=01/07/2026&jornal=515&pagina=144;DOU_XML;CONSULTA PÚBLICA Nº 9, DE 30 DE JUNHO DE 2026 O MINISTRO DE ESTADO DA SAÚDE torna pública, nos termos do artigo 26 da Lei nº 12.101, de 27 de novembro de 2009, do artigo 14, § 4º, do Decreto nº 8.242, de 23 de maio de 2014, e do artigo 203 da Portaria de Consolidação nº 1/GM/MS, de 28 de setembro de 2017, consulta para manifestação da sociedade civil a respeito do recurso administrativo, em trâmite nos autos do Processo nº 25000.027835/2024-13, interposto pelo ICDS - INSTITUTO DE COOPERAÇÃO PARA O DESENVOLVIMENTO DA SAÚDE/SP, CNPJ nº 06.288.135/0001-80, contra a decisão de cancelamento do Certificado de Entidade Beneficente de Assistência Social em Saúde (CEBAS) da ora recorrente, ante o des
24094672#1;24094672;515_20260703_24094672.xml;2026-07-03;2026-07-01;Portaria SAES/MS Nº 4.350, DE 1º DE julho DE 2026;Ministério da Saúde/Secretaria de Atenção Especializada à Saúde;SAUDE;;;;;OUTRO;;sem decisao de certificacao (mencao incidental);;123;189;http://pesquisa.in.gov.br/imprensa/jsp/visualiza/index.jsp?data=03/07/2026&jornal=515&pagina=189;DOU_XML;Art. 1º A Portaria de Consolidação SAES/MS nº 1, de 22 de fevereiro de 2022, passa a vigorar acrescida dos Anexos LXVII, LXVIII e LXIX, na forma disposta a seguir:
24103609#1;24103609;515_20260706_24103609.xml;2026-07-06;2026-07-03;DESPACHO GM/MS Nº 52, DE 3 DE julho DE 2026;Ministério da Saúde/Gabinete do Ministro;SAUDE;62106505000192;S;CRUZ AZUL DE SÃO PAULO;SP;INDEFERIMENTO;N;"renovacao; judicial";;124;136;http://pesquisa.in.gov.br/imprensa/jsp/visualiza/index.jsp?data=06/07/2026&jornal=515&pagina=136;DOU_XML;Decisão: À vista do que consta dos autos e, em cumprimento a decisão proferida pelo Juízo da 9ª Vara Cível Federal de São Paulo, no âmbito do Processo nº 5006661-10.2026.4.03.6100, ajuizado pela CRUZ AZUL DE SÃO PAULO/SP, CNPJ nº. 62.106.505/0001-92, DETERMINO, a suspensão, sub judice, dos efeitos do DESPACHO nº 63, de 12 de março de 2021, publicado no Diário Oficial da União nº 49, de 15 de março de 2021, que negou provimento ao recurso administrativo contra a decisão de indeferimento do pedido de Renovação do Certificado de Entidade Beneficente de Assistência Social em Saúde (CEBAS) no processo nº 23123.000001.2011-24, até ulterior decisão judicial.
24104163#1;24104163;515_20260706_24104163-2.xml;2026-07-06;;;Ministério da Saúde/Secretaria Executiva;SAUDE;;;;;OUTRO;;sem decisao de certificacao (mencao incidental);;124;139;http://pesquisa.in.gov.br/imprensa/jsp/visualiza/index.jsp?data=06/07/2026&jornal=515&pagina=139;DOU_XML;CONSULTORIA JURÍDICA (CONJUR) Meta Global | % de Alcance da Meta Global Prestar assessoria jurídica no âmbito do Ministério da Saúde. | 106,06%
24110129#1;24110129;515_20260708_24110129.xml;2026-07-08;2026-07-03;Portaria SAES/MS Nº 4.363, DE 3 DE julho DE 2026;Ministério da Saúde/Secretaria de Atenção Especializada à Saúde;SAUDE;45775608000126;S;Hospital Santa Terezinha;Brotas/SP;RENOVACAO;S;;1º de janeiro de 2025 a 31 de dezembro de 2027;126;164;http://pesquisa.in.gov.br/imprensa/jsp/visualiza/index.jsp?data=08/07/2026&jornal=515&pagina=164;DOU_XML;Defere a Renovação do CEBAS do Hospital Santa Terezinha, com sede em Brotas (SP).
24110130#1;24110130;515_20260708_24110130.xml;2026-07-08;2026-07-03;Portaria SAES/MS Nº 4.352, DE 3 DE julho DE 2026;Ministério da Saúde/Secretaria de Atenção Especializada à Saúde;SAUDE;12307187000150;S;Santa Casa de Misericórdia de Maceió;Maceió/AL;RENOVACAO;S;;26 de setembro de 2024 a 25 de setembro de 2027;126;163;http://pesquisa.in.gov.br/imprensa/jsp/visualiza/index.jsp?data=08/07/2026&jornal=515&pagina=163;DOU_XML;Defere a Renovação do CEBAS da Santa Casa de Misericórdia de Maceió, com sede em Maceió (AL).
24110131#1;24110131;515_20260708_24110131.xml;2026-07-08;2026-07-03;Portaria SAES/MS Nº 4.351, DE 3 DE julho DE 2026;Ministério da Saúde/Secretaria de Atenção Especializada à Saúde;SAUDE;25459256000192;S;Fundação de Assistência Integral à Saúde - FAIS;Belo Horizonte/MG;RENOVACAO;S;;31 de outubro de 2024 a 30 de outubro de 2027;126;163;http://pesquisa.in.gov.br/imprensa/jsp/visualiza/index.jsp?data=08/07/2026&jornal=515&pagina=163;DOU_XML;Defere a Renovação do CEBAS da Fundação de Assistência Integral à Saúde - FAIS, com sede em Belo Horizonte (MG).
24110132#1;24110132;515_20260708_24110132.xml;2026-07-08;2026-07-06;Portaria SAES/MS Nº 4.367, DE 6 DE julho DE 2026;Ministério da Saúde/Secretaria de Atenção Especializada à Saúde;SAUDE;03123393000119;S;Associação Franciscana de Assistência à Saúde;São Leopoldo/RS;RECONSIDERACAO;S;;;126;164;http://pesquisa.in.gov.br/imprensa/jsp/visualiza/index.jsp?data=08/07/2026&jornal=515&pagina=164;DOU_XML;Reconsidera, parcialmente, a decisão que cancela o CEBAS da Associação Franciscana de Assistência à Saúde, com sede em São Leopoldo (RS).
24110133#1;24110133;515_20260708_24110133.xml;2026-07-08;2026-07-01;Portaria SAES/MS Nº 4.340, DE 1º DE julho DE 2026;Ministério da Saúde/Secretaria de Atenção Especializada à Saúde;SAUDE;08428765000139;S;Liga Norte Riograndense Contra o Câncer;Natal/RN;RENOVACAO;S;;1º de janeiro de 2025 a 31 de dezembro de 2027;126;163;http://pesquisa.in.gov.br/imprensa/jsp/visualiza/index.jsp?data=08/07/2026&jornal=515&pagina=163;DOU_XML;Defere a Renovação do CEBAS da Liga Norte Riograndense Contra o Câncer, com sede em Natal (RN).
24110135#1;24110135;515_20260708_24110135.xml;2026-07-08;2026-07-01;Portaria SAES/MS Nº 4.345, DE 1º DE julho DE 2026;Ministério da Saúde/Secretaria de Atenção Especializada à Saúde;SAUDE;20347027000162;S;Hospital Nossa Senhora da Piedade;Eloi Mendes/MG;RENOVACAO;S;;1º de janeiro de 2025 a 31 de dezembro de 2027;126;163;http://pesquisa.in.gov.br/imprensa/jsp/visualiza/index.jsp?data=08/07/2026&jornal=515&pagina=163;DOU_XML;Defere a Renovação do CEBAS do Hospital Nossa Senhora da Piedade, com sede em Eloi Mendes (MG).
24110136#1;24110136;515_20260708_24110136.xml;2026-07-08;2026-07-01;Portaria SAES/MS Nº 4.337, DE 1º DE julho DE 2026;Ministério da Saúde/Secretaria de Atenção Especializada à Saúde;SAUDE;40980914000180;S;Fundação José Leite de Souza;João Pessoa/PB;RENOVACAO;S;;1º de janeiro de 2025 a 31 de dezembro de 2027;126;163;http://pesquisa.in.gov.br/imprensa/jsp/visualiza/index.jsp?data=08/07/2026&jornal=515&pagina=163;DOU_XML;Defere a Renovação do CEBAS da Fundação José Leite de Souza, com sede em João Pessoa (PB).
24110137#1;24110137;515_20260708_24110137.xml;2026-07-08;2026-07-01;Portaria SAES/MS Nº 4.334, DE 1º DE julho DE 2026;Ministério da Saúde/Secretaria de Atenção Especializada à Saúde;SAUDE;14481766000140;S;Associação Comunitária e Beneficente de Antas;Antas/BA;RENOVACAO;S;;1º de janeiro de 2025 a 31 de dezembro de 2027;126;162;http://pesquisa.in.gov.br/imprensa/jsp/visualiza/index.jsp?data=08/07/2026&jornal=515&pagina=162;DOU_XML;Defere a Renovação do CEBAS da Associação Comunitária e Beneficente de Antas, com sede em Antas (BA).
24110138#1;24110138;515_20260708_24110138.xml;2026-07-08;2026-07-01;Portaria SAES/MS Nº 4.336, DE 1º DE julho DE 2026;Ministério da Saúde/Secretaria de Atenção Especializada à Saúde;SAUDE;05292982000156;S;Fundação Antônio Jorge Dino;São Luís/MA;RENOVACAO;S;;1º de janeiro de 2026 a 31 de dezembro de 2028;126;162;http://pesquisa.in.gov.br/imprensa/jsp/visualiza/index.jsp?data=08/07/2026&jornal=515&pagina=162;DOU_XML;Defere a Renovação do CEBAS da Fundação Antônio Jorge Dino, com sede em São Luís (MA).
24110139#1;24110139;515_20260708_24110139.xml;2026-07-08;2026-07-01;Portaria SAES/MS Nº 4.335, DE 1º DE julho DE 2026;Ministério da Saúde/Secretaria de Atenção Especializada à Saúde;SAUDE;13025507000141;S;Associação Aracajuana de Beneficência;Aracaju/SE;RENOVACAO;S;;1º de janeiro de 2025 a 31 de dezembro de 2027;126;162;http://pesquisa.in.gov.br/imprensa/jsp/visualiza/index.jsp?data=08/07/2026&jornal=515&pagina=162;DOU_XML;Defere a Renovação do CEBAS da Associação Aracajuana de Beneficência, com sede em Aracaju (SE).
24110140#1;24110140;515_20260708_24110140.xml;2026-07-08;2026-07-01;Portaria SAES/MS Nº 4.333, DE 1º DE julho DE 2026;Ministério da Saúde/Secretaria de Atenção Especializada à Saúde;SAUDE;08337586000196;S;Instituto de Proteção e Assistência à Infância do Rio Grande do Norte;Natal/RN;RENOVACAO;S;;1º de janeiro de 2025 a 31 de dezembro de 2027;126;162;http://pesquisa.in.gov.br/imprensa/jsp/visualiza/index.jsp?data=08/07/2026&jornal=515&pagina=162;DOU_XML;Defere a Renovação do CEBAS do Instituto de Proteção e Assistência à Infância do Rio Grande do Norte, com sede em Natal (RN).
24110141#1;24110141;515_20260708_24110141.xml;2026-07-08;2026-07-03;Portaria SAES/MS Nº 4.362, DE 3 DE julho DE 2026;Ministério da Saúde/Secretaria de Atenção Especializada à Saúde;SAUDE;40542765000178;S;Instituto de Gestão Hospitalar e Saúde - IGS;Quixeramobim/CE;INDEFERIMENTO;N;concessao;;126;164;http://pesquisa.in.gov.br/imprensa/jsp/visualiza/index.jsp?data=08/07/2026&jornal=515&pagina=164;DOU_XML;Indefere a Concessão do CEBAS do Instituto de Gestão Hospitalar e Saúde - IGS, com sede em Quixeramobim (CE).
24110142#1;24110142;515_20260708_24110142.xml;2026-07-08;2026-06-30;Portaria SAES/MS Nº 4.330, DE 30 DE junho DE 2026;Ministério da Saúde/Secretaria de Atenção Especializada à Saúde;SAUDE;07287865000120;S;Instituição Espírita Nosso Lar;Fortaleza/CE;RENOVACAO;S;;1º de janeiro de 2025 a 31 de dezembro de 2027;126;162;http://pesquisa.in.gov.br/imprensa/jsp/visualiza/index.jsp?data=08/07/2026&jornal=515&pagina=162;DOU_XML;Defere a Renovação do CEBAS da Instituição Espírita Nosso Lar, com sede em Fortaleza (CE).
24110143#1;24110143;515_20260708_24110143.xml;2026-07-08;2026-06-26;Portaria SAES/MS Nº 4.320, DE 26 DE junho DE 2026;Ministério da Saúde/Secretaria de Atenção Especializada à Saúde;SAUDE;21420666000179;S;Irmandade da Santa Casa de Misericórdia de Camanducaia;Camanducaia/MG;RENOVACAO;S;;1º de janeiro de 2027 a 31 de dezembro de 2029;126;162;http://pesquisa.in.gov.br/imprensa/jsp/visualiza/index.jsp?data=08/07/2026&jornal=515&pagina=162;DOU_XML;Defere a Renovação do CEBAS da Irmandade da Santa Casa de Misericórdia de Camanducaia, com sede em Camanducaia (MG).
24110144#1;24110144;515_20260708_24110144.xml;2026-07-08;2026-06-26;Portaria SAES/MS Nº 4.326, DE 26 DE junho DE 2026;Ministério da Saúde/Secretaria de Atenção Especializada à Saúde;SAUDE;86325545000193;S;Associação Cultural e Beneficente São José;Rio do Campo/SC;INDEFERIMENTO;N;renovacao;;126;162;http://pesquisa.in.gov.br/imprensa/jsp/visualiza/index.jsp?data=08/07/2026&jornal=515&pagina=162;DOU_XML;Indefere a Renovação do CEBAS da Associação Cultural e Beneficente São José, com sede em Rio do Campo (SC).
24110145#1;24110145;515_20260708_24110145.xml;2026-07-08;2026-06-26;Portaria SAES/MS Nº 4.325, DE 26 DE junho DE 2026;Ministério da Saúde/Secretaria de Atenção Especializada à Saúde;SAUDE;48211585000115;S;Sociedade Brasileira Caminho de Damasco;Garça/SP;RENOVACAO;S;;08 de dezembro de 2020 a 07 de dezembro de 2023;126;162;http://pesquisa.in.gov.br/imprensa/jsp/visualiza/index.jsp?data=08/07/2026&jornal=515&pagina=162;DOU_XML;Defere a Renovação do CEBAS da Sociedade Brasileira Caminho de Damasco, com sede em Garça (SP).
24110146#1;24110146;515_20260708_24110146.xml;2026-07-08;2026-06-26;Portaria SAES/MS Nº 4.322, DE 26 DE junho DE 2026;Ministério da Saúde/Secretaria de Atenção Especializada à Saúde;SAUDE;20010246000151;S;Instituto Amapaense de Assistência à Saúde, Educação e Assistência Social;Macapá/AP;RECONSIDERACAO;S;concessao;3 (Três) anos a contar da data de publicação no Diário Oficial da União - DOU;126;162;http://pesquisa.in.gov.br/imprensa/jsp/visualiza/index.jsp?data=08/07/2026&jornal=515&pagina=162;DOU_XML;Defere, em grau de Reconsideração, a Concessão do CEBAS do Instituto Amapaense de Assistência à Saúde, Educação e Assistência Social, com sede em Macapá (AP).
24110147#1;24110147;515_20260708_24110147.xml;2026-07-08;2026-07-03;Portaria SAES/MS Nº 4.361, DE 3 DE julho DE 2026;Ministério da Saúde/Secretaria de Atenção Especializada à Saúde;SAUDE;07095292000132;S;Associação de Proteção à Saúde, à Maternidade e à Infância de Camocim;Camocim/CE;CONCESSAO;S;;3 (Três) anos a contar da data de publicação no Diário Oficial da União - DOU;126;163;http://pesquisa.in.gov.br/imprensa/jsp/visualiza/index.jsp?data=08/07/2026&jornal=515&pagina=163;DOU_XML;Defere a Concessão do CEBAS da Associação de Proteção à Saúde, à Maternidade e à Infância de Camocim, com sede em Camocim (CE).
24110148#1;24110148;515_20260708_24110148.xml;2026-07-08;2026-07-03;Portaria SAES/MS Nº 4.360, DE 3 DE julho DE 2026;Ministério da Saúde/Secretaria de Atenção Especializada à Saúde;SAUDE;05877609000167;S;Hospital Beneficente Santa Helena;Cuiabá/MT;RENOVACAO;S;;1º de janeiro de 2025 a 31 de dezembro de 2027;126;163;http://pesquisa.in.gov.br/imprensa/jsp/visualiza/index.jsp?data=08/07/2026&jornal=515&pagina=163;DOU_XML;Defere a Renovação do CEBAS do Hospital Beneficente Santa Helena, com sede em Cuiabá (MT).
24110149#1;24110149;515_20260708_24110149.xml;2026-07-08;2026-07-03;Portaria SAES/MS Nº 4.358, DE 3 DE julho DE 2026;Ministério da Saúde/Secretaria de Atenção Especializada à Saúde;SAUDE;21381991000170;S;Hospital Casa de Caridade e Maternidade de Carmo de Minas;Carmo de Minas/MG;RECONSIDERACAO;S;renovacao;24 de agosto de 2024 a 23 de agosto de 2027;126;163;http://pesquisa.in.gov.br/imprensa/jsp/visualiza/index.jsp?data=08/07/2026&jornal=515&pagina=163;DOU_XML;Defere, em grau de Reconsideração, a Renovação do CEBAS do Hospital Casa de Caridade e Maternidade de Carmo de Minas, com sede em Carmo de Minas (MG).
24110150#1;24110150;515_20260708_24110150.xml;2026-07-08;2026-07-03;Portaria SAES/MS Nº 4.357, DE 3 DE julho DE 2026;Ministério da Saúde/Secretaria de Atenção Especializada à Saúde;SAUDE;44930931000164;S;Associação Beneficente de Bastos;Bastos/SP;RENOVACAO;S;;1º de janeiro de 2026 a 31 de dezembro de 2028;126;163;http://pesquisa.in.gov.br/imprensa/jsp/visualiza/index.jsp?data=08/07/2026&jornal=515&pagina=163;DOU_XML;Defere a Renovação do CEBAS da Associação Beneficente de Bastos, com sede em Bastos (SP).
24110151#1;24110151;515_20260708_24110151.xml;2026-07-08;2026-07-03;Portaria SAES/MS Nº 4.356, DE 3 DE julho DE 2026;Ministério da Saúde/Secretaria de Atenção Especializada à Saúde;SAUDE;00112288000196;S;Santa Casa de Misericórdia de Alterosa;Alterosa/MG;RENOVACAO;S;;1º de janeiro de 2027 a 31 de dezembro de 2029;126;163;http://pesquisa.in.gov.br/imprensa/jsp/visualiza/index.jsp?data=08/07/2026&jornal=515&pagina=163;DOU_XML;Defere a Renovação do CEBAS da Santa Casa de Misericórdia de Alterosa, com sede em Alterosa (MG).
24110152#1;24110152;515_20260708_24110152.xml;2026-07-08;2026-07-03;Portaria SAES/MS Nº 4.355, DE 3 DE julho DE 2026;Ministério da Saúde/Secretaria de Atenção Especializada à Saúde;SAUDE;01630921000109;S;Sociedade Padre Eduardo Michelis;Curitiba/PR;RENOVACAO;S;;1º de janeiro de 2025 a 31 de dezembro de 2027;126;163;http://pesquisa.in.gov.br/imprensa/jsp/visualiza/index.jsp?data=08/07/2026&jornal=515&pagina=163;DOU_XML;Defere a Renovação do CEBAS da Sociedade Padre Eduardo Michelis, com sede em Curitiba (PR).
24110153#1;24110153;515_20260708_24110153.xml;2026-07-08;2026-07-03;Portaria SAES/MS Nº 4.354, DE 3 DE julho DE 2026;Ministério da Saúde/Secretaria de Atenção Especializada à Saúde;SAUDE;07685994000176;S;Fundação Assistencial e Beneficente Maria Anunciação Gomes de Godoy;Candiota/RS;INDEFERIMENTO;N;renovacao;;126;163;http://pesquisa.in.gov.br/imprensa/jsp/visualiza/index.jsp?data=08/07/2026&jornal=515&pagina=163;DOU_XML;Indefere a Renovação do CEBAS da Fundação Assistencial e Beneficente Maria Anunciação Gomes de Godoy, com sede em Candiota (RS).
24110879#1;24110879;515_20260708_24110879.xml;2026-07-08;2026-06-26;Portaria SAES/MS Nº 4.181, DE 26 DE JUNHO DE 2026;Ministério da Saúde/Secretaria de Atenção Especializada à Saúde;SAUDE;79129110000108;S;Sanatório Maringá;Maringá/PR;RECONSIDERACAO;S;;;126;159;http://pesquisa.in.gov.br/imprensa/jsp/visualiza/index.jsp?data=08/07/2026&jornal=515&pagina=159;DOU_XML;Reconsidera a decisão que cancela o CEBAS do Sanatório Maringá, com sede no Rio de Maringá (PR).
24110881#1;24110881;515_20260708_24110881.xml;2026-07-08;2026-06-18;Portaria SAES/MS Nº 4.278, DE 18 DE junho DE 2026;Ministério da Saúde/Secretaria de Atenção Especializada à Saúde;SAUDE;75278952000170;S;Bom Jesus - Medicina e Diagnóstico;Palhoça/SC;CONCESSAO;S;;3 (três) anos a contar da data de publicação no Diário Oficial da União - DOU;126;160;http://pesquisa.in.gov.br/imprensa/jsp/visualiza/index.jsp?data=08/07/2026&jornal=515&pagina=160;DOU_XML;Defere a Concessão do CEBAS da Bom Jesus - Medicina e Diagnóstico, com sede em Palhoça (SC).
24110883#1;24110883;515_20260708_24110883.xml;2026-07-08;2026-06-18;Portaria SAES/MS Nº 4.280, DE 18 DE junho DE 2026;Ministério da Saúde/Secretaria de Atenção Especializada à Saúde;SAUDE;22073381000171;S;Hospital Vaz Monteiro de Assistência à Infância e à Maternidade;;RENOVACAO;S;;14 de dezembro de 2024 a 13 de dezembro de 2027;126;160;http://pesquisa.in.gov.br/imprensa/jsp/visualiza/index.jsp?data=08/07/2026&jornal=515&pagina=160;DOU_XML;Defere a Renovação do CEBAS do Hospital Vaz Monteiro de Assistência à Infância e à Maternidade, com sede em Lavras (MG).
24110885#1;24110885;515_20260708_24110885.xml;2026-07-08;2026-06-19;Portaria SAES/MS Nº 4.284, DE 19 DE junho DE 2026;Ministério da Saúde/Secretaria de Atenção Especializada à Saúde;SAUDE;09206353000117;S;Instituto Nacional de Ensino e Saúde Ebenezer;Imaruí/SC;CONCESSAO;S;;3 (Três) anos a contar da data de publicação no Diário Oficial da União - DOU;126;160;http://pesquisa.in.gov.br/imprensa/jsp/visualiza/index.jsp?data=08/07/2026&jornal=515&pagina=160;DOU_XML;Defere a Concessão do CEBAS do Instituto Nacional de Ensino e Saúde Ebenezer, com sede em Imaruí (SC).
24110886#1;24110886;515_20260708_24110886.xml;2026-07-08;2026-06-19;Portaria SAES/MS Nº 4.286, DE 19 DE junho DE 2026;Ministério da Saúde/Secretaria de Atenção Especializada à Saúde;SAUDE;30091618000175;S;Fundação Vida;Garanhuns/PE;INDEFERIMENTO;N;concessao;;126;160;http://pesquisa.in.gov.br/imprensa/jsp/visualiza/index.jsp?data=08/07/2026&jornal=515&pagina=160;DOU_XML;Indefere a Concessão do CEBAS da Fundação Vida, com sede em Garanhuns (PE).
24110887#1;24110887;515_20260708_24110887.xml;2026-07-08;2026-06-19;Portaria SAES/MS Nº 4.287, DE 19 DE junho DE 2026;Ministério da Saúde/Secretaria de Atenção Especializada à Saúde;SAUDE;40770879000175;S;Instituto Ambiental, de Saúde e Oferta Medicinal - IASO;Itajá/RN;RECONSIDERACAO;S;concessao;3 (três) anos a contar da data de publicação no Diário Oficial da União - DOU;126;160;http://pesquisa.in.gov.br/imprensa/jsp/visualiza/index.jsp?data=08/07/2026&jornal=515&pagina=160;DOU_XML;Defere, em grau de Reconsideração, a Concessão do CEBAS do Instituto Ambiental, de Saúde e Oferta Medicinal - IASO, com sede em Itajá (RN).
24110908#1;24110908;515_20260708_24110908.xml;2026-07-08;2026-06-22;Portaria SAES/MS Nº 4.289, DE 22 DE junho DE 2026;Ministério da Saúde/Secretaria de Atenção Especializada à Saúde;SAUDE;24644494000105;S;Associação Beneficente de Maracaju;Maracaju/MS;RENOVACAO;S;;1º de janeiro de 2025 a 31 de dezembro de 2027;126;160;http://pesquisa.in.gov.br/imprensa/jsp/visualiza/index.jsp?data=08/07/2026&jornal=515&pagina=160;DOU_XML;Defere a Renovação do CEBAS da Associação Beneficente de Maracaju, com sede em Maracaju (MS).
24110909#1;24110909;515_20260708_24110909.xml;2026-07-08;2026-06-22;Portaria SAES/MS Nº 4.290, DE 22 DE junho DE 2026;Ministério da Saúde/Secretaria de Atenção Especializada à Saúde;SAUDE;15176233000117;S;Centro Espírita Caminho da Redenção;Salvador/BA;RENOVACAO;S;;1º de janeiro de 2021 a 31 de dezembro de 2023;126;160;http://pesquisa.in.gov.br/imprensa/jsp/visualiza/index.jsp?data=08/07/2026&jornal=515&pagina=160;DOU_XML;Defere a Renovação do CEBAS do Centro Espírita Caminho da Redenção, com sede em Salvador (BA).
24110910#1;24110910;515_20260708_24110910.xml;2026-07-08;2026-06-22;Portaria SAES/MS Nº 4.291, DE 22 DE junho DE 2026;Ministério da Saúde/Secretaria de Atenção Especializada à Saúde;SAUDE;16650756000116;S;Casa de Caridade de Alfenas Nossa Senhora do Perpétuo Socorro;Alfenas/MG;RENOVACAO;S;;1º de janeiro de 2027 a 31 de dezembro de 2029;126;160;http://pesquisa.in.gov.br/imprensa/jsp/visualiza/index.jsp?data=08/07/2026&jornal=515&pagina=160;DOU_XML;Defere a Renovação do CEBAS da Casa de Caridade de Alfenas Nossa Senhora do Perpétuo Socorro, com sede em Alfenas (MG).
24110911#1;24110911;515_20260708_24110911.xml;2026-07-08;2026-06-22;Portaria SAES/MS Nº 4.292, DE 22 DE junho DE 2026;Ministério da Saúde/Secretaria de Atenção Especializada à Saúde;SAUDE;00684095000100;S;Associação de Proteção, Assistência, Saúde e Educação de Uiraúna;Uiraúna/PB;RECONSIDERACAO;S;renovacao;1º de janeiro de 2025 a 31 de dezembro de 2029;126;160;http://pesquisa.in.gov.br/imprensa/jsp/visualiza/index.jsp?data=08/07/2026&jornal=515&pagina=160;DOU_XML;Defere, em grau de Reconsideração, a Renovação do CEBAS da Associação de Proteção, Assistência, Saúde e Educação de Uiraúna, com sede em Uiraúna (PB).
24110912#1;24110912;515_20260708_24110912.xml;2026-07-08;2026-06-22;Portaria SAES/MS Nº 4.293, DE 22 DE junho DE 2026;Ministério da Saúde/Secretaria de Atenção Especializada à Saúde;SAUDE;50320605000138;S;Santa Casa de Misericórdia de Ilhabela;;RENOVACAO;S;;06 de setembro de 2024 a 05 de setembro de 2027;126;160;http://pesquisa.in.gov.br/imprensa/jsp/visualiza/index.jsp?data=08/07/2026&jornal=515&pagina=160;DOU_XML;Defere a Renovação do CEBAS da Santa Casa de Misericórdia de Ilhabela, com sede em Ilhabela (SP).
24110913#1;24110913;515_20260708_24110913.xml;2026-07-08;2026-06-16;Portaria SAES/MS Nº 4.249, DE 16 DE junho DE 2026;Ministério da Saúde/Secretaria de Atenção Especializada à Saúde;SAUDE;01316056000112;S;Grupo Luta Pela Vida;Uberlândia/MG;RENOVACAO;S;;8 de junho de 2024 a 7 de junho de 2027;126;159;http://pesquisa.in.gov.br/imprensa/jsp/visualiza/index.jsp?data=08/07/2026&jornal=515&pagina=159;DOU_XML;Defere a Renovação do CEBAS do Grupo Luta Pela Vida, com sede em Uberlândia (MG).
24110914#1;24110914;515_20260708_24110914.xml;2026-07-08;2026-06-22;Portaria SAES/MS Nº 4.294, DE 22 DE junho DE 2026;Ministério da Saúde/Secretaria de Atenção Especializada à Saúde;SAUDE;28964252000150;S;Fundação Benedito Pereira Nunes;Campos dos Goytacazes/RJ;RENOVACAO;S;;1º de janeiro de 2019 a 31 de dezembro de 2021;126;160;http://pesquisa.in.gov.br/imprensa/jsp/visualiza/index.jsp?data=08/07/2026&jornal=515&pagina=160;DOU_XML;Defere a Renovação do CEBAS da Fundação Benedito Pereira Nunes, com sede em Campos dos Goytacazes (RJ).
24110915#1;24110915;515_20260708_24110915.xml;2026-07-08;2026-06-22;Portaria SAES/MS Nº 4.296, DE 22 DE junho DE 2026;Ministério da Saúde/Secretaria de Atenção Especializada à Saúde;SAUDE;51103562000100;S;Sociedade Beneficente de Castilho;;RENOVACAO;S;;1º de janeiro de 2025 a 31 de dezembro de 2027;126;160;http://pesquisa.in.gov.br/imprensa/jsp/visualiza/index.jsp?data=08/07/2026&jornal=515&pagina=160;DOU_XML;Defere a Renovação do CEBAS da Sociedade Beneficente de Castilho, com sede em Castilho (SP).
24110916#1;24110916;515_20260708_24110916.xml;2026-07-08;2026-06-23;Portaria SAES/MS Nº 4.302, DE 23 DE junho DE 2026;Ministério da Saúde/Secretaria de Atenção Especializada à Saúde;SAUDE;92898550000198;S;Fundação Universitária de Cardiologia em Recuperação Judicial;;RENOVACAO;S;;1º de janeiro de 2025 a 31 de dezembro de 2027;126;161;http://pesquisa.in.gov.br/imprensa/jsp/visualiza/index.jsp?data=08/07/2026&jornal=515&pagina=161;DOU_XML;Defere a Renovação do CEBAS da Fundação Universitária de Cardiologia em Recuperação Judicial, com sede em Porto Alegre (RS).
24110917#1;24110917;515_20260708_24110917.xml;2026-07-08;2026-06-23;Portaria SAES/MS Nº 4.305, DE 23 DE junho DE 2026;Ministério da Saúde/Secretaria de Atenção Especializada à Saúde;SAUDE;86897113000157;S;Fundação de Apoio ao HEMOSC/CEPON;;RENOVACAO;S;;1º de setembro de 2025 a 31 de agosto de 2028;126;161;http://pesquisa.in.gov.br/imprensa/jsp/visualiza/index.jsp?data=08/07/2026&jornal=515&pagina=161;DOU_XML;Defere a Renovação do CEBAS da Fundação de Apoio ao HEMOSC/CEPON, com sede em Florianópolis (SC).
24110918#1;24110918;515_20260708_24110918.xml;2026-07-08;2026-06-24;Portaria SAES/MS Nº 4.308, DE 24 DE junho DE 2026;Ministério da Saúde/Secretaria de Atenção Especializada à Saúde;SAUDE;94594629000150;S;Instituto do Câncer Infantil;;RENOVACAO;S;;1º de janeiro de 2026 a 31 de dezembro de 2028;126;161;http://pesquisa.in.gov.br/imprensa/jsp/visualiza/index.jsp?data=08/07/2026&jornal=515&pagina=161;DOU_XML;Defere a Renovação do CEBAS do Instituto do Câncer Infantil, com sede em Porto Alegre (RS).
24110919#1;24110919;515_20260708_24110919.xml;2026-07-08;2026-06-24;Portaria SAES/MS Nº 4.309, DE 24 DE junho DE 2026;Ministério da Saúde/Secretaria de Atenção Especializada à Saúde;SAUDE;04045814000101;S;Instituto Otovida - Clínica de Audição Voz Fala e Linguagem;;RENOVACAO;S;;1º de janeiro de 2025 a 31 de dezembro de 2027;126;161;http://pesquisa.in.gov.br/imprensa/jsp/visualiza/index.jsp?data=08/07/2026&jornal=515&pagina=161;DOU_XML;Defere a Renovação do CEBAS do Instituto Otovida -Clínica de Audição Voz Fala e Linguagem, com sede em Florianópolis (SC).
24110920#1;24110920;515_20260708_24110920.xml;2026-07-08;2026-06-24;Portaria SAES/MS Nº 4.310, DE 24 DE junho DE 2026;Ministério da Saúde/Secretaria de Atenção Especializada à Saúde;SAUDE;87317764000193;S;Sociedade Sulina Divina Providência;;RENOVACAO;S;;1º de janeiro de 2026 a 31 de dezembro de 2028;126;161;http://pesquisa.in.gov.br/imprensa/jsp/visualiza/index.jsp?data=08/07/2026&jornal=515&pagina=161;DOU_XML;Defere a Renovação do CEBAS da Sociedade Sulina Divina Providência, com sede em Porto Alegre (RS).
24110921#1;24110921;515_20260708_24110921.xml;2026-07-08;2026-06-24;Portaria SAES/MS Nº 4.311, DE 24 DE junho DE 2026;Ministério da Saúde/Secretaria de Atenção Especializada à Saúde;SAUDE;03468485000130;S;Associação de Proteção à Maternidade e à Infância de Cuiabá;;RENOVACAO;S;;1º de janeiro de 2025 a 31 de dezembro de 2027;126;161;http://pesquisa.in.gov.br/imprensa/jsp/visualiza/index.jsp?data=08/07/2026&jornal=515&pagina=161;DOU_XML;Defere a Renovação do CEBAS da Associação de Proteção à Maternidade e à Infância de Cuiabá, com sede em Cuiabá (MT).
24110922#1;24110922;515_20260708_24110922.xml;2026-07-08;2026-06-25;Portaria SAES/MS Nº 4.312, DE 25 DE junho DE 2026;Ministério da Saúde/Secretaria de Atenção Especializada à Saúde;SAUDE;03221702000193;S;Fundação Carmem Prudente de Mato Grosso do Sul;;RENOVACAO;S;;18 de setembro de 2024 a 17 de setembro de 2027;126;161;http://pesquisa.in.gov.br/imprensa/jsp/visualiza/index.jsp?data=08/07/2026&jornal=515&pagina=161;DOU_XML;Defere a Renovação do CEBAS da Fundação Carmem Prudente de Mato Grosso do Sul, com sede em Campo Grande (MS).
24110923#1;24110923;515_20260708_24110923.xml;2026-07-08;2026-06-25;Portaria SAES/MS Nº 4.313, DE 25 DE junho DE 2026;Ministério da Saúde/Secretaria de Atenção Especializada à Saúde;SAUDE;78444304000135;S;Pró Renal - Brasil - Fundação de Amparo à Pesquisa em Enfermidades Renais e Metabólicas;Curitiba/PR;RENOVACAO;S;;21 de dezembro de 2024 a 20 de dezembro de 2027;126;161;http://pesquisa.in.gov.br/imprensa/jsp/visualiza/index.jsp?data=08/07/2026&jornal=515&pagina=161;DOU_XML;Defere a Renovação do CEBAS do Pró Renal - Brasil - Fundação de Amparo à Pesquisa em Enfermidades Renais e Metabólicas, com sede em Curitiba (PR).
24110924#1;24110924;515_20260708_24110924.xml;2026-07-08;2026-06-17;Portaria SAES/MS Nº 4.263, DE 17 DE junho DE 2026;Ministério da Saúde/Secretaria de Atenção Especializada à Saúde;SAUDE;56784424000149;S;Irmandade do Hospital e Maternidade Coronel Juca Ferreira;Santa Cruz das Palmeiras/SP;RENOVACAO;S;;1º de janeiro de 2025 a 31 de dezembro de 2027;126;159;http://pesquisa.in.gov.br/imprensa/jsp/visualiza/index.jsp?data=08/07/2026&jornal=515&pagina=159;DOU_XML;Defere a Renovação do CEBAS da Irmandade do Hospital e Maternidade Coronel Juca Ferreira, com sede em Santa Cruz das Palmeiras (SP).
24110925#1;24110925;515_20260708_24110925.xml;2026-07-08;2026-06-25;Portaria SAES/MS Nº 4.314, DE 25 DE junho DE 2026;Ministério da Saúde/Secretaria de Atenção Especializada à Saúde;SAUDE;83786400000100;S;Rede Feminina de Combate ao Câncer de Canoinhas;Canoinhas/SC;CONCESSAO;S;;3 (Três) anos a contar da data de publicação no Diário Oficial da União - DOU;126;161;http://pesquisa.in.gov.br/imprensa/jsp/visualiza/index.jsp?data=08/07/2026&jornal=515&pagina=161;DOU_XML;Defere a Concessão do CEBAS da Rede Feminina de Combate ao Câncer de Canoinhas, com sede em Canoinhas (SC).
24110926#1;24110926;515_20260708_24110926.xml;2026-07-08;2026-06-26;Portaria SAES/MS Nº 4.315, DE 26 DE junho DE 2026;Ministério da Saúde/Secretaria de Atenção Especializada à Saúde;SAUDE;17226044000137;S;Rede Paulo de Tarso;Belo Horizonte/MG;RENOVACAO;S;;17 de agosto de 2021 a 16 de agosto de 2024;126;161;http://pesquisa.in.gov.br/imprensa/jsp/visualiza/index.jsp?data=08/07/2026&jornal=515&pagina=161;DOU_XML;Defere a Renovação do CEBAS da Rede Paulo de Tarso, com sede em Belo Horizonte (MG).
24110927#1;24110927;515_20260708_24110927.xml;2026-07-08;2026-06-26;Portaria SAES/MS Nº 4.316, DE 26 DE junho DE 2026;Ministério da Saúde/Secretaria de Atenção Especializada à Saúde;SAUDE;02532973000105;S;Associação Beneficente Monte Verde;Camanducaia/MG;RENOVACAO;S;;1º de janeiro de 2025 a 31 de dezembro de 2027;126;161;http://pesquisa.in.gov.br/imprensa/jsp/visualiza/index.jsp?data=08/07/2026&jornal=515&pagina=161;DOU_XML;Defere a Renovação do CEBAS da Associação Beneficente Monte Verde, com sede em Camanducaia (MG).
24110928#1;24110928;515_20260708_24110928.xml;2026-07-08;2026-06-26;Portaria SAES/MS Nº 4.317, DE 26 DE junho DE 2026;Ministério da Saúde/Secretaria de Atenção Especializada à Saúde;SAUDE;76613835000189;S;Irmandade da Santa Casa de Misericórdia de Curitiba;Curitiba/PR;RENOVACAO;S;;1º de janeiro de 2025 a 31 de dezembro de 2027;126;161;http://pesquisa.in.gov.br/imprensa/jsp/visualiza/index.jsp?data=08/07/2026&jornal=515&pagina=161;DOU_XML;Defere a Renovação do CEBAS da Irmandade da Santa Casa de Misericórdia de Curitiba, com sede em Curitiba (PR).
24110929#1;24110929;515_20260708_24110929.xml;2026-07-08;2026-06-26;Portaria SAES/MS Nº 4.318, DE 26 DE junho DE 2026;Ministério da Saúde/Secretaria de Atenção Especializada à Saúde;SAUDE;02562081000149;S;Rede Feminina de Combate ao Câncer de Orleans;Orleans/SC;CONCESSAO;S;;3 (três) anos a contar da data de publicação no Diário Oficial da União - DOU;126;162;http://pesquisa.in.gov.br/imprensa/jsp/visualiza/index.jsp?data=08/07/2026&jornal=515&pagina=162;DOU_XML;Defere a Concessão do CEBAS da Rede Feminina de Combate ao Câncer de Orleans, com sede em Orleans (SC).
24110930#1;24110930;515_20260708_24110930.xml;2026-07-08;2026-06-26;Portaria SAES/MS Nº 4.319, DE 26 DE junho DE 2026;Ministério da Saúde/Secretaria de Atenção Especializada à Saúde;SAUDE;03273885000190;S;Associação de Auxilio e Recuperação dos Hansenianos;;RENOVACAO;S;;1º de janeiro de 2025 a 31 de dezembro de 2027;126;162;http://pesquisa.in.gov.br/imprensa/jsp/visualiza/index.jsp?data=08/07/2026&jornal=515&pagina=162;DOU_XML;Defere a Renovação do CEBAS da Associação de Auxilio e Recuperação dos Hansenianos, com sede em Campo Grande (MS).
24110931#1;24110931;515_20260708_24110931.xml;2026-07-08;2026-06-26;Portaria SAES/MS Nº 4.321, DE 26 DE junho DE 2026;Ministério da Saúde/Secretaria de Atenção Especializada à Saúde;SAUDE;07420153000137;S;Associação Hospitalar Nossa Senhora de Fátima;Praia Grande/SC;RENOVACAO;S;;1º de janeiro de 2025 a 31 de dezembro de 2027;126;162;http://pesquisa.in.gov.br/imprensa/jsp/visualiza/index.jsp?data=08/07/2026&jornal=515&pagina=162;DOU_XML;Defere a Renovação do CEBAS da Associação Hospitalar Nossa Senhora de Fátima, com sede em Praia Grande (SC).
24110932#1;24110932;515_20260708_24110932.xml;2026-07-08;2026-06-17;Portaria SAES/MS Nº 4.265, DE 17 DE junho DE 2026;Ministério da Saúde/Secretaria de Atenção Especializada à Saúde;SAUDE;16669792000121;S;Instituto Madre de Dio;São Miguel do Iguaçu/PR;CONCESSAO;S;;3 (Três) anos a contar da data de publicação no Diário Oficial da União - DOU;126;159;http://pesquisa.in.gov.br/imprensa/jsp/visualiza/index.jsp?data=08/07/2026&jornal=515&pagina=159;DOU_XML;Defere a Concessão do CEBAS do Instituto Madre de Dio, com sede em São Miguel do Iguaçu (PR).
24110933#1;24110933;515_20260708_24110933.xml;2026-07-08;2026-06-17;Portaria SAES/MS Nº 4.266, DE 17 DE junho DE 2026;Ministério da Saúde/Secretaria de Atenção Especializada à Saúde;SAUDE;80168735000168;S;Rede Feminina de Combate ao Câncer de Içara;Içara/SC;CONCESSAO;S;;3 (Três) anos a contar da data de publicação no Diário Oficial da União - DOU;126;159;http://pesquisa.in.gov.br/imprensa/jsp/visualiza/index.jsp?data=08/07/2026&jornal=515&pagina=159;DOU_XML;Defere a Concessão do CEBAS da Rede Feminina de Combate ao Câncer de Içara, com sede em Içara (SC).
24110934#1;24110934;515_20260708_24110934.xml;2026-07-08;2026-06-17;Portaria SAES/MS Nº 4.269, DE 17 DE junho DE 2026;Ministério da Saúde/Secretaria de Atenção Especializada à Saúde;SAUDE;60975737000151;S;Sociedade Beneficente São Camilo;São Paulo/SP;RENOVACAO;S;;1º de janeiro de 2022 a 31 de dezembro de 2024;126;159;http://pesquisa.in.gov.br/imprensa/jsp/visualiza/index.jsp?data=08/07/2026&jornal=515&pagina=159;DOU_XML;Defere a Renovação do CEBAS da Sociedade Beneficente São Camilo, com sede em São Paulo (SP).
24110935#1;24110935;515_20260708_24110935.xml;2026-07-08;2026-06-17;Portaria SAES/MS Nº 4.270, DE 17 DE junho DE 2026;Ministério da Saúde/Secretaria de Atenção Especializada à Saúde;SAUDE;81286635000107;S;Rede Feminina de Combate ao Câncer de São João Batista;São João Batista/SC;CONCESSAO;S;;3 (três) anos a contar da data de publicação no Diário Oficial da União - DOU;126;159;http://pesquisa.in.gov.br/imprensa/jsp/visualiza/index.jsp?data=08/07/2026&jornal=515&pagina=159;DOU_XML;Defere a Concessão do CEBAS da Rede Feminina de Combate ao Câncer de São João Batista, com sede em São João Batista (SC).
24110936#1;24110936;515_20260708_24110936.xml;2026-07-08;2026-06-17;Portaria SAES/MS Nº 4.272, DE 17 DE junho DE 2026;Ministério da Saúde/Secretaria de Atenção Especializada à Saúde;SAUDE;13370183000189;S;Fundação Hospital Santa Lydia;Ribeirão Preto/SP;RENOVACAO;S;;1º de janeiro de 2025 a 31 de dezembro de 2027;126;159;http://pesquisa.in.gov.br/imprensa/jsp/visualiza/index.jsp?data=08/07/2026&jornal=515&pagina=159;DOU_XML;Defere a Renovação do CEBAS da Fundação Hospital Santa Lydia, com sede em Ribeirão Preto (SP).
24110937#1;24110937;515_20260708_24110937.xml;2026-07-08;2026-06-18;Portaria SAES/MS Nº 4.273, DE 18 DE junho DE 2026;Ministério da Saúde/Secretaria de Atenção Especializada à Saúde;SAUDE;24492324000152;S;Fundação Santarritense de Saúde e Assistência Social;Santa Rita da Sapucaí/MG;RENOVACAO;S;;1º de janeiro de 2025 a 31 de dezembro de 2027;126;159;http://pesquisa.in.gov.br/imprensa/jsp/visualiza/index.jsp?data=08/07/2026&jornal=515&pagina=159;DOU_XML;Defere a Renovação do CEBAS da Fundação Santarritense de Saúde e Assistência Social, com sede em Santa Rita do Sapucaí (MG).
24111123#1;24111123;515_20260708_24111123.xml;2026-07-08;2026-07-07;DESPACHO GM/MS Nº 53, DE 7 DE julho DE 2026;Ministério da Saúde/Gabinete do Ministro;SAUDE;20060331000124;S;OBRAS ASSISTENCIAIS CASA DO CAMINHO;MG;OUTRO;;prazo para sanar pendencias (recurso em andamento);;126;159;http://pesquisa.in.gov.br/imprensa/jsp/visualiza/index.jsp?data=08/07/2026&jornal=515&pagina=159;DOU_XML;Decisão: À vista do que consta dos autos, adoto como razões os fundamentos de mérito e de fato apresentados na Nota Técnica nº 151/2026-CGCER/DCEBAS/SAES/MS para CONCEDER o prazo de 30 (trinta) dias para que a entidade interessada possa apresentar novas considerações e fazer juntada de documentos com vistas a sanar impropriedades identificadas pela autoridade julgadora nas razões do Indeferimento do Requerimento de Renovação conforme estabelece o § 2º, do artigo 39 da Lei Complementar nº 187, de 16 de dezembro de 2021.
24112028#1;24112028;515_20260708_24112028.xml;2026-07-08;2026-07-07;Despacho GM/MS Nº 54, DE 7 DE julho DE 2026;Ministério da Saúde/Gabinete do Ministro;SAUDE;17307944000109;S;ASSOCIAÇÃO DE COMBATE AS DEFORMIDADES FACIAIS;GO;INDEFERIMENTO;N;recurso negado;;126;159;http://pesquisa.in.gov.br/imprensa/jsp/visualiza/index.jsp?data=08/07/2026&jornal=515&pagina=159;DOU_XML;"Decisão: À vista do que consta dos autos, adoto como razões de decidir os fundamentos de mérito e de fato apresentados no Parecer Técnico nº 165/2026-CGCER/DCEBAS/SAES/MS; na Nota Técnica nº 120/2026-CGCER/DCEBAS/SAES/MS e na Nota Técnica nº 145/2026-CGCER/DCEBAS/SAES/MS, bem como as razões de direito expostas pela Consultoria Jurídica, nos termos do Parecer Referencial nº 00003/2021/CONJUR-MS/CGU/AGU, ratificado pelo Parecer nº 00683/2022/CONJUR-MS/CGU/AGU, e NEGO PROVIMENTO ao recurso administrativo interposto pela Entidade em epígrafe."
24116964#1;24116964;515_20260709_24116964.xml;2026-07-09;2026-07-08;Portaria SERES/MEC Nº 341, DE 8 DE JULHO DE 2026;Ministério da Educação/Secretaria de Regulação e Supervisão da Educação Superior;EDUCACAO;02150604000140;S;INSTITUTO JOSÉ PAULO DAS NEVES;;INDEFERIMENTO;N;concessao;;127;47;http://pesquisa.in.gov.br/imprensa/jsp/visualiza/index.jsp?data=09/07/2026&jornal=515&pagina=47;DOU_XML;Art. 1º Fica indeferido o requerimento de Concessão do Certificado de Entidade Beneficente de Assistência Social (CEBAS) da entidade INSTITUTO JOSÉ PAULO DAS NEVES, inscrita sob o CNPJ nº 02.150.604/0001-40, por contrariar os requisitos legais constantes da Lei Complementar nº 187, de 16 de dezembro de 2021, considerando os fundamentos contidos na respectiva Nota Técnica.
24128255#1;24128255;515_20260714_24128255.xml;2026-07-14;2026-07-10;DECISÃO DE 10 DE JULHO DE 2026;Ministério da Educação/Gabinete do Ministro;EDUCACAO;;;Associação Beneficente Coração de Cristo;;INDEFERIMENTO;N;recurso negado;;130;67;http://pesquisa.in.gov.br/imprensa/jsp/visualiza/index.jsp?data=14/07/2026&jornal=515&pagina=67;DOU_XML;Decisão: Tendo em vista o disposto nos autos do processo em referência, e com fulcro na Nota Técnica nº 95/2024/RECURSO/CGCEBAS/DPR/SERES/SERES, da Secretaria de Regulação e Supervisão da Educação Superior, e no Parecer nº 00229/2026/CONJUR-MEC/CGU/AGU, aprovado pelos Despachos nº 00534/2026/CONJUR-MEC/CGU/AGU e nº 01210/2026/CONJUR-MEC/CGU/AGU, todos da Consultoria Jurídica, unidades do Ministério da Educação, cujos fundamentos adoto, nos termos do art. 50, § 1º, da Lei nº 9.784, de 29 de janeiro de 1999, conheço do recurso interposto pela entidade e nego-lhe provimento, mantendo na íntegra a decisão constante da Portaria nº 386, de 29 de setembro de 2023, da Secretaria de Regulação e Super
24131091#1;24131091;515_20260715_24131091.xml;2026-07-15;2026-07-09;Portaria SAES/MS Nº 4.403, DE 9 DE julho DE 2026;Ministério da Saúde/Secretaria de Atenção Especializada à Saúde;SAUDE;43464882000159;S;Beneficência Portuguesa de Amparo;Amparo/SP;INDEFERIMENTO;N;renovacao;01/01/2024 a 31/12/2026;131;63;http://pesquisa.in.gov.br/imprensa/jsp/visualiza/index.jsp?data=15/07/2026&jornal=515&pagina=63;DOU_XML;Revoga a Portaria nº SAES/MS nº 3.863, de 27 de fevereiro de 2026 e indefere a Renovação do CEBAS da Beneficência Portuguesa de Amparo, com sede em Amparo (SP).
24134294#1;24134294;515_20260716_24134294.xml;2026-07-16;2026-07-14;Portaria SAES/MS Nº 4.419, DE 14 DE julho DE 2026;Ministério da Saúde/Secretaria de Atenção Especializada à Saúde;SAUDE;19989904000110;S;Irmandade de Santo Antônio do Curvelo;Curvelo/MG;RENOVACAO;S;;1º de janeiro de 2025 a 31 de dezembro de 2027;132;101;http://pesquisa.in.gov.br/imprensa/jsp/visualiza/index.jsp?data=16/07/2026&jornal=515&pagina=101;DOU_XML;Defere a Renovação do CEBAS da Irmandade de Santo Antônio do Curvelo, com sede em Curvelo (MG).
24134295#1;24134295;515_20260716_24134295.xml;2026-07-16;2026-07-09;Portaria SAES/MS Nº 4.410, DE 9 DE julho DE 2026;Ministério da Saúde/Secretaria de Atenção Especializada à Saúde;SAUDE;17763343000100;S;Hospital Jorge Caetano de Mattos;Ervália/MG;RENOVACAO;S;;1º de janeiro de 2025 a 31 de dezembro de 2027;132;100;http://pesquisa.in.gov.br/imprensa/jsp/visualiza/index.jsp?data=16/07/2026&jornal=515&pagina=100;DOU_XML;Defere a Renovação do CEBAS do Hospital Jorge Caetano de Mattos, com sede em Ervália (MG).
24134296#1;24134296;515_20260716_24134296.xml;2026-07-16;2026-07-09;Portaria SAES/MS Nº 4.409, DE 9 DE julho DE 2026;Ministério da Saúde/Secretaria de Atenção Especializada à Saúde;SAUDE;83884999000106;S;Irmandade do Senhor Jesus dos Passos e Imperial Hospital de Caridade;Florianópolis/SC;CANCELAMENTO;N;;1º de janeiro de 2019 a 31 de dezembro de 2021;132;100;http://pesquisa.in.gov.br/imprensa/jsp/visualiza/index.jsp?data=16/07/2026&jornal=515&pagina=100;DOU_XML;Cancela o CEBAS da Irmandade do Senhor Jesus dos Passos e Imperial Hospital de Caridade, com sede em Florianópolis (SC).
24134297#1;24134297;515_20260716_24134297.xml;2026-07-16;2026-07-09;Portaria SAES/MS Nº 4.408, DE 9 DE julho DE 2026;Ministério da Saúde/Secretaria de Atenção Especializada à Saúde;SAUDE;50565936000138;S;Santa Casa de Misericórdia de Jales;Jales/SP;RENOVACAO;S;;1º de janeiro de 2025 a 31 de dezembro de 2027;132;100;http://pesquisa.in.gov.br/imprensa/jsp/visualiza/index.jsp?data=16/07/2026&jornal=515&pagina=100;DOU_XML;Defere a Renovação do CEBAS da Santa Casa de Misericórdia de Jales, com sede em Jales (SP).
24134298#1;24134298;515_20260716_24134298.xml;2026-07-16;2026-07-09;Portaria SAES/MS Nº 4.407, DE 9 DE julho DE 2026;Ministério da Saúde/Secretaria de Atenção Especializada à Saúde;SAUDE;24546483000192;S;Santa Casa de Misericórdia de Santo Antônio do Monte;Santo Antônio do Monte/MG;RENOVACAO;S;;1º de janeiro de 2027 a 31 de dezembro de 2029;132;100;http://pesquisa.in.gov.br/imprensa/jsp/visualiza/index.jsp?data=16/07/2026&jornal=515&pagina=100;DOU_XML;Defere a Renovação do CEBAS da Santa Casa de Misericórdia de Santo Antônio do Monte, com sede em Santo Antônio do Monte (MG).
24134299#1;24134299;515_20260716_24134299.xml;2026-07-16;2026-07-09;Portaria SAES/MS Nº 4.406, DE 9 DE julho DE 2026;Ministério da Saúde/Secretaria de Atenção Especializada à Saúde;SAUDE;16096554000174;S;Santa Casa de Misericórdia de Serrinha;Serrinha/BA;RENOVACAO;S;;1º de janeiro de 2025 a 31 de dezembro de 2027;132;100;http://pesquisa.in.gov.br/imprensa/jsp/visualiza/index.jsp?data=16/07/2026&jornal=515&pagina=100;DOU_XML;Defere a Renovação do CEBAS da Santa Casa de Misericórdia de Serrinha, com sede em Serrinha (BA).
24134300#1;24134300;515_20260716_24134300.xml;2026-07-16;2026-07-08;Portaria SAES/MS Nº 4.396, DE 8 DE julho DE 2026;Ministério da Saúde/Secretaria de Atenção Especializada à Saúde;SAUDE;06101061000121;S;Fundação Pedro Américo;Campina Grande/PB;INDEFERIMENTO;N;renovacao;;132;100;http://pesquisa.in.gov.br/imprensa/jsp/visualiza/index.jsp?data=16/07/2026&jornal=515&pagina=100;DOU_XML;Indefere a Renovação do CEBAS da Fundação Pedro Américo, com sede em Campina Grande (PB).
24134301#1;24134301;515_20260716_24134301.xml;2026-07-16;2026-07-08;Portaria SAES/MS Nº 4.383, DE 8 DE julho DE 2026;Ministério da Saúde/Secretaria de Atenção Especializada à Saúde;SAUDE;29693735000120;S;Instituto Santa Pelizzari;Palmas/PR;RENOVACAO;S;;1º de janeiro de 2027 a 31 de dezembro de 2029;132;100;http://pesquisa.in.gov.br/imprensa/jsp/visualiza/index.jsp?data=16/07/2026&jornal=515&pagina=100;DOU_XML;Defere a Renovação do CEBAS do Instituto Santa Pelizzari, com sede em Palmas (PR).
24134302#1;24134302;515_20260716_24134302.xml;2026-07-16;2026-07-07;Portaria SAES/MS Nº 4.382, DE 7 DE julho DE 2026;Ministério da Saúde/Secretaria de Atenção Especializada à Saúde;SAUDE;47368675000151;S;Hospital Beneficente Santa Gertrudes;Cosmópolis/SP;INDEFERIMENTO;N;concessao;;132;99;http://pesquisa.in.gov.br/imprensa/jsp/visualiza/index.jsp?data=16/07/2026&jornal=515&pagina=99;DOU_XML;Indefere a Concessão do CEBAS do Hospital Beneficente Santa Gertrudes, com sede em Cosmópolis (SP).
24134303#1;24134303;515_20260716_24134303.xml;2026-07-16;2026-07-14;Portaria SAES/MS Nº 4.418, DE 14 DE julho DE 2026;Ministério da Saúde/Secretaria de Atenção Especializada à Saúde;SAUDE;53966966000144;S;Santa Casa de Misericórdia de Pereira Barreto;Pereira Barreto/SP;INDEFERIMENTO;N;renovacao;;132;101;http://pesquisa.in.gov.br/imprensa/jsp/visualiza/index.jsp?data=16/07/2026&jornal=515&pagina=101;DOU_XML;Indefere a Renovação do CEBAS da Santa Casa de Misericórdia de Pereira Barreto, com sede em Pereira Barreto (SP).
24134304#1;24134304;515_20260716_24134304.xml;2026-07-16;2026-07-10;Portaria SAES/MS Nº 4.417, DE 10 DE julho DE 2026;Ministério da Saúde/Secretaria de Atenção Especializada à Saúde;SAUDE;70914171000101;S;Hospital Beneficente São Lucas de São Pedro;São Pedro/SP;RENOVACAO;S;;1º de janeiro de 2025 a 31 de dezembro de 2027;132;101;http://pesquisa.in.gov.br/imprensa/jsp/visualiza/index.jsp?data=16/07/2026&jornal=515&pagina=101;DOU_XML;Defere a Renovação do CEBAS do Hospital Beneficente São Lucas de São Pedro, com sede em São Pedro (SP).
24134305#1;24134305;515_20260716_24134305.xml;2026-07-16;2026-07-10;Portaria SAES/MS Nº 4.416, DE 10 DE julho DE 2026;Ministério da Saúde/Secretaria de Atenção Especializada à Saúde;SAUDE;08785621000130;S;Instituto Sócio Cultural e Educacional Prisma - Instituto Prisma;Macapá/AP;INDEFERIMENTO;N;concessao;;132;101;http://pesquisa.in.gov.br/imprensa/jsp/visualiza/index.jsp?data=16/07/2026&jornal=515&pagina=101;DOU_XML;Indefere a Concessão do CEBAS do Instituto Sócio Cultural e Educacional Prisma - Instituto Prisma, com sede em Macapá (AP).
24134306#1;24134306;515_20260716_24134306.xml;2026-07-16;2026-07-10;Portaria SAES/MS Nº 4.415, DE 10 DE julho DE 2026;Ministério da Saúde/Secretaria de Atenção Especializada à Saúde;SAUDE;07623123000128;S;Instituto de Saúde e Educação do Nordeste;Salvador/BA;INDEFERIMENTO;N;concessao;;132;100;http://pesquisa.in.gov.br/imprensa/jsp/visualiza/index.jsp?data=16/07/2026&jornal=515&pagina=100;DOU_XML;Indefere a Concessão do CEBAS do Instituto de Saúde e Educação do Nordeste, com sede em Salvador (BA).
24134307#1;24134307;515_20260716_24134307.xml;2026-07-16;2026-07-10;Portaria SAES/MS Nº 4.414, DE 10 DE julho DE 2026;Ministério da Saúde/Secretaria de Atenção Especializada à Saúde;SAUDE;13512578000179;S;Associação Hospitalar São Francisco de Paula;Trajano de Moraes/RJ;CANCELAMENTO;N;;18 de maio de 2019 a 31 de dezembro de 2023;132;100;http://pesquisa.in.gov.br/imprensa/jsp/visualiza/index.jsp?data=16/07/2026&jornal=515&pagina=100;DOU_XML;Cancela o CEBAS da Associação Hospitalar São Francisco de Paula, com sede em Trajano de Moraes (RJ).
24134328#1;24134328;515_20260716_24134328.xml;2026-07-16;2026-07-10;Portaria SAES/MS Nº 4.413, DE 10 DE julho DE 2026;Ministério da Saúde/Secretaria de Atenção Especializada à Saúde;SAUDE;24857625000132;S;Instituto Filantrópica Assisten;Anápolis/GO;INDEFERIMENTO;N;concessao;;132;100;http://pesquisa.in.gov.br/imprensa/jsp/visualiza/index.jsp?data=16/07/2026&jornal=515&pagina=100;DOU_XML;Indefere a Concessão do CEBAS do Instituto Filantrópica Assisten, com sede em Anápolis (GO).
24134330#1;24134330;515_20260716_24134330.xml;2026-07-16;2026-07-10;Portaria SAES/MS Nº 4.412, DE 10 DE julho DE 2026;Ministério da Saúde/Secretaria de Atenção Especializada à Saúde;SAUDE;03028642000197;S;Instituto Nacional de Gestão em Saúde;São Paulo/SP;INDEFERIMENTO;N;concessao;;132;100;http://pesquisa.in.gov.br/imprensa/jsp/visualiza/index.jsp?data=16/07/2026&jornal=515&pagina=100;DOU_XML;Indefere a Concessão do CEBAS do Instituto Nacional de Gestão em Saúde, com sede em São Paulo (SP).
24134331#1;24134331;515_20260716_24134331.xml;2026-07-16;2026-07-09;Portaria SAES/MS Nº 4.411, DE 9 DE julho DE 2026;Ministério da Saúde/Secretaria de Atenção Especializada à Saúde;SAUDE;88734785000177;S;Associação Hospitalar Santo Antônio de Pádua;Coronel Bicaco/RS;RECONSIDERACAO;S;;;132;100;http://pesquisa.in.gov.br/imprensa/jsp/visualiza/index.jsp?data=16/07/2026&jornal=515&pagina=100;DOU_XML;Reconsidera a decisão que cancela o CEBAS da Associação Hospitalar Santo Antônio de Pádua, com sede em Coronel Bicaco (RS).
24134813#1;24134813;515_20260716_24134813.xml;2026-07-16;2026-07-07;Portaria SAES/MS Nº 4.381, DE 7 DE julho DE 2026;Ministério da Saúde/Secretaria de Atenção Especializada à Saúde;SAUDE;21743541000180;S;Instituto - Amo Acalentar;Belém/PA;INDEFERIMENTO;N;concessao;;132;99;http://pesquisa.in.gov.br/imprensa/jsp/visualiza/index.jsp?data=16/07/2026&jornal=515&pagina=99;DOU_XML;Indefere a Concessão do CEBAS do Instituto - Amo Acalentar, com sede em Belém (PA).
24134814#1;24134814;515_20260716_24134814.xml;2026-07-16;2026-07-07;Portaria SAES/MS Nº 4.372, DE 7 DE julho DE 2026;Ministério da Saúde/Secretaria de Atenção Especializada à Saúde;SAUDE;23007599000190;S;Instituto Nacional de Fomento a Modernização da Gestão Pública - INFG;Salvador/BA;CONCESSAO;S;;3 (Três) anos a contar da data de publicação no Diário Oficial da União - DOU;132;99;http://pesquisa.in.gov.br/imprensa/jsp/visualiza/index.jsp?data=16/07/2026&jornal=515&pagina=99;DOU_XML;Defere a Concessão do CEBAS do Instituto Nacional de Fomento a Modernização da Gestão Pública - INFG, com sede em Salvador (BA).
24134815#1;24134815;515_20260716_24134815.xml;2026-07-16;2026-07-06;Portaria SAES/MS Nº 4.370, DE 6 DE julho DE 2026;Ministério da Saúde/Secretaria de Atenção Especializada à Saúde;SAUDE;81916264000191;S;Fundação Pró-Hansen;Curitiba/PR;INDEFERIMENTO;N;concessao;;132;99;http://pesquisa.in.gov.br/imprensa/jsp/visualiza/index.jsp?data=16/07/2026&jornal=515&pagina=99;DOU_XML;Indefere a Concessão do CEBAS da Fundação Pró-Hansen, com sede em Curitiba (PR).
24134816#1;24134816;515_20260716_24134816.xml;2026-07-16;2026-07-06;Portaria SAES/MS Nº 4.369, DE 6 DE julho DE 2026;Ministério da Saúde/Secretaria de Atenção Especializada à Saúde;SAUDE;45484383000159;S;Fundação Luiz João Labronici;Boituva/SP;RENOVACAO;S;;1º de janeiro de 2026 a 31 de dezembro de 2028;132;98;http://pesquisa.in.gov.br/imprensa/jsp/visualiza/index.jsp?data=16/07/2026&jornal=515&pagina=98;DOU_XML;Defere a Renovação do CEBAS da Fundação Luiz João Labronici, com sede em Boituva (SP).
24134817#1;24134817;515_20260716_24134817.xml;2026-07-16;2026-07-06;Portaria SAES/MS Nº 4.368, DE 6 DE julho DE 2026;Ministério da Saúde/Secretaria de Atenção Especializada à Saúde;SAUDE;14860143000188;S;Associação Rede Feminina de Combate ao Câncer de Campos Novos - SC;Campos Novos/SC;INDEFERIMENTO;N;concessao;;132;98;http://pesquisa.in.gov.br/imprensa/jsp/visualiza/index.jsp?data=16/07/2026&jornal=515&pagina=98;DOU_XML;Indefere a Concessão do CEBAS da Associação Rede Feminina de Combate ao Câncer de Campos Novos - SC, com sede em Campos Novos (SC).
24134818#1;24134818;515_20260716_24134818.xml;2026-07-16;2026-07-06;Portaria SAES/MS Nº 4.366, DE 6 DE julho DE 2026;Ministério da Saúde/Secretaria de Atenção Especializada à Saúde;SAUDE;07003288000105;S;Sociedade Acarauense de Proteção e Assistência à Maternidade e à Infância;Acaraú/CE;RENOVACAO;S;;08 de agosto de 2024 a 07 de agosto de 2027;132;98;http://pesquisa.in.gov.br/imprensa/jsp/visualiza/index.jsp?data=16/07/2026&jornal=515&pagina=98;DOU_XML;Defere a Renovação do CEBAS da Sociedade Acarauense de Proteção e Assistência à Maternidade e à Infância, com sede em Acaraú (CE).
24134819#1;24134819;515_20260716_24134819.xml;2026-07-16;2026-07-03;Portaria SAES/MS Nº 4.365, DE 3 DE julho DE 2026;Ministério da Saúde/Secretaria de Atenção Especializada à Saúde;SAUDE;84424498000100;S;Associação à Nossa Família;Santana/AP;RENOVACAO;S;;20 de junho de 2024 a 19 de junho de 2027;132;98;http://pesquisa.in.gov.br/imprensa/jsp/visualiza/index.jsp?data=16/07/2026&jornal=515&pagina=98;DOU_XML;Defere a Renovação do CEBAS da Associação à Nossa Família, com sede em Santana (AP).
24134820#1;24134820;515_20260716_24134820.xml;2026-07-16;2026-07-03;Portaria SAES/MS Nº 4.364, DE 3 DE julho DE 2026;Ministério da Saúde/Secretaria de Atenção Especializada à Saúde;SAUDE;47617584000102;S;Irmandade da Santa Casa de Misericórdia e Maternidade Dracena;Dracena/SP;RENOVACAO;S;;1º de janeiro de 2025 a 31 de dezembro de 2027;132;98;http://pesquisa.in.gov.br/imprensa/jsp/visualiza/index.jsp?data=16/07/2026&jornal=515&pagina=98;DOU_XML;Defere a Renovação do CEBAS da Irmandade da Santa Casa de Misericórdia e Maternidade Dracena, com sede em Dracena (SP).
24134821#1;24134821;515_20260716_24134821.xml;2026-07-16;2026-07-07;Portaria SAES/MS Nº 4.380, DE 7 DE julho DE 2026;Ministério da Saúde/Secretaria de Atenção Especializada à Saúde;SAUDE;48467054000198;S;Santa Casa de Misericórdia de Guararapes/SP;Guararapes/SP;RECONSIDERACAO;S;renovacao;1º de janeiro de 2025 a 31 de dezembro de 2027;132;99;http://pesquisa.in.gov.br/imprensa/jsp/visualiza/index.jsp?data=16/07/2026&jornal=515&pagina=99;DOU_XML;Defere, em grau de Reconsideração, a Renovação do CEBAS da Santa Casa de Misericórdia de Guararapes, com sede em Guararapes (SP).
24134823#1;24134823;515_20260716_24134823.xml;2026-07-16;2026-07-07;Portaria SAES/MS Nº 4.379, DE 7 DE julho DE 2026;Ministério da Saúde/Secretaria de Atenção Especializada à Saúde;SAUDE;02022223000185;S;2P Health Care Interlar Sistema Médico de Hospitalização Domiciliar;Brasília/DF;INDEFERIMENTO;N;renovacao;;132;99;http://pesquisa.in.gov.br/imprensa/jsp/visualiza/index.jsp?data=16/07/2026&jornal=515&pagina=99;DOU_XML;Indefere a Renovação do CEBAS da 2P Health Care Interlar Sistema Médico de Hospitalização Domiciliar, com sede em Brasília (DF).
24134824#1;24134824;515_20260716_24134824.xml;2026-07-16;2026-07-07;Portaria SAES/MS Nº 4.378, DE 7 DE julho DE 2026;Ministério da Saúde/Secretaria de Atenção Especializada à Saúde;SAUDE;86108263000134;S;Associação Hospitalar Padre Joao Berthier;São Carlos/SC;RENOVACAO;S;;1º de janeiro de 2027 a 31 de dezembro de 2029;132;99;http://pesquisa.in.gov.br/imprensa/jsp/visualiza/index.jsp?data=16/07/2026&jornal=515&pagina=99;DOU_XML;Defere a Renovação do CEBAS da Associação Hospitalar Padre Joao Berthier, com sede em São Carlos (SC).
24134825#1;24134825;515_20260716_24134825.xml;2026-07-16;2026-07-07;Portaria SAES/MS Nº 4.377, DE 7 DE julho DE 2026;Ministério da Saúde/Secretaria de Atenção Especializada à Saúde;SAUDE;05866446000117;S;Instituto Perspectiva de Pesquisa e Recuperação da Dependência Química;Venda Nova do Imigrante/ES;INDEFERIMENTO;N;concessao;;132;99;http://pesquisa.in.gov.br/imprensa/jsp/visualiza/index.jsp?data=16/07/2026&jornal=515&pagina=99;DOU_XML;Indefere a Concessão do CEBAS do Instituto Perspectiva de Pesquisa e Recuperação da Dependência Química, com sede em Venda Nova do Imigrante (ES).
24134826#1;24134826;515_20260716_24134826.xml;2026-07-16;2026-07-07;Portaria SAES/MS Nº 4.376, DE 7 DE julho DE 2026;Ministério da Saúde/Secretaria de Atenção Especializada à Saúde;SAUDE;07768449000143;S;Instituto de Desenvolvimento Socioambiental Esportivo e Cultural do Tocantins - IDESC - TO;Palmas/TO;INDEFERIMENTO;N;concessao;;132;99;http://pesquisa.in.gov.br/imprensa/jsp/visualiza/index.jsp?data=16/07/2026&jornal=515&pagina=99;DOU_XML;Indefere a Concessão do CEBAS do Instituto de Desenvolvimento Socioambiental Esportivo e Cultural do Tocantins IDESC, com sede em Palmas (TO).
24134827#1;24134827;515_20260716_24134827.xml;2026-07-16;2026-07-07;Portaria SAES/MS Nº 4.375, DE 7 DE julho DE 2026;Ministério da Saúde/Secretaria de Atenção Especializada à Saúde;SAUDE;53816153000178;S;Irmandade da Santa Casa de Misericórdia de Pederneiras;Pederneiras/SP;RENOVACAO;S;;1º de janeiro de 2025 a 31 de dezembro de 2027;132;99;http://pesquisa.in.gov.br/imprensa/jsp/visualiza/index.jsp?data=16/07/2026&jornal=515&pagina=99;DOU_XML;Defere a Renovação do CEBAS da Irmandade da Santa Casa de Misericórdia de Pederneiras, com sede em Pederneiras (SP).
24134848#1;24134848;515_20260716_24134848.xml;2026-07-16;2026-07-07;Portaria SAES/MS Nº 4.374, DE 7 DE julho DE 2026;Ministério da Saúde/Secretaria de Atenção Especializada à Saúde;SAUDE;85997872000129;S;Hospital Rene Emílio Martinez Mujica;Santa Cecília/SC;RENOVACAO;S;;16 de agosto de 2024 a 15 de agosto de 2027;132;99;http://pesquisa.in.gov.br/imprensa/jsp/visualiza/index.jsp?data=16/07/2026&jornal=515&pagina=99;DOU_XML;Defere a Renovação do CEBAS do Hospital Rene Emílio Martinez Mujica, com sede em Santa Cecília (SC).
24134849#1;24134849;515_20260716_24134849.xml;2026-07-16;2026-07-07;Portaria SAES/MS Nº 4.373, DE 7 DE julho DE 2026;Ministério da Saúde/Secretaria de Atenção Especializada à Saúde;SAUDE;50756600000152;S;Associação Beneficente Thereza Perlatti de Jaú;Jaú/SP;RENOVACAO;S;;1º de janeiro de 2025 a 31 de dezembro de 2027;132;99;http://pesquisa.in.gov.br/imprensa/jsp/visualiza/index.jsp?data=16/07/2026&jornal=515&pagina=99;DOU_XML;Defere a Renovação do CEBAS da Associação Beneficente Thereza Perlatti de Jaú, com sede em Jaú (SP).
24137158#1;24137158;515_20260716_24137158.xml;2026-07-16;2026-07-15;Despacho GM/MS Nº 56, DE 15 DE julho DE 2026;Ministério da Saúde/Gabinete do Ministro;SAUDE;43464882000159;S;BENEFICÊNCIA PORTUGUESA DE AMPARO;SP;CANCELAMENTO;N;recurso negado;;132;97;http://pesquisa.in.gov.br/imprensa/jsp/visualiza/index.jsp?data=16/07/2026&jornal=515&pagina=97;DOU_XML;Decisão: À vista do que consta dos autos, adoto como razões de decidir os fundamentos de mérito e de fato apresentados na Nota Técnica nº 22/2026-CGPROF/DCEBAS/SAES/MS, bem como as razões de direito expostas pela Consultoria Jurídica, nos termos do PARECER REFERENCIAL nº 00003/2021/CONJUR-MS/CGU/AGU, e respectivo Despacho de aprovação, e NEGO PROVIMENTO ao recurso administrativo interposto pela Entidade em epígrafe.
24137207#1;24137207;515_20260716_24137207.xml;2026-07-16;2026-07-15;Despacho GM/MS Nº 57, DE 15 DE julho DE 2026;Ministério da Saúde/Gabinete do Ministro;SAUDE;52739950000136;S;IRMANDADE DA SANTA CASA DE MISERICÓRDIA DE MOGI GUAÇU;SP;OUTRO;;prazo para sanar pendencias (recurso em andamento);;132;97;http://pesquisa.in.gov.br/imprensa/jsp/visualiza/index.jsp?data=16/07/2026&jornal=515&pagina=97;DOU_XML;Decisão: À vista do que consta dos autos, adoto como razões os fundamentos de mérito e de fato apresentados na Nota Técnica nº 157/2026-CGCER/DCEBAS/SAES/MS para CONCEDER o prazo de 30 (trinta) dias para que a entidade interessada possa apresentar novas considerações e fazer juntada de documentos com vistas a sanar impropriedades identificadas pela autoridade julgadora nas razões do Indeferimento do Requerimento de Renovação conforme estabelece o § 2º, do artigo 39 da Lei Complementar nº 187, de 16 de dezembro de 2021.
24137232#1;24137232;515_20260716_24137232.xml;2026-07-16;2026-07-15;Despacho GM/MS Nº 58, DE 15 DE julho DE 2026;Ministério da Saúde/Gabinete do Ministro;SAUDE;06885004000180;S;HOST PROJECT LION OF JUDAH;GO;OUTRO;;prazo para sanar pendencias (recurso em andamento);;132;97;http://pesquisa.in.gov.br/imprensa/jsp/visualiza/index.jsp?data=16/07/2026&jornal=515&pagina=97;DOU_XML;Decisão: À vista do que consta dos autos, adoto como razões os fundamentos de mérito e de fato apresentados na Nota Técnica nº 159/2026-CGCER/DCEBAS/SAES/MS para CONCEDER o prazo de 30 (trinta) dias para que a entidade interessada possa apresentar novas considerações e fazer juntada de documentos com vistas a sanar impropriedades identificadas pela autoridade julgadora nas razões do Indeferimento do Requerimento de Concessão, conforme estabelece o § 2º, do artigo 39 da Lei Complementar nº 187, de 16 de dezembro de 2021. ADRIANO MASSUDA Ministro de Estado da Saúde Substituto
24144171#1;24144171;515_20260720_24144171.xml;2026-07-20;2026-07-17;DESPACHO DE 17 DE JULHO DE 2026;Ministério do Desenvolvimento e Assistência Social, Família e Combate à Fome/Gabinete do Ministro;ASSISTENCIA;11512700000181;S;INSTITUTO ADHARA;Cotia/SP;OUTRO;;consulta publica do processo;;134;24;http://pesquisa.in.gov.br/imprensa/jsp/visualiza/index.jsp?data=20/07/2026&jornal=515&pagina=24;DOU_XML;O CHEFE DE GABINETE DO MINISTRO DE ESTADO DO DESENVOLVIMENTO E ASSISTÊNCIA SOCIAL, FAMÍLIA E COMBATE À FOME, no uso da competência que lhe foi delegada pela Portaria MC nº 586, de 13 de abril de 2019, e tendo em vista o disposto na Lei nº 12.101, de 27 de novembro de 2009, e no § 4º do artigo 14 do Decreto nº 8.242, de 23 de maio de 2014, resolve abrir prazo de quinze dias para a manifestação da sociedade civil, na página eletrônica http://aplicacoes.mds.gov.br/snas/redeprivada/manifestacaorp/lista_processos.php, referente ao seguinte processo:
24145305#1;24145305;515_20260721_24145305.xml;2026-07-21;2026-07-17;PORTARIA DEPAD/SE/MDS Nº 4, DE 17 DE JULHO DE 2026;Ministério do Desenvolvimento e Assistência Social, Família e Combate à Fome/Secretaria Executiva/Departamento de Entidades de Apoio e Acolhimento Atuantes em Álcool e Drogas;ASSISTENCIA;04970973000104;S;COMUNIDADE TERAPÊUTICA CASA DIA;;RENOVACAO;S;;;135;86;http://pesquisa.in.gov.br/imprensa/jsp/visualiza/index.jsp?data=21/07/2026&jornal=515&pagina=86;DOU_XML;Art. 1º Deferir o pedido de renovação da Certificação de Entidade Beneficente de Assistência Social da entidade relacionada, por atender os requisitos legais co [...] 1 | COMUNIDADE TERAPÊUTICA CASA DIA | 04.970.973/0001-04 | DIVINÓPOLIS | MG | 71000.014558/2025-87
24145323#1;24145323;515_20260721_24145323.xml;2026-07-21;2026-07-17;PORTARIA DEPAD/SE/MDS Nº 5, DE 17 DE JULHO DE 2026;Ministério do Desenvolvimento e Assistência Social, Família e Combate à Fome/Secretaria Executiva/Departamento de Entidades de Apoio e Acolhimento Atuantes em Álcool e Drogas;ASSISTENCIA;18320148000179;S;PROJETO LUZ NA MADRUGADA;;CONCESSAO;S;;;135;86;http://pesquisa.in.gov.br/imprensa/jsp/visualiza/index.jsp?data=21/07/2026&jornal=515&pagina=86;DOU_XML;Art. 1º Deferir o pedido de concessão da Certificação de Entidade Beneficente de Assistência Social das entidades relacionadas, por atender os requisitos legais [...] 1 | PROJETO LUZ NA MADRUGADA | 18.320.148/0001-79 | ESTÂNCIA VELHA | RS | 71000.119989/2025-39
24145323#1;24145323;515_20260721_24145323.xml;2026-07-21;2026-07-17;PORTARIA DEPAD/SE/MDS Nº 5, DE 17 DE JULHO DE 2026;Ministério do Desenvolvimento e Assistência Social, Família e Combate à Fome/Secretaria Executiva/Departamento de Entidades de Apoio e Acolhimento Atuantes em Álcool e Drogas;ASSISTENCIA;11989731000128;S;COMUNIDADE TERAPÊUTICA BETH HAYOTSER;;CONCESSAO;S;;;135;86;http://pesquisa.in.gov.br/imprensa/jsp/visualiza/index.jsp?data=21/07/2026&jornal=515&pagina=86;DOU_XML;Art. 1º Deferir o pedido de concessão da Certificação de Entidade Beneficente de Assistência Social das entidades relacionadas, por atender os requisitos legais [...] 2 | COMUNIDADE TERAPÊUTICA BETH HAYOTSER | 11.989.731/0001-28 | RODEIO | SC | 71000.041009/2025-85
24145387#1;24145387;515_20260721_24145387.xml;2026-07-21;2026-07-17;PORTARIA DEPAD/SE/MDS Nº 3, DE 17 DE JULHO DE 2026;Ministério do Desenvolvimento e Assistência Social, Família e Combate à Fome/Secretaria Executiva/Departamento de Entidades de Apoio e Acolhimento Atuantes em Álcool e Drogas;ASSISTENCIA;03586067000148;S;DESAFIO NOVA VIDA;;INDEFERIMENTO;N;concessao;;135;86;http://pesquisa.in.gov.br/imprensa/jsp/visualiza/index.jsp?data=21/07/2026&jornal=515&pagina=86;DOU_XML;Art. 1º Indeferir os pedidos de concessão da Certificação de Entidade Beneficente de Assistência Social das entidades relacionadas, por inobservância dos requis [...] 1 | DESAFIO NOVA VIDA | 03.586.067/0001-48 | MARACANAÚ | CE | 71000.071348/2025-96
24145387#1;24145387;515_20260721_24145387.xml;2026-07-21;2026-07-17;PORTARIA DEPAD/SE/MDS Nº 3, DE 17 DE JULHO DE 2026;Ministério do Desenvolvimento e Assistência Social, Família e Combate à Fome/Secretaria Executiva/Departamento de Entidades de Apoio e Acolhimento Atuantes em Álcool e Drogas;ASSISTENCIA;27817419000197;S;COMUNIDADE TERAPÊUTICA RESTITUI;;INDEFERIMENTO;N;concessao;;135;86;http://pesquisa.in.gov.br/imprensa/jsp/visualiza/index.jsp?data=21/07/2026&jornal=515&pagina=86;DOU_XML;Art. 1º Indeferir os pedidos de concessão da Certificação de Entidade Beneficente de Assistência Social das entidades relacionadas, por inobservância dos requis [...] 2 | COMUNIDADE TERAPÊUTICA RESTITUI | 27.817.419/0001-97 | BOM JESUS | PI | 71000.075200/2025-21
24145387#1;24145387;515_20260721_24145387.xml;2026-07-21;2026-07-17;PORTARIA DEPAD/SE/MDS Nº 3, DE 17 DE JULHO DE 2026;Ministério do Desenvolvimento e Assistência Social, Família e Combate à Fome/Secretaria Executiva/Departamento de Entidades de Apoio e Acolhimento Atuantes em Álcool e Drogas;ASSISTENCIA;11217234000101;S;CENTRO TERAPÊUTICO COMUNIDADE SANTA RITA DE CASSIA;;INDEFERIMENTO;N;concessao;;135;86;http://pesquisa.in.gov.br/imprensa/jsp/visualiza/index.jsp?data=21/07/2026&jornal=515&pagina=86;DOU_XML;Art. 1º Indeferir os pedidos de concessão da Certificação de Entidade Beneficente de Assistência Social das entidades relacionadas, por inobservância dos requis [...] 3 | CENTRO TERAPÊUTICO COMUNIDADE SANTA RITA DE CASSIA | 11.217.234/0001-01 | PORTÃO | RS | 71000.076904/2025-11
24145387#1;24145387;515_20260721_24145387.xml;2026-07-21;2026-07-17;PORTARIA DEPAD/SE/MDS Nº 3, DE 17 DE JULHO DE 2026;Ministério do Desenvolvimento e Assistência Social, Família e Combate à Fome/Secretaria Executiva/Departamento de Entidades de Apoio e Acolhimento Atuantes em Álcool e Drogas;ASSISTENCIA;81140360000190;S;SERVIÇO DE AÇÃO SOCIAL DE INTEGRAÇÃO, EDUCAÇÃO E QUALIDADE;;INDEFERIMENTO;N;concessao;;135;86;http://pesquisa.in.gov.br/imprensa/jsp/visualiza/index.jsp?data=21/07/2026&jornal=515&pagina=86;DOU_XML;Art. 1º Indeferir os pedidos de concessão da Certificação de Entidade Beneficente de Assistência Social das entidades relacionadas, por inobservância dos requis [...] 4 | SERVIÇO DE AÇÃO SOCIAL DE INTEGRAÇÃO, EDUCAÇÃO E QUALIDADE | 81.140.360/0001-90 | JOINVILLE | SC | 71000.076912/2025-67
24145387#1;24145387;515_20260721_24145387.xml;2026-07-21;2026-07-17;PORTARIA DEPAD/SE/MDS Nº 3, DE 17 DE JULHO DE 2026;Ministério do Desenvolvimento e Assistência Social, Família e Combate à Fome/Secretaria Executiva/Departamento de Entidades de Apoio e Acolhimento Atuantes em Álcool e Drogas;ASSISTENCIA;08275260000181;S;ASSOCIAÇÃO BENEFICENTE ELIFAZ - ABEL;;INDEFERIMENTO;N;concessao;;135;86;http://pesquisa.in.gov.br/imprensa/jsp/visualiza/index.jsp?data=21/07/2026&jornal=515&pagina=86;DOU_XML;Art. 1º Indeferir os pedidos de concessão da Certificação de Entidade Beneficente de Assistência Social das entidades relacionadas, por inobservância dos requis [...] 5 | ASSOCIAÇÃO BENEFICENTE ELIFAZ - ABEL | 08.275.260/0001-81 | SÃO JOÃO DEL REI | MG | 71000.003951/2024-64
24145387#1;24145387;515_20260721_24145387.xml;2026-07-21;2026-07-17;PORTARIA DEPAD/SE/MDS Nº 3, DE 17 DE JULHO DE 2026;Ministério do Desenvolvimento e Assistência Social, Família e Combate à Fome/Secretaria Executiva/Departamento de Entidades de Apoio e Acolhimento Atuantes em Álcool e Drogas;ASSISTENCIA;19155535000160;S;COMUNIDADE TERAPÊUTICA MARIA BONITA;;INDEFERIMENTO;N;concessao;;135;86;http://pesquisa.in.gov.br/imprensa/jsp/visualiza/index.jsp?data=21/07/2026&jornal=515&pagina=86;DOU_XML;Art. 1º Indeferir os pedidos de concessão da Certificação de Entidade Beneficente de Assistência Social das entidades relacionadas, por inobservância dos requis [...] 6 | COMUNIDADE TERAPÊUTICA MARIA BONITA | 19.155.535/0001-60 | PACAJUS | CE | 71000.041229/2025-17
24145387#1;24145387;515_20260721_24145387.xml;2026-07-21;2026-07-17;PORTARIA DEPAD/SE/MDS Nº 3, DE 17 DE JULHO DE 2026;Ministério do Desenvolvimento e Assistência Social, Família e Combate à Fome/Secretaria Executiva/Departamento de Entidades de Apoio e Acolhimento Atuantes em Álcool e Drogas;ASSISTENCIA;19155535000160;S;A COMUNIDADE TERAPÊUTICA ÁGAPE;;INDEFERIMENTO;N;concessao;;135;86;http://pesquisa.in.gov.br/imprensa/jsp/visualiza/index.jsp?data=21/07/2026&jornal=515&pagina=86;DOU_XML;Art. 1º Indeferir os pedidos de concessão da Certificação de Entidade Beneficente de Assistência Social das entidades relacionadas, por inobservância dos requis [...] 7 | A COMUNIDADE TERAPÊUTICA ÁGAPE | 19.155.535/0001-60 | CASCAVEL | CE | 71000.041217/2025-84
24145387#1;24145387;515_20260721_24145387.xml;2026-07-21;2026-07-17;PORTARIA DEPAD/SE/MDS Nº 3, DE 17 DE JULHO DE 2026;Ministério do Desenvolvimento e Assistência Social, Família e Combate à Fome/Secretaria Executiva/Departamento de Entidades de Apoio e Acolhimento Atuantes em Álcool e Drogas;ASSISTENCIA;00219137000131;S;CENTRO ESPECIALIZADO EM REABILITAÇÃO DE TOXICÔMANOS E ALCOOLISTAS - CERTA;;INDEFERIMENTO;N;concessao;;135;86;http://pesquisa.in.gov.br/imprensa/jsp/visualiza/index.jsp?data=21/07/2026&jornal=515&pagina=86;DOU_XML;Art. 1º Indeferir os pedidos de concessão da Certificação de Entidade Beneficente de Assistência Social das entidades relacionadas, por inobservância dos requis [...] 8 | CENTRO ESPECIALIZADO EM REABILITAÇÃO DE TOXICÔMANOS E ALCOOLISTAS - CERTA | 00.219.137/0001-31 | CAMBORIÚ | SC | 71000.071385/2025-02
24145387#1;24145387;515_20260721_24145387.xml;2026-07-21;2026-07-17;PORTARIA DEPAD/SE/MDS Nº 3, DE 17 DE JULHO DE 2026;Ministério do Desenvolvimento e Assistência Social, Família e Combate à Fome/Secretaria Executiva/Departamento de Entidades de Apoio e Acolhimento Atuantes em Álcool e Drogas;ASSISTENCIA;08922739000162;S;GRUPO DE INCLUSÃO SOCIAL E TRATAMENTO DE DROGADOS E ALCÓOLATRAS DE CANOAS;;INDEFERIMENTO;N;concessao;;135;86;http://pesquisa.in.gov.br/imprensa/jsp/visualiza/index.jsp?data=21/07/2026&jornal=515&pagina=86;DOU_XML;Art. 1º Indeferir os pedidos de concessão da Certificação de Entidade Beneficente de Assistência Social das entidades relacionadas, por inobservância dos requis [...] 9 | GRUPO DE INCLUSÃO SOCIAL E TRATAMENTO DE DROGADOS E ALCÓOLATRAS DE CANOAS | 08.922.739/0001-62 | CANOAS | RS | 71000.071381/2025-16
24145387#1;24145387;515_20260721_24145387.xml;2026-07-21;2026-07-17;PORTARIA DEPAD/SE/MDS Nº 3, DE 17 DE JULHO DE 2026;Ministério do Desenvolvimento e Assistência Social, Família e Combate à Fome/Secretaria Executiva/Departamento de Entidades de Apoio e Acolhimento Atuantes em Álcool e Drogas;ASSISTENCIA;40374123000107;S;CENTRO DE REINTEGRAÇÃO CRISTO TE AMA - CRCA;;INDEFERIMENTO;N;concessao;;135;86;http://pesquisa.in.gov.br/imprensa/jsp/visualiza/index.jsp?data=21/07/2026&jornal=515&pagina=86;DOU_XML;Art. 1º Indeferir os pedidos de concessão da Certificação de Entidade Beneficente de Assistência Social das entidades relacionadas, por inobservância dos requis [...] 10 | CENTRO DE REINTEGRAÇÃO CRISTO TE AMA - CRCA | 40.374.123/0001-07 | GOIOERÊ | PR | 71000.075191/2025-78
24145387#1;24145387;515_20260721_24145387.xml;2026-07-21;2026-07-17;PORTARIA DEPAD/SE/MDS Nº 3, DE 17 DE JULHO DE 2026;Ministério do Desenvolvimento e Assistência Social, Família e Combate à Fome/Secretaria Executiva/Departamento de Entidades de Apoio e Acolhimento Atuantes em Álcool e Drogas;ASSISTENCIA;10326600000106;S;CASA DE RECUPERAÇÃO JUNTOS PODEMOS;;INDEFERIMENTO;N;concessao;;135;86;http://pesquisa.in.gov.br/imprensa/jsp/visualiza/index.jsp?data=21/07/2026&jornal=515&pagina=86;DOU_XML;Art. 1º Indeferir os pedidos de concessão da Certificação de Entidade Beneficente de Assistência Social das entidades relacionadas, por inobservância dos requis [...] 11 | CASA DE RECUPERAÇÃO JUNTOS PODEMOS | 10.326.600/0001-06 | UBERABA | MG | 71000.076494/2025-16
24145387#1;24145387;515_20260721_24145387.xml;2026-07-21;2026-07-17;PORTARIA DEPAD/SE/MDS Nº 3, DE 17 DE JULHO DE 2026;Ministério do Desenvolvimento e Assistência Social, Família e Combate à Fome/Secretaria Executiva/Departamento de Entidades de Apoio e Acolhimento Atuantes em Álcool e Drogas;ASSISTENCIA;15109182000100;S;INSTITUTO BAMBU - INBA;;INDEFERIMENTO;N;concessao;;135;86;http://pesquisa.in.gov.br/imprensa/jsp/visualiza/index.jsp?data=21/07/2026&jornal=515&pagina=86;DOU_XML;Art. 1º Indeferir os pedidos de concessão da Certificação de Entidade Beneficente de Assistência Social das entidades relacionadas, por inobservância dos requis [...] 12 | INSTITUTO BAMBU - INBA | 15.109.182/0001-00 | SANTO ESTÊVÃO | BA | 71000.076781/2025-18
24145387#1;24145387;515_20260721_24145387.xml;2026-07-21;2026-07-17;PORTARIA DEPAD/SE/MDS Nº 3, DE 17 DE JULHO DE 2026;Ministério do Desenvolvimento e Assistência Social, Família e Combate à Fome/Secretaria Executiva/Departamento de Entidades de Apoio e Acolhimento Atuantes em Álcool e Drogas;ASSISTENCIA;11308877000160;S;CENTRO DE ATENÇÃO URBANA A DEPENDÊNCIA QUÍMICA - CAUDEQ;;INDEFERIMENTO;N;concessao;;135;86;http://pesquisa.in.gov.br/imprensa/jsp/visualiza/index.jsp?data=21/07/2026&jornal=515&pagina=86;DOU_XML;Art. 1º Indeferir os pedidos de concessão da Certificação de Entidade Beneficente de Assistência Social das entidades relacionadas, por inobservância dos requis [...] 13 | CENTRO DE ATENÇÃO URBANA A DEPENDÊNCIA QUÍMICA - CAUDEQ | 11.308.877/0001-60 | NOVO HAMBURGO | RS | 71000.076792/2025-06
24145387#1;24145387;515_20260721_24145387.xml;2026-07-21;2026-07-17;PORTARIA DEPAD/SE/MDS Nº 3, DE 17 DE JULHO DE 2026;Ministério do Desenvolvimento e Assistência Social, Família e Combate à Fome/Secretaria Executiva/Departamento de Entidades de Apoio e Acolhimento Atuantes em Álcool e Drogas;ASSISTENCIA;16716794000124;S;ASSOCIAÇÃO TERRA SANTA - ASTES;;INDEFERIMENTO;N;concessao;;135;86;http://pesquisa.in.gov.br/imprensa/jsp/visualiza/index.jsp?data=21/07/2026&jornal=515&pagina=86;DOU_XML;Art. 1º Indeferir os pedidos de concessão da Certificação de Entidade Beneficente de Assistência Social das entidades relacionadas, por inobservância dos requis [...] 14 | ASSOCIAÇÃO TERRA SANTA - ASTES | 16.716.794/0001-24 | BETIM | MG | 71000.078019/2025-76
24145387#1;24145387;515_20260721_24145387.xml;2026-07-21;2026-07-17;PORTARIA DEPAD/SE/MDS Nº 3, DE 17 DE JULHO DE 2026;Ministério do Desenvolvimento e Assistência Social, Família e Combate à Fome/Secretaria Executiva/Departamento de Entidades de Apoio e Acolhimento Atuantes em Álcool e Drogas;ASSISTENCIA;03880767000140;S;INSTITUTO VITÓRIA;;INDEFERIMENTO;N;concessao;;135;86;http://pesquisa.in.gov.br/imprensa/jsp/visualiza/index.jsp?data=21/07/2026&jornal=515&pagina=86;DOU_XML;Art. 1º Indeferir os pedidos de concessão da Certificação de Entidade Beneficente de Assistência Social das entidades relacionadas, por inobservância dos requis [...] 15 | INSTITUTO VITÓRIA | 03.880.767/0001-40 | TAQUARA | RS | 71000.067293/2024-39
24145387#1;24145387;515_20260721_24145387.xml;2026-07-21;2026-07-17;PORTARIA DEPAD/SE/MDS Nº 3, DE 17 DE JULHO DE 2026;Ministério do Desenvolvimento e Assistência Social, Família e Combate à Fome/Secretaria Executiva/Departamento de Entidades de Apoio e Acolhimento Atuantes em Álcool e Drogas;ASSISTENCIA;12342047000112;S;INSTITUIÇÃO ASSOCIAÇÃO DE FAMÍLIAS DOS DEPENDENTES QUÍMICOS, PRESOS E APENADOS DO ESTADO DE PERNAMBUCO;;INDEFERIMENTO;N;concessao;;135;86;http://pesquisa.in.gov.br/imprensa/jsp/visualiza/index.jsp?data=21/07/2026&jornal=515&pagina=86;DOU_XML;Art. 1º Indeferir os pedidos de concessão da Certificação de Entidade Beneficente de Assistência Social das entidades relacionadas, por inobservância dos requis [...] 16 | INSTITUIÇÃO ASSOCIAÇÃO DE FAMÍLIAS DOS DEPENDENTES QUÍMICOS, PRESOS E APENADOS DO ESTADO DE PERNAMBUCO | 12.342.047/0001-12 | RECIFE | PE | 71000.067968/2024-40
24145387#1;24145387;515_20260721_24145387.xml;2026-07-21;2026-07-17;PORTARIA DEPAD/SE/MDS Nº 3, DE 17 DE JULHO DE 2026;Ministério do Desenvolvimento e Assistência Social, Família e Combate à Fome/Secretaria Executiva/Departamento de Entidades de Apoio e Acolhimento Atuantes em Álcool e Drogas;ASSISTENCIA;17524594000132;S;ASSOCIAÇÃO BENEFICENTE CUIDAR;;INDEFERIMENTO;N;concessao;;135;86;http://pesquisa.in.gov.br/imprensa/jsp/visualiza/index.jsp?data=21/07/2026&jornal=515&pagina=86;DOU_XML;Art. 1º Indeferir os pedidos de concessão da Certificação de Entidade Beneficente de Assistência Social das entidades relacionadas, por inobservância dos requis [...] 17 | ASSOCIAÇÃO BENEFICENTE CUIDAR | 17.524.594/0001-32 | BETIM | MG | 71000.082885/2024-81
24145776#1;24145776;515_20260721_24145776.xml;2026-07-21;2026-07-17;Portaria SAES/MS Nº 4.438, DE 17 DE julho DE 2026;Ministério da Saúde/Secretaria de Atenção Especializada à Saúde;SAUDE;13258637000124;S;Associação Beneficência Amparo de Maria;Estância/SE;RENOVACAO;S;;;135;163;http://pesquisa.in.gov.br/imprensa/jsp/visualiza/index.jsp?data=21/07/2026&jornal=515&pagina=163;DOU_XML;Altera a Portaria SAES/MS nº 3.927, de 17 de março de 2026, que defere a Renovação do CEBAS da Associação Beneficência Amparo de Maria, com sede em Estância (SE).
24147049#1;24147049;515_20260721_24147049.xml;2026-07-21;2026-07-15;Portaria SAES/MS Nº 4.425, DE 15 DE julho DE 2026;Ministério da Saúde/Secretaria de Atenção Especializada à Saúde;SAUDE;04798659000196;S;Associação de Pais e Amigos do Centro de Reabilitação;Belo Horizonte/MG;INDEFERIMENTO;N;concessao;;135;161;http://pesquisa.in.gov.br/imprensa/jsp/visualiza/index.jsp?data=21/07/2026&jornal=515&pagina=161;DOU_XML;Indefere a Concessão do CEBAS da Associação de Pais e Amigos do Centro de Reabilitação, com sede em Belo Horizonte (MG).
24147050#1;24147050;515_20260721_24147050.xml;2026-07-21;2026-07-15;Portaria SAES/MS Nº 4.426, DE 15 DE julho DE 2026;Ministério da Saúde/Secretaria de Atenção Especializada à Saúde;SAUDE;16698771000134;S;Irmandade da Santa Casa de Misericórdia de Alpinópolis;Alpinópolis/MG;RENOVACAO;S;;1º de janeiro de 2025 a 31 de dezembro de 2027;135;161;http://pesquisa.in.gov.br/imprensa/jsp/visualiza/index.jsp?data=21/07/2026&jornal=515&pagina=161;DOU_XML;Defere a Renovação do CEBAS da Irmandade da Santa Casa de Misericórdia de Alpinópolis, com sede em Alpinópolis (MG).
24147051#1;24147051;515_20260721_24147051.xml;2026-07-21;2026-07-15;Portaria SAES/MS Nº 4.428, DE 15 DE julho DE 2026;Ministério da Saúde/Secretaria de Atenção Especializada à Saúde;SAUDE;27192590000158;S;Hospital Infantil Francisco de Assis;Cachoeiro de Itapemirim/ES;RENOVACAO;S;;1º de janeiro de 2026 a 31 de dezembro de 2028;135;161;http://pesquisa.in.gov.br/imprensa/jsp/visualiza/index.jsp?data=21/07/2026&jornal=515&pagina=161;DOU_XML;Defere a Renovação do CEBAS do Hospital Infantil Francisco de Assis, com sede em Cachoeiro de Itapemirim (ES).
24147052#1;24147052;515_20260721_24147052.xml;2026-07-21;2026-07-14;Portaria SAES/MS Nº 4.422, DE 14 DE julho DE 2026;Ministério da Saúde/Secretaria de Atenção Especializada à Saúde;SAUDE;11636872000167;S;Fundação Hospital Regional do Câncer da Santa Casa de Misericórdia de Presidente Prudente;Presidente Prudente/SP;RECONSIDERACAO;S;;;135;160;http://pesquisa.in.gov.br/imprensa/jsp/visualiza/index.jsp?data=21/07/2026&jornal=515&pagina=160;DOU_XML;Reconsidera a decisão que cancela o CEBAS da Fundação Hospital Regional do Câncer da Santa Casa de Misericórdia de Presidente Prudente, com sede em Presidente Prudente (SP).
24147053#1;24147053;515_20260721_24147053.xml;2026-07-21;2026-07-14;Portaria SAES/MS Nº 4.421, DE 14 DE julho DE 2026;Ministério da Saúde/Secretaria de Atenção Especializada à Saúde;SAUDE;24731747000188;S;Hospital de Nossa Senhora das Mercês;São João Del Rei/MG;RENOVACAO;S;;1º de janeiro de 2025 a 31 de dezembro de 2027;135;160;http://pesquisa.in.gov.br/imprensa/jsp/visualiza/index.jsp?data=21/07/2026&jornal=515&pagina=160;DOU_XML;Defere a Renovação do CEBAS do Hospital de Nossa Senhora das Mercês, com sede em São João Del Rei (MG).
24147054#1;24147054;515_20260721_24147054.xml;2026-07-21;2026-07-14;Portaria SAES/MS Nº 4.420, DE 14 DE julho DE 2026;Ministério da Saúde/Secretaria de Atenção Especializada à Saúde;SAUDE;53894218000101;S;Irmandade da Santa Casa de Misericórdia de Penápolis;Penápolis/SP;INDEFERIMENTO;N;renovacao;;135;160;http://pesquisa.in.gov.br/imprensa/jsp/visualiza/index.jsp?data=21/07/2026&jornal=515&pagina=160;DOU_XML;Indefere a Renovação do CEBAS da Irmandade da Santa Casa de Misericórdia de Penápolis, com sede em Penápolis (SP).
24147066#1;24147066;515_20260721_24147066.xml;2026-07-21;2026-07-16;Portaria SAES/MS Nº 4.433, DE 16 DE julho DE 2026;Ministério da Saúde/Secretaria de Atenção Especializada à Saúde;SAUDE;82832361000169;S;Associação Comunitária Hospital São Lucas;Xavantina/SC;RENOVACAO;S;;1º de janeiro de 2025 a 31 de dezembro de 2027;135;161;http://pesquisa.in.gov.br/imprensa/jsp/visualiza/index.jsp?data=21/07/2026&jornal=515&pagina=161;DOU_XML;Defere a Renovação do CEBAS da Associação Comunitária Hospital São Lucas, com sede em Xavantina (SC).
24147067#1;24147067;515_20260721_24147067.xml;2026-07-21;2026-07-16;Portaria SAES/MS Nº 4.432, DE 16 DE julho DE 2026;Ministério da Saúde/Secretaria de Atenção Especializada à Saúde;SAUDE;29621485000112;S;Instituto Hora;São José do Rio Preto/SP;INDEFERIMENTO;N;concessao;;135;161;http://pesquisa.in.gov.br/imprensa/jsp/visualiza/index.jsp?data=21/07/2026&jornal=515&pagina=161;DOU_XML;Indefere a Concessão do CEBAS do Instituto Hora, com sede em São José do Rio Preto (SP).
24147068#1;24147068;515_20260721_24147068.xml;2026-07-21;2026-07-15;Portaria SAES/MS Nº 4.431, DE 15 DE julho DE 2026;Ministério da Saúde/Secretaria de Atenção Especializada à Saúde;SAUDE;92206325000143;S;Hospital Dr. Ernesto Mauricio Arndt;Morro Redondo/RS;RECONSIDERACAO;S;concessao;3 (três) anos a contar da data de publicação no Diário Oficial da União - DOU;135;161;http://pesquisa.in.gov.br/imprensa/jsp/visualiza/index.jsp?data=21/07/2026&jornal=515&pagina=161;DOU_XML;Defere, em grau de Reconsideração, a Concessão do CEBAS do Hospital Dr. Ernesto Mauricio Arndt, com sede em Morro Redondo (RS).
24147069#1;24147069;515_20260721_24147069.xml;2026-07-21;2026-07-15;Portaria SAES/MS Nº 4.430, DE 15 DE julho DE 2026;Ministério da Saúde/Secretaria de Atenção Especializada à Saúde;SAUDE;90894221000143;S;Associação Hospitalar Comunitária e Beneficente de Nonoai;Nonoai/RS;RENOVACAO;S;;25 de janeiro de 2025 a 24 de janeiro de 2028;135;161;http://pesquisa.in.gov.br/imprensa/jsp/visualiza/index.jsp?data=21/07/2026&jornal=515&pagina=161;DOU_XML;Defere a Renovação do CEBAS da Associação Hospitalar Comunitária e Beneficente de Nonoai, com sede em Nonoai (RS).
24147070#1;24147070;515_20260721_24147070.xml;2026-07-21;2026-07-15;Portaria SAES/MS Nº 4.429, DE 15 DE julho DE 2026;Ministério da Saúde/Secretaria de Atenção Especializada à Saúde;SAUDE;83852418000154;S;Fundação Social Hospitalar de Içara;Içara/SC;RENOVACAO;S;;1º de janeiro de 2025 a 31 de dezembro de 2027;135;161;http://pesquisa.in.gov.br/imprensa/jsp/visualiza/index.jsp?data=21/07/2026&jornal=515&pagina=161;DOU_XML;Defere a Renovação do CEBAS da Fundação Social Hospitalar de Içara, com sede em Içara (SC).
24147071#1;24147071;515_20260721_24147071.xml;2026-07-21;2026-07-15;Portaria SAES/MS Nº 4.427, DE 15 DE julho DE 2026;Ministério da Saúde/Secretaria de Atenção Especializada à Saúde;SAUDE;07609365000167;S;Associação de Proteção e Assistência à Maternidade e Infância;Lavras da Mangabeira/CE;RENOVACAO;S;;24 de dezembro de 2024 a 23 de dezembro de 2027;135;161;http://pesquisa.in.gov.br/imprensa/jsp/visualiza/index.jsp?data=21/07/2026&jornal=515&pagina=161;DOU_XML;Defere a Renovação do CEBAS da Associação de Proteção e Assistência à Maternidade e Infância, com sede em Lavras da Mangabeira (CE).
24148482#1;24148482;515_20260721_24148482.xml;2026-07-21;2026-07-20;Despacho gm/ms Nº 59, DE 20 DE julho DE 2026;Ministério da Saúde/Gabinete do Ministro;SAUDE;30261959000141;S;INSTITUTO PLUS;MG;OUTRO;;prazo para sanar pendencias (recurso em andamento);;135;157;http://pesquisa.in.gov.br/imprensa/jsp/visualiza/index.jsp?data=21/07/2026&jornal=515&pagina=157;DOU_XML;Decisão: À vista do que consta dos autos, adoto como razões os fundamentos de mérito e de fato apresentados na Nota Técnica nº 161/2026-CGCER/DCEBAS/SAES/MS para CONCEDER o prazo de 30 (trinta) dias para que a entidade interessada possa apresentar novas considerações e fazer juntada de documentos com vistas a sanar impropriedades identificadas pela autoridade julgadora nas razões do Indeferimento do Requerimento de Concessão, conforme estabelece o § 2º, do artigo 39 da Lei Complementar nº 187, de 16 de dezembro de 2021.
24152102#1;24152102;515_20260722_24152102.xml;2026-07-22;2026-07-20;Despacho GM/MS Nº 60, DE 20 DE julho DE 2026;Ministério da Saúde/Gabinete do Ministro;SAUDE;72938079000107;S;HOSPITAL E MATERNIDADE SÃO VICENTE DE PAULO;SP;OUTRO;;prazo para sanar pendencias (recurso em andamento);;136;120;http://pesquisa.in.gov.br/imprensa/jsp/visualiza/index.jsp?data=22/07/2026&jornal=515&pagina=120;DOU_XML;Decisão: À vista do que consta dos autos, adoto como razões os fundamentos de mérito e de fato apresentados na Nota Técnica nº 162/2026-CGCER/DCEBAS/SAES/MS para CONCEDER o prazo de 30 (trinta) dias para que a entidade interessada possa apresentar novas considerações e fazer juntada de documentos com vistas a sanar impropriedades identificadas pela autoridade julgadora nas razões do Indeferimento do Requerimento de Concessão, conforme estabelece o § 2º, do artigo 39 da Lei Complementar nº 187, de 16 de dezembro de 2021.
24154330#1;24154330;515_20260723_24154330.xml;2026-07-23;2026-07-21;Portaria SAES/MS Nº 4.447, DE 21 DE julho DE 2026;Ministério da Saúde/Secretaria de Atenção Especializada à Saúde;SAUDE;45129202000176;S;Irmandade da Santa Casa de Misericórdia de Aparecida D'Oeste;Aparecida D'Oeste/SP;RENOVACAO;S;;1º de janeiro de 2025 a 31 de dezembro de 2027;137;344;http://pesquisa.in.gov.br/imprensa/jsp/visualiza/index.jsp?data=23/07/2026&jornal=515&pagina=344;DOU_XML;Defere a Renovação do CEBAS da Irmandade da Santa Casa de Misericórdia de Aparecida D'Oeste, com sede em Aparecida D'Oeste (SP).
24154331#1;24154331;515_20260723_24154331.xml;2026-07-23;2026-07-21;Portaria SAES/MS Nº 4.448, DE 21 DE julho DE 2026;Ministério da Saúde/Secretaria de Atenção Especializada à Saúde;SAUDE;05245390000183;S;Associação Beneficente de Assistência Social Nossa Senhora do Pari;São Paulo/SP;RENOVACAO;S;;04 de maio de 2025 a 03 de maio de 2028;137;344;http://pesquisa.in.gov.br/imprensa/jsp/visualiza/index.jsp?data=23/07/2026&jornal=515&pagina=344;DOU_XML;Defere a Renovação do CEBAS da Associação Beneficente de Assistência Social Nossa Senhora do Pari, com sede em São Paulo (SP).
24154332#1;24154332;515_20260723_24154332.xml;2026-07-23;2026-07-21;Portaria SAES/MS Nº 4.449, DE 21 DE julho DE 2026;Ministério da Saúde/Secretaria de Atenção Especializada à Saúde;SAUDE;91588731000155;S;Ordem Auxiliadora de Senhoras Evangélicas de Nova Petrópolis;Nova Petrópolis/RS;RENOVACAO;S;;31 de dezembro de 2024 a 30 de dezembro de 2027;137;344;http://pesquisa.in.gov.br/imprensa/jsp/visualiza/index.jsp?data=23/07/2026&jornal=515&pagina=344;DOU_XML;Defere a Renovação do CEBAS da Ordem Auxiliadora de Senhoras Evangélicas de Nova Petrópolis, com sede em Nova Petrópolis (RS).
24154333#1;24154333;515_20260723_24154333.xml;2026-07-23;2026-07-21;Portaria SAES/MS Nº 4.451, DE 21 DE julho DE 2026;Ministério da Saúde/Secretaria de Atenção Especializada à Saúde;SAUDE;07194341000194;S;Hoftalon Centro de Estudo e Pesquisa da Visão;Londrina/PR;RENOVACAO;S;;24 de dezembro de 2024 a 23 de dezembro de 2027;137;344;http://pesquisa.in.gov.br/imprensa/jsp/visualiza/index.jsp?data=23/07/2026&jornal=515&pagina=344;DOU_XML;Defere a Renovação do CEBAS do Hoftalon Centro de Estudo e Pesquisa da Visão, com sede em Londrina (PR).
24154334#1;24154334;515_20260723_24154334.xml;2026-07-23;2026-07-21;Portaria SAES/MS Nº 4.452, DE 21 DE julho DE 2026;Ministério da Saúde/Secretaria de Atenção Especializada à Saúde;SAUDE;50570753000100;S;Irmandade da Santa Casa de Misericórdia de Palmeira D'Oeste;Palmeira D'Oeste/SP;RENOVACAO;S;;1º de janeiro de 2025 a 31 de dezembro de 2027;137;344;http://pesquisa.in.gov.br/imprensa/jsp/visualiza/index.jsp?data=23/07/2026&jornal=515&pagina=344;DOU_XML;Defere a Renovação do CEBAS da Irmandade da Santa Casa de Misericórdia de Palmeira D'Oeste, com sede em Palmeira D'Oeste (SP).
24154335#1;24154335;515_20260723_24154335.xml;2026-07-23;2026-07-21;Portaria SAES/MS Nº 4.453, DE 21 DE julho DE 2026;Ministério da Saúde/Secretaria de Atenção Especializada à Saúde;SAUDE;03456304000156;S;Instituto Cema de Oftalmologia e Otorrinolaringologia;São Paulo/SP;RENOVACAO;S;;08 de fevereiro de 2025 a 07 de fevereiro de 2028;137;344;http://pesquisa.in.gov.br/imprensa/jsp/visualiza/index.jsp?data=23/07/2026&jornal=515&pagina=344;DOU_XML;Defere a Renovação do CEBAS do Instituto Cema de Oftalmologia e Otorrinolaringologia, com sede em São Paulo (SP).
24154336#1;24154336;515_20260723_24154336.xml;2026-07-23;2026-07-16;Portaria SAES/MS Nº 4.435, DE 16 DE julho DE 2026;Ministério da Saúde/Secretaria de Atenção Especializada à Saúde;SAUDE;22423998000170;S;Associação Ubaense de Saúde Mental;Ubá/MG;INDEFERIMENTO;N;concessao;;137;344;http://pesquisa.in.gov.br/imprensa/jsp/visualiza/index.jsp?data=23/07/2026&jornal=515&pagina=344;DOU_XML;Indefere a Concessão do CEBAS da Associação Ubaense de Saúde Mental, com sede em Ubá (MG).
24154337#1;24154337;515_20260723_24154337.xml;2026-07-23;2026-07-21;Portaria SAES/MS Nº 4.454, DE 21 DE julho DE 2026;Ministério da Saúde/Secretaria de Atenção Especializada à Saúde;SAUDE;05961193000160;S;Instituto Nossa Senhora Aparecida;Umuarama/PR;RECONSIDERACAO;S;renovacao;1º de janeiro de 2025 a 31 de dezembro de 2027;137;345;http://pesquisa.in.gov.br/imprensa/jsp/visualiza/index.jsp?data=23/07/2026&jornal=515&pagina=345;DOU_XML;Defere, em grau de Reconsideração, a Renovação do CEBAS do Instituto Nossa Senhora Aparecida, com sede em Umuarama (PR).
24156177#1;24156177;515_20260723_24156177.xml;2026-07-23;2026-07-22;Despacho GM/MS Nº 69, DE 22 DE julho DE 2026;Ministério da Saúde/Gabinete do Ministro;SAUDE;47431697000119;S;SANTA CASA DE MISERICÓRDIA DE CRUZEIRO;SP;OUTRO;;prazo para sanar pendencias (recurso em andamento);;137;339;http://pesquisa.in.gov.br/imprensa/jsp/visualiza/index.jsp?data=23/07/2026&jornal=515&pagina=339;DOU_XML;Decisão: À vista do que consta dos autos, adoto como razões os fundamentos de mérito e de fato apresentados na Nota Técnica nº 163/2026-CGCER/DCEBAS/SAES/MS para CONCEDER o prazo de 30 (trinta) dias para que a entidade interessada possa apresentar novas considerações e fazer juntada de documentos com vistas a sanar impropriedades identificadas pela autoridade julgadora nas razões do Indeferimento do Requerimento de Renovação conforme estabelece o § 2º, do artigo 39 da Lei Complementar nº 187, de 16 de dezembro de 2021.
24172836#1;24172836;515_20260730_24172836.xml;2026-07-30;2026-07-23;Portaria SAES/MS Nº 4.464, DE 23 DE julho DE 2026;Ministério da Saúde/Secretaria de Atenção Especializada à Saúde;SAUDE;62932942000165;S;Instituto Brasileiro de Controle do Câncer;São Paulo/SP;RENOVACAO;S;;21 de setembro de 2024 a 20 de setembro de 2027;142;113;http://pesquisa.in.gov.br/imprensa/jsp/visualiza/index.jsp?data=30/07/2026&jornal=515&pagina=113;DOU_XML;Defere a Renovação do CEBAS do Instituto Brasileiro de Controle do Câncer, com sede em São Paulo (SP).
24172837#1;24172837;515_20260730_24172837.xml;2026-07-30;2026-07-23;Portaria SAES/MS Nº 4.460, DE 23 DE julho DE 2026;Ministério da Saúde/Secretaria de Atenção Especializada à Saúde;SAUDE;48227526000135;S;Instituto Adhemar Calumby;Ananindeua/PA;INDEFERIMENTO;N;concessao;;142;112;http://pesquisa.in.gov.br/imprensa/jsp/visualiza/index.jsp?data=30/07/2026&jornal=515&pagina=112;DOU_XML;Indefere a Concessão do CEBAS do Instituto Adhemar Calumby, com sede em Ananindeua (PA).
24172838#1;24172838;515_20260730_24172838.xml;2026-07-30;2026-07-23;Portaria SAES/MS Nº 4.462, DE 23 DE julho DE 2026;Ministério da Saúde/Secretaria de Atenção Especializada à Saúde;SAUDE;45331303000125;S;Santa Casa de Guará;Guará/SP;RENOVACAO;S;;06 de setembro de 2024 a 05 de setembro de 2027;142;112;http://pesquisa.in.gov.br/imprensa/jsp/visualiza/index.jsp?data=30/07/2026&jornal=515&pagina=112;DOU_XML;Defere a Renovação do CEBAS da Santa Casa de Guará, com sede em Guará (SP).
24172839#1;24172839;515_20260730_24172839.xml;2026-07-30;2026-07-23;Portaria SAES/MS Nº 4.461, DE 23 DE julho DE 2026;Ministério da Saúde/Secretaria de Atenção Especializada à Saúde;SAUDE;06155340000178;S;Instituto Beneficente de Desenvolvimento Social Monte Sinai - IBDS;Santa Rita/MA;INDEFERIMENTO;N;concessao;;142;112;http://pesquisa.in.gov.br/imprensa/jsp/visualiza/index.jsp?data=30/07/2026&jornal=515&pagina=112;DOU_XML;Indefere a Concessão do CEBAS do Instituto Beneficente de Desenvolvimento Social Monte Sinai - IBDS, com sede em Santa Rita (MA).
24172840#1;24172840;515_20260730_24172840.xml;2026-07-30;2026-07-23;Portaria SAES/MS Nº 4.463, DE 23 DE julho DE 2026;Ministério da Saúde/Secretaria de Atenção Especializada à Saúde;SAUDE;22323976000138;S;Hospital São Vicente de Paulo;Mantena/MG;RECONSIDERACAO;S;renovacao;1º de janeiro de 2025 a 31 de dezembro de 2027;142;112;http://pesquisa.in.gov.br/imprensa/jsp/visualiza/index.jsp?data=30/07/2026&jornal=515&pagina=112;DOU_XML;Defere, em grau de Reconsideração, a Renovação do CEBAS do Hospital São Vicente de Paulo, com sede em Mantena (MG).
24172841#1;24172841;515_20260730_24172841.xml;2026-07-30;2026-07-23;Portaria SAES/MS Nº 4.459, DE 23 DE julho DE 2026;Ministério da Saúde/Secretaria de Atenção Especializada à Saúde;SAUDE;01767090000103;S;Associação Hospitalar Beneficente Frei Bruno;Xaxim/SC;RENOVACAO;S;;1º de janeiro de 2026 a 31 de dezembro de 2028;142;112;http://pesquisa.in.gov.br/imprensa/jsp/visualiza/index.jsp?data=30/07/2026&jornal=515&pagina=112;DOU_XML;Defere a Renovação do CEBAS da Associação Hospitalar Beneficente Frei Bruno, com sede em Xaxim (SC).
24177678#1;24177678;515_20260731_24177678.xml;2026-07-31;2026-07-29;Despacho GM/MS Nº 72, DE 29 DE julho DE 2026;Ministério da Saúde/Gabinete do Ministro;SAUDE;75403287000108;S;IRMANDADE DA SANTA CASA DE ARAPONGAS;PR;OUTRO;;prazo para sanar pendencias (recurso em andamento);;143;82;http://pesquisa.in.gov.br/imprensa/jsp/visualiza/index.jsp?data=31/07/2026&jornal=515&pagina=82;DOU_XML;Decisão: À vista do que consta dos autos, adoto como razões os fundamentos de mérito e de fato apresentados na Nota Técnica nº 165/2026-CGCER/DCEBAS/SAES/MS para CONCEDER o prazo de 30 (trinta) dias para que a entidade interessada possa apresentar novas considerações e fazer juntada de documentos com vistas a sanar impropriedades identificadas pela autoridade julgadora nas razões do Indeferimento do Requerimento de Renovação conforme estabelece o § 2º, do artigo 39 da Lei Complementar nº 187, de 16 de dezembro de 2021.
24178656#1;24178656;515_20260731_24178656.xml;2026-07-31;2026-07-27;Portaria SAES/MS Nº 4.575, DE 27 DE julho DE 2026;Ministério da Saúde/Secretaria de Atenção Especializada à Saúde;SAUDE;90928151000105;S;Hospital São Patrício de Itaqui;Itaqui/RS;RENOVACAO;S;;1º de janeiro de 2025 a 31 de dezembro de 2027;143;91;http://pesquisa.in.gov.br/imprensa/jsp/visualiza/index.jsp?data=31/07/2026&jornal=515&pagina=91;DOU_XML;Defere a Renovação do CEBAS do Hospital São Patrício de Itaqui, com sede em Itaqui (RS).
24178657#1;24178657;515_20260731_24178657.xml;2026-07-31;2026-07-24;Portaria SAES/MS Nº 4.566, DE 24 DE julho DE 2026;Ministério da Saúde/Secretaria de Atenção Especializada à Saúde;SAUDE;48341283000161;S;Santa Casa de Misericórdia de Guaíra;Guaíra/SP;RENOVACAO;S;;1º de janeiro de 2027 a 31 de dezembro de 2029;143;90;http://pesquisa.in.gov.br/imprensa/jsp/visualiza/index.jsp?data=31/07/2026&jornal=515&pagina=90;DOU_XML;Defere a Renovação do CEBAS da Santa Casa de Misericórdia de Guaíra, com sede em Guaíra (SP).
24178658#1;24178658;515_20260731_24178658.xml;2026-07-31;2026-07-24;Portaria SAES/MS Nº 4.564, DE 24 DE julho DE 2026;Ministério da Saúde/Secretaria de Atenção Especializada à Saúde;SAUDE;26213316000155;S;Associação Saúde de Mangueirinha;Mangueirinha/PR;RENOVACAO;S;;08 de agosto de 2024 a 07 de agosto de 2027;143;90;http://pesquisa.in.gov.br/imprensa/jsp/visualiza/index.jsp?data=31/07/2026&jornal=515&pagina=90;DOU_XML;Defere a Renovação do CEBAS da Associação Saúde de Mangueirinha, com sede em Mangueirinha (PR).
24178659#1;24178659;515_20260731_24178659.xml;2026-07-31;2026-07-24;Portaria SAES/MS Nº 4.563, DE 24 DE julho DE 2026;Ministério da Saúde/Secretaria de Atenção Especializada à Saúde;SAUDE;07267476000132;S;Instituto de Gestão Aliança - IGA;Lauro de Freitas/BA;INDEFERIMENTO;N;renovacao;;143;90;http://pesquisa.in.gov.br/imprensa/jsp/visualiza/index.jsp?data=31/07/2026&jornal=515&pagina=90;DOU_XML;Indefere a Renovação do CEBAS do Instituto de Gestão Aliança - IGA, com sede em Lauro de Freitas (BA).
24178667#1;24178667;515_20260731_24178667.xml;2026-07-31;2026-07-27;Portaria SAES/MS Nº 4.574, DE 27 DE julho DE 2026;Ministério da Saúde/Secretaria de Atenção Especializada à Saúde;SAUDE;54667316000160;S;Sociedade de Beneficência de Piraju;Piraju/SP;INDEFERIMENTO;N;renovacao;;143;91;http://pesquisa.in.gov.br/imprensa/jsp/visualiza/index.jsp?data=31/07/2026&jornal=515&pagina=91;DOU_XML;Indefere a Renovação do CEBAS da Sociedade de Beneficência de Piraju, com sede em Piraju (SP).
24178692#1;24178692;515_20260731_24178692.xml;2026-07-31;2026-07-27;Portaria SAES/MS Nº 4.573, DE 27 DE julho DE 2026;Ministério da Saúde/Secretaria de Atenção Especializada à Saúde;SAUDE;19719103000134;S;Associação Beneficente São Camilo;Conselheiro Lafaiete/MG;INDEFERIMENTO;N;renovacao;;143;91;http://pesquisa.in.gov.br/imprensa/jsp/visualiza/index.jsp?data=31/07/2026&jornal=515&pagina=91;DOU_XML;Indefere a Renovação do CEBAS da Associação Beneficente São Camilo, com sede em Conselheiro Lafaiete (MG).
24178693#1;24178693;515_20260731_24178693.xml;2026-07-31;2026-07-27;Portaria SAES/MS Nº 4.572, DE 27 DE julho DE 2026;Ministério da Saúde/Secretaria de Atenção Especializada à Saúde;SAUDE;85217032000104;S;Instituto Hospitalar e Beneficente Nossa Senhora Mercês;Iporã do Oeste/SC;RENOVACAO;S;;1º de janeiro de 2025 a 31 de dezembro de 2027;143;91;http://pesquisa.in.gov.br/imprensa/jsp/visualiza/index.jsp?data=31/07/2026&jornal=515&pagina=91;DOU_XML;Defere a Renovação do CEBAS do Instituto Hospitalar e Beneficente Nossa Senhora Mercês, com sede em Iporã do Oeste (SC).
24178694#1;24178694;515_20260731_24178694.xml;2026-07-31;2026-07-27;Portaria SAES/MS Nº 4.571, DE 27 DE julho DE 2026;Ministério da Saúde/Secretaria de Atenção Especializada à Saúde;SAUDE;18039461000133;S;Santa Casa de Misericórdia de Passa Tempo;Passa Tempo/MG;RENOVACAO;S;;1º de janeiro de 2025 a 31 de dezembro de 2027;143;91;http://pesquisa.in.gov.br/imprensa/jsp/visualiza/index.jsp?data=31/07/2026&jornal=515&pagina=91;DOU_XML;Defere a Renovação do CEBAS da Santa Casa de Misericórdia de Passa Tempo, com sede em Passa Tempo (MG).
24178695#1;24178695;515_20260731_24178695.xml;2026-07-31;2026-07-27;Portaria SAES/MS Nº 4.570, DE 27 DE julho DE 2026;Ministério da Saúde/Secretaria de Atenção Especializada à Saúde;SAUDE;07755928000125;S;Associação de Saúde de Feliz;Feliz/RS;RECONSIDERACAO;S;renovacao;09 de abril 2024 a 08 de abril de 2027;143;91;http://pesquisa.in.gov.br/imprensa/jsp/visualiza/index.jsp?data=31/07/2026&jornal=515&pagina=91;DOU_XML;Defere, em grau de Reconsideração, a Renovação do CEBAS da Associação de Saúde de Feliz, com sede em Feliz (RS).
24178696#1;24178696;515_20260731_24178696.xml;2026-07-31;2026-07-24;Portaria SAES/MS Nº 4.568, DE 24 DE julho DE 2026;Ministério da Saúde/Secretaria de Atenção Especializada à Saúde;SAUDE;09269235000158;S;Fundação Moemense de Saúde Luiz Henrique Gontijo de Oliveira;Moema/MG;RENOVACAO;S;;1º de janeiro de 2025 a 31 de dezembro de 2027;143;90;http://pesquisa.in.gov.br/imprensa/jsp/visualiza/index.jsp?data=31/07/2026&jornal=515&pagina=90;DOU_XML;Defere a Renovação do CEBAS da Fundação Moemense de Saúde Luiz Henrique Gontijo de Oliveira, com sede em Moema (MG).
24178697#1;24178697;515_20260731_24178697.xml;2026-07-31;2026-07-24;Portaria SAES/MS Nº 4.567, DE 24 DE julho DE 2026;Ministério da Saúde/Secretaria de Atenção Especializada à Saúde;SAUDE;29263068000145;S;Associação Brasileira Interdisciplinar de AIDS;Rio de Janeiro/RJ;INDEFERIMENTO;N;renovacao;;143;90;http://pesquisa.in.gov.br/imprensa/jsp/visualiza/index.jsp?data=31/07/2026&jornal=515&pagina=90;DOU_XML;Indefere a Renovação do CEBAS da Associação Brasileira Interdisciplinar de AIDS, com sede em no Rio de Janeiro (RJ).
24178698#1;24178698;515_20260731_24178698.xml;2026-07-31;2026-07-24;Portaria SAES/MS Nº 4.565, DE 24 DE julho DE 2026;Ministério da Saúde/Secretaria de Atenção Especializada à Saúde;SAUDE;07273592000164;S;Irmandade Beneficente da Santa Casa da Misericórdia de Fortaleza;Fortaleza/CE;RENOVACAO;S;;09 de outubro de 2021 a 08 de outubro de 2024;143;90;http://pesquisa.in.gov.br/imprensa/jsp/visualiza/index.jsp?data=31/07/2026&jornal=515&pagina=90;DOU_XML;Defere a Renovação do CEBAS da Irmandade Beneficente da Santa Casa da Misericórdia de Fortaleza, com sede em Fortaleza (CE).
