ref_ato;id_materia;arquivo;data_publicacao;data_ato;identificacao_ato;orgao;area;cnpj;cnpj_dv_ok;entidade;municipio_uf;tipo_ato;deferido;detalhe;validade;edicao;pagina;url_pdf;fonte;trecho
24183417#1;24183417;515_20260803_24183417.xml;2026-08-03;2026-07-31;Despacho GM/MS Nº 73, DE 31 DE julho DE 2026;Ministério da Saúde/Gabinete do Ministro;SAUDE;06288135000180;S;ICDS - INSTITUTO DE COOPERAÇÃO PARA O DESENVOLVIMENTO DA SAÚDE;SP;CANCELAMENTO;N;recurso negado;;144;49;http://pesquisa.in.gov.br/imprensa/jsp/visualiza/index.jsp?data=03/08/2026&jornal=515&pagina=49;DOU_XML;Decisão: À vista do que consta dos autos, adoto como razões de decidir os fundamentos de mérito e de fato apresentados na Nota Técnica nº 24/2026-CGPROF/DCEBAS/SAES/MS, bem como as razões de direito expostas pela Consultoria Jurídica, nos termos do PARECER REFERENCIAL nº 00003/2021/CONJUR-MS/CGU/AGU, e respectivo Despacho de aprovação, e NEGO PROVIMENTO ao recurso administrativo interposto pela Entidade em epígrafe.
24184362#1;24184362;515_20260804_24184362.xml;2026-08-04;2026-07-31;Portaria SAES/MS Nº 4.597, DE 31 DE julho DE 2026;Ministério da Saúde/Secretaria de Atenção Especializada à Saúde;SAUDE;03163888000171;S;Santa Casa de Misericórdia de Paranaíba;Paranaíba/MS;RENOVACAO;S;;23 de outubro de 2024 a 22 de outubro de 2027;145;73;http://pesquisa.in.gov.br/imprensa/jsp/visualiza/index.jsp?data=04/08/2026&jornal=515&pagina=73;DOU_XML;Defere a Renovação do CEBAS da Santa Casa de Misericórdia de Paranaíba, com sede em Paranaíba (MS).
24184363#1;24184363;515_20260804_24184363.xml;2026-08-04;2026-07-31;Portaria SAES/MS Nº 4.598, DE 31 DE julho DE 2026;Ministério da Saúde/Secretaria de Atenção Especializada à Saúde;SAUDE;91985663000168;S;Associação Civil Bombeiros Voluntários de Garibaldi;Garibaldi/RS;RECONSIDERACAO;S;concessao;3 (Três) anos a contar da data de publicação no Diário Oficial da União - DOU;145;73;http://pesquisa.in.gov.br/imprensa/jsp/visualiza/index.jsp?data=04/08/2026&jornal=515&pagina=73;DOU_XML;Defere, em grau de Reconsideração, a Concessão do CEBAS da Associação Civil Bombeiros Voluntários de Garibaldi, com sede em Garibaldi (RS).
24184364#1;24184364;515_20260804_24184364.xml;2026-08-04;2026-07-29;Portaria SAES/MS Nº 4.592, DE 29 DE julho DE 2026;Ministério da Saúde/Secretaria de Atenção Especializada à Saúde;SAUDE;45968716000115;S;Irmandade da Casa de Caridade São Vicente de Paulo de Cajuru;Cajuru/SP;RENOVACAO;S;;1º de janeiro de 2027 a 31 de dezembro de 2029;145;73;http://pesquisa.in.gov.br/imprensa/jsp/visualiza/index.jsp?data=04/08/2026&jornal=515&pagina=73;DOU_XML;Defere a Renovação do CEBAS da Irmandade da Casa de Caridade São Vicente de Paulo de Cajuru, com sede em Cajuru (SP).
24184365#1;24184365;515_20260804_24184365.xml;2026-08-04;2026-07-29;Portaria SAES/MS Nº 4.591, DE 29 DE julho DE 2026;Ministério da Saúde/Secretaria de Atenção Especializada à Saúde;SAUDE;92404789000164;S;Sociedade Beneficente do Hospital de Caridade;Frederico Westphalen/RS;RENOVACAO;S;;1º de janeiro de 2026 a 31 de dezembro de 2028;145;73;http://pesquisa.in.gov.br/imprensa/jsp/visualiza/index.jsp?data=04/08/2026&jornal=515&pagina=73;DOU_XML;Defere a Renovação do CEBAS da Sociedade Beneficente do Hospital de Caridade, com sede em Frederico Westphalen (RS).
24184366#1;24184366;515_20260804_24184366.xml;2026-08-04;2026-07-28;Portaria SAES/MS Nº 4.588, DE 28 DE julho DE 2026;Ministério da Saúde/Secretaria de Atenção Especializada à Saúde;SAUDE;96419353000108;S;Associação Hospitalar Santo Afonso;Cândido Godoi/RS;RENOVACAO;S;;21 de dezembro de 2024 a 20 de dezembro de 2027;145;73;http://pesquisa.in.gov.br/imprensa/jsp/visualiza/index.jsp?data=04/08/2026&jornal=515&pagina=73;DOU_XML;Defere a Renovação do CEBAS da Associação Hospitalar Santo Afonso, com sede em Cândido Godoi (RS).
24184367#1;24184367;515_20260804_24184367.xml;2026-08-04;2026-07-28;Portaria SAES/MS Nº 4.586, DE 28 DE julho DE 2026;Ministério da Saúde/Secretaria de Atenção Especializada à Saúde;SAUDE;31627025000143;S;Fundação Estatal Regional de Saúde e Desenvolvimento Social da Bacia do Juquery;Franco da Rocha/SP;INDEFERIMENTO;N;concessao;;145;73;http://pesquisa.in.gov.br/imprensa/jsp/visualiza/index.jsp?data=04/08/2026&jornal=515&pagina=73;DOU_XML;Indefere a Concessão do CEBAS da Fundação Estatal Regional de Saúde e Desenvolvimento Social da Bacia do Juquery, com sede em Franco da Rocha (SP).
24184428#1;24184428;515_20260804_24184428.xml;2026-08-04;2026-07-30;Portaria SAES/MS Nº 4.596, DE 30 DE julho DE 2026;Ministério da Saúde/Secretaria de Atenção Especializada à Saúde;SAUDE;94862265000142;S;Associação de Caridade Santa Casa de Rio Grande em Recuperação Judicial;Rio Grande/RS;RENOVACAO;S;judicial;16 de novembro de 2023 a 15 de novembro de 2026;145;73;http://pesquisa.in.gov.br/imprensa/jsp/visualiza/index.jsp?data=04/08/2026&jornal=515&pagina=73;DOU_XML;Defere, sub judice, a Renovação do CEBAS da Associação de Caridade Santa Casa de Rio Grande em Recuperação Judicial, com sede em Rio Grande (RS).
24189106#1;24189106;515_20260804_24189106.xml;2026-08-04;2026-08-03;Despacho GM/MS Nº 74, DE 3 DE agosto DE 2026;Ministério da Saúde/Gabinete do Ministro;SAUDE;47844287000108;S;Irmandade da Santa Casa de Misericórdia de Fernandópolis em Recuperação Judicial;;OUTRO;;prazo para sanar pendencias (recurso em andamento);;145;73;http://pesquisa.in.gov.br/imprensa/jsp/visualiza/index.jsp?data=04/08/2026&jornal=515&pagina=73;DOU_XML;Decisão: À vista do que consta dos autos, adoto como razões os fundamentos de mérito e de fato apresentados na Nota Técnica nº 132/2026-CGCER/DCEBAS/SAES/MS para CONCEDER o prazo de 30 (trinta) dias para que a entidade interessada possa apresentar novas considerações e fazer juntada de documentos com vistas a sanar impropriedades identificadas pela autoridade julgadora nas razões do Indeferimento do Requerimento de Renovação conforme estabelece o § 2º, do artigo 39 da Lei Complementar nº 187, de 16 de dezembro de 2021.
24203695#1;24203695;515_20260807_24203695.xml;2026-08-07;2026-08-06;DESPACHO DE 6 DE AGOSTO DE 2026;Ministério do Desenvolvimento e Assistência Social, Família e Combate à Fome/Gabinete do Ministro;ASSISTENCIA;03435449000170;S;FUNDAÇÃO RÁDIO E TV EDUCATIVA DE JUÍNA;Juína/MT;OUTRO;;consulta publica do processo;;148;23;http://pesquisa.in.gov.br/imprensa/jsp/visualiza/index.jsp?data=07/08/2026&jornal=515&pagina=23;DOU_XML;O CHEFE DE GABINETE DO MINISTRO DE ESTADO DO DESENVOLVIMENTO E ASSISTÊNCIA SOCIAL, FAMÍLIA E COMBATE À FOME, no uso da competência que lhe foi delegada pela Portaria MC nº 586, de 13 de abril de 2019, e tendo em vista o disposto na Lei nº 12.101, de 27 de novembro de 2009, e no § 4º do artigo 14 do Decreto nº 8.242, de 23 de maio de 2014, resolve abrir prazo de quinze dias para a manifestação da sociedade civil, na página eletrônica http://aplicacoes.mds.gov.br/snas/redeprivada/manifestacaorp/lista_processos.php, referente ao seguinte processo:
24203696#1;24203696;515_20260807_24203696.xml;2026-08-07;2026-08-06;DESPACHO DE 6 DE AGOSTO DE 2026;Ministério do Desenvolvimento e Assistência Social, Família e Combate à Fome/Gabinete do Ministro;ASSISTENCIA;80242258000133;S;INSTITUTO EDUCACIONAL DUQUE DE CAXIAS;Ponta Grossa/PR;OUTRO;;consulta publica do processo;;148;23;http://pesquisa.in.gov.br/imprensa/jsp/visualiza/index.jsp?data=07/08/2026&jornal=515&pagina=23;DOU_XML;O CHEFE DE GABINETE DO MINISTRO DE ESTADO DO DESENVOLVIMENTO E ASSISTÊNCIA SOCIAL, FAMÍLIA E COMBATE À FOME, no uso da competência que lhe foi delegada pela Portaria MC nº 586, de 13 de abril de 2019, e tendo em vista o disposto na Lei nº 12.101, de 27 de novembro de 2009, e no § 4º do artigo 14 do Decreto nº 8.242, de 23 de maio de 2014, resolve abrir prazo de quinze dias para a manifestação da sociedade civil, na página eletrônica http://aplicacoes.mds.gov.br/snas/redeprivada/manifestacaorp/lista_processos.php, referente ao seguinte processo:
24203697#1;24203697;515_20260807_24203697.xml;2026-08-07;2026-08-06;DESPACHO DE 6 DE AGOSTO DE 2026;Ministério do Desenvolvimento e Assistência Social, Família e Combate à Fome/Gabinete do Ministro;ASSISTENCIA;78102480000199;S;FUNDAÇÃO JANDIRA ÁUREA ZILIO;Medianeira/PR;OUTRO;;consulta publica do processo;;148;24;http://pesquisa.in.gov.br/imprensa/jsp/visualiza/index.jsp?data=07/08/2026&jornal=515&pagina=24;DOU_XML;O CHEFE DE GABINETE DO MINISTRO DE ESTADO DO DESENVOLVIMENTO E ASSISTÊNCIA SOCIAL, FAMÍLIA E COMBATE À FOME, no uso da competência que lhe foi delegada pela Portaria MC nº 586, de 13 de abril de 2019, e tendo em vista o disposto na Lei nº 12.101, de 27 de novembro de 2009, e no § 4º do artigo 14 do Decreto nº 8.242, de 23 de maio de 2014, resolve abrir prazo de quinze dias para a manifestação da sociedade civil, na página eletrônica http://aplicacoes.mds.gov.br/snas/redeprivada/manifestacaorp/lista_processos.php, referente ao seguinte processo:
24203698#1;24203698;515_20260807_24203698.xml;2026-08-07;2026-08-06;DESPACHO DE 6 DE AGOSTO DE 2026;Ministério do Desenvolvimento e Assistência Social, Família e Combate à Fome/Gabinete do Ministro;ASSISTENCIA;86819323000127;S;FUNDAÇÃO PRO-CERRADO;Goiânia/GO;OUTRO;;consulta publica do processo;;148;24;http://pesquisa.in.gov.br/imprensa/jsp/visualiza/index.jsp?data=07/08/2026&jornal=515&pagina=24;DOU_XML;O CHEFE DE GABINETE DO MINISTRO DE ESTADO DO DESENVOLVIMENTO E ASSISTÊNCIA SOCIAL, FAMÍLIA E COMBATE À FOME, no uso da competência que lhe foi delegada pela Portaria MC nº 586, de 13 de abril de 2019, e tendo em vista o disposto na Lei nº 12.101, de 27 de novembro de 2009, e no § 4º do artigo 14 do Decreto nº 8.242, de 23 de maio de 2014, resolve abrir prazo de quinze dias para a manifestação da sociedade civil, na página eletrônica http://aplicacoes.mds.gov.br/snas/redeprivada/manifestacaorp/lista_processos.php, referente ao seguinte processo:
24203699#1;24203699;515_20260807_24203699.xml;2026-08-07;2026-08-06;DESPACHO DE 6 DE AGOSTO DE 2026;Ministério do Desenvolvimento e Assistência Social, Família e Combate à Fome/Gabinete do Ministro;ASSISTENCIA;19083062000132;S;LAR VICENTINO SANTO ANTÔNIO;Campanha/MG;OUTRO;;consulta publica do processo;;148;24;http://pesquisa.in.gov.br/imprensa/jsp/visualiza/index.jsp?data=07/08/2026&jornal=515&pagina=24;DOU_XML;O CHEFE DE GABINETE DO MINISTRO DE ESTADO DO DESENVOLVIMENTO E ASSISTÊNCIA SOCIAL, FAMÍLIA E COMBATE À FOME, no uso da competência que lhe foi delegada pela Portaria MC nº 586, de 13 de abril de 2019, e tendo em vista o disposto na Lei nº 12.101, de 27 de novembro de 2009, e no § 4º do artigo 14 do Decreto nº 8.242, de 23 de maio de 2014, resolve abrir prazo de quinze dias para a manifestação da sociedade civil, na página eletrônica http://aplicacoes.mds.gov.br/snas/redeprivada/manifestacaorp/lista_processos.php, referente ao seguinte processo:
24203700#1;24203700;515_20260807_24203700.xml;2026-08-07;2026-08-06;DESPACHO DE 6 DE AGOSTO DE 2026;Ministério do Desenvolvimento e Assistência Social, Família e Combate à Fome/Gabinete do Ministro;ASSISTENCIA;00491904000167;S;DOUTORES DA ALEGRIA - ARTE NA PROMOÇÃO DA SAÚDE, NA FORMAÇÃO E NO DESENVOLVIMENTO SOCIAL;São Paulo/SP;OUTRO;;consulta publica do processo;;148;24;http://pesquisa.in.gov.br/imprensa/jsp/visualiza/index.jsp?data=07/08/2026&jornal=515&pagina=24;DOU_XML;O CHEFE DE GABINETE DO MINISTRO DE ESTADO DO DESENVOLVIMENTO E ASSISTÊNCIA SOCIAL, FAMÍLIA E COMBATE À FOME, no uso da competência que lhe foi delegada pela Portaria MC nº 586, de 13 de abril de 2019, e tendo em vista o disposto na Lei nº 12.101, de 27 de novembro de 2009, e no § 4º do artigo 14 do Decreto nº 8.242, de 23 de maio de 2014, resolve abrir prazo de quinze dias para a manifestação da sociedade civil, na página eletrônica http://aplicacoes.mds.gov.br/snas/redeprivada/manifestacaorp/lista_processos.php, referente ao seguinte processo:
24203701#1;24203701;515_20260807_24203701.xml;2026-08-07;2026-08-06;DESPACHO DE 6 DE AGOSTO DE 2026;Ministério do Desenvolvimento e Assistência Social, Família e Combate à Fome/Gabinete do Ministro;ASSISTENCIA;12183968000180;S;SECRETARIADO DE ASSISTÊNCIA SOCIAL JUVENÓPOLIS;Maceió/AL;OUTRO;;consulta publica do processo;;148;24;http://pesquisa.in.gov.br/imprensa/jsp/visualiza/index.jsp?data=07/08/2026&jornal=515&pagina=24;DOU_XML;O CHEFE DE GABINETE DO MINISTRO DE ESTADO DO DESENVOLVIMENTO E ASSISTÊNCIA SOCIAL, FAMÍLIA E COMBATE À FOME, no uso da competência que lhe foi delegada pela Portaria MC nº 586, de 13 de abril de 2019, e tendo em vista o disposto na Lei nº 12.101, de 27 de novembro de 2009, e no § 4º do artigo 14 do Decreto nº 8.242, de 23 de maio de 2014, resolve abrir prazo de quinze dias para a manifestação da sociedade civil, na página eletrônica http://aplicacoes.mds.gov.br/snas/redeprivada/manifestacaorp/lista_processos.php, referente ao seguinte processo:
24204978#1;24204978;515_20260807_24204978.xml;2026-08-07;2026-07-31;PORTARIA Nº 110, DE 31 DE JULHO DE 2026;Ministério do Desenvolvimento e Assistência Social, Família e Combate à Fome/Secretaria Nacional de Assistência Social/Departamento da Rede Socioassistencial Privada do Sistema Único de Assistência Social;ASSISTENCIA;58219551000120;S;ASILO DE INVÁLIDOS DE SANTOS;SANTOS/SP;CONCESSAO;S;;;148;24;http://pesquisa.in.gov.br/imprensa/jsp/visualiza/index.jsp?data=07/08/2026&jornal=515&pagina=24;DOU_XML;Art. 1º Deferir a concessão de certificação de entidade beneficente de assistência social da seguinte entidade por atender os requisitos legais constantes na Le [...] 1) ASILO DE INVÁLIDOS DE SANTOS, 58.219.551/0001-20, SANTOS/SP, 235874.0021121/2020.
24204978#1;24204978;515_20260807_24204978.xml;2026-08-07;2026-07-31;PORTARIA Nº 110, DE 31 DE JULHO DE 2026;Ministério do Desenvolvimento e Assistência Social, Família e Combate à Fome/Secretaria Nacional de Assistência Social/Departamento da Rede Socioassistencial Privada do Sistema Único de Assistência Social;ASSISTENCIA;03637022000155;S;APB ASSOCIAÇÃO POSITIVA DE BRASÍLIA;BRASILIA/DF;RENOVACAO;S;;21/12/2021 a 20/12/2026;148;24;http://pesquisa.in.gov.br/imprensa/jsp/visualiza/index.jsp?data=07/08/2026&jornal=515&pagina=24;DOU_XML;Art. 2º Deferir as renovações de certificação de entidade beneficente de assistência social das seguintes entidades por atenderem os requisitos legais constante [...] 1) APB ASSOCIAÇÃO POSITIVA DE BRASÍLIA, 03.637.022/0001-55, BRASILIA/DF, 235874.0201069/2021, de 21/12/2021 a 20/12/2026.
24204978#1;24204978;515_20260807_24204978.xml;2026-08-07;2026-07-31;PORTARIA Nº 110, DE 31 DE JULHO DE 2026;Ministério do Desenvolvimento e Assistência Social, Família e Combate à Fome/Secretaria Nacional de Assistência Social/Departamento da Rede Socioassistencial Privada do Sistema Único de Assistência Social;ASSISTENCIA;60428646000104;S;ASSOCIAÇÃO FEMININA DE ESTUDOS SOCIAIS E UNIVERSITÁRIOS;SÃO PAULO/SP;RENOVACAO;S;;01/01/2021 a 31/12/2023;148;24;http://pesquisa.in.gov.br/imprensa/jsp/visualiza/index.jsp?data=07/08/2026&jornal=515&pagina=24;DOU_XML;Art. 2º Deferir as renovações de certificação de entidade beneficente de assistência social das seguintes entidades por atenderem os requisitos legais constante [...] 2) ASSOCIAÇÃO FEMININA DE ESTUDOS SOCIAIS E UNIVERSITÁRIOS, 60.428.646/0001-04, SÃO PAULO/SP, 235874.0023841/2020, de 01/01/2021 a 31/12/2023.
24204978#1;24204978;515_20260807_24204978.xml;2026-08-07;2026-07-31;PORTARIA Nº 110, DE 31 DE JULHO DE 2026;Ministério do Desenvolvimento e Assistência Social, Família e Combate à Fome/Secretaria Nacional de Assistência Social/Departamento da Rede Socioassistencial Privada do Sistema Único de Assistência Social;ASSISTENCIA;01009617000130;S;INSTITUTO DE AÇÃO SOCIAL JOÃO PAULO II;GUARAPUAVA/PR;RENOVACAO;S;;06/06/2012 a 05/06/2017;148;24;http://pesquisa.in.gov.br/imprensa/jsp/visualiza/index.jsp?data=07/08/2026&jornal=515&pagina=24;DOU_XML;Art. 2º Deferir as renovações de certificação de entidade beneficente de assistência social das seguintes entidades por atenderem os requisitos legais constante [...] 3) INSTITUTO DE AÇÃO SOCIAL JOÃO PAULO II, 01.009.617/0001-30, GUARAPUAVA/PR, 23123.002667/2011-17, de 06/06/2012 a 05/06/2017.
24204978#1;24204978;515_20260807_24204978.xml;2026-08-07;2026-07-31;PORTARIA Nº 110, DE 31 DE JULHO DE 2026;Ministério do Desenvolvimento e Assistência Social, Família e Combate à Fome/Secretaria Nacional de Assistência Social/Departamento da Rede Socioassistencial Privada do Sistema Único de Assistência Social;ASSISTENCIA;56885262000135;S;PASTORAL DO MENOR E FAMÍLIA DA DIOCESE DE FRANCA;FRANCA/SP;RENOVACAO;S;;04/05/2018 a 03/05/2021;148;24;http://pesquisa.in.gov.br/imprensa/jsp/visualiza/index.jsp?data=07/08/2026&jornal=515&pagina=24;DOU_XML;Art. 2º Deferir as renovações de certificação de entidade beneficente de assistência social das seguintes entidades por atenderem os requisitos legais constante [...] 4) PASTORAL DO MENOR E FAMÍLIA DA DIOCESE DE FRANCA, 56.885.262/0001-35, FRANCA/SP, 71000.081045/2017-71, de 04/05/2018 a 03/05/2021.
24204978#1;24204978;515_20260807_24204978.xml;2026-08-07;2026-07-31;PORTARIA Nº 110, DE 31 DE JULHO DE 2026;Ministério do Desenvolvimento e Assistência Social, Família e Combate à Fome/Secretaria Nacional de Assistência Social/Departamento da Rede Socioassistencial Privada do Sistema Único de Assistência Social;ASSISTENCIA;60978723000191;S;UNIÃO BRASILEIRO-ISRAELITA DO BEM-ESTAR SOCIAL - UNIBES;SAO PAULO/SP;RENOVACAO;S;;01/01/2021 a 31/12/2023;148;24;http://pesquisa.in.gov.br/imprensa/jsp/visualiza/index.jsp?data=07/08/2026&jornal=515&pagina=24;DOU_XML;Art. 2º Deferir as renovações de certificação de entidade beneficente de assistência social das seguintes entidades por atenderem os requisitos legais constante [...] 5) UNIÃO BRASILEIRO-ISRAELITA DO BEM-ESTAR SOCIAL - UNIBES, 60.978.723/0001-91, SAO PAULO/SP, 235874.0027340/2020, de 01/01/2021 a 31/12/2023.
24204978#2;24204978;515_20260807_24204978.xml;2026-08-07;2026-07-31;PORTARIA Nº 111, DE 31 DE JULHO DE 2026;Ministério do Desenvolvimento e Assistência Social, Família e Combate à Fome/Secretaria Nacional de Assistência Social/Departamento da Rede Socioassistencial Privada do Sistema Único de Assistência Social;ASSISTENCIA;09869926000192;S;ABRIGO JESUS MENINO DE ORFAOS E ABANDONADOS;RECIFE/PE;CONCESSAO;S;;;148;24;http://pesquisa.in.gov.br/imprensa/jsp/visualiza/index.jsp?data=07/08/2026&jornal=515&pagina=24;DOU_XML;Art. 1º Deferir as concessões de certificação de entidade beneficente de assistência social das seguintes entidades por atender os requisitos legais constantes  [...] 1) ABRIGO JESUS MENINO DE ORFAOS E ABANDONADOS, 09.869.926/0001-92, RECIFE/PE, 235874.0240475/2022.
24204978#2;24204978;515_20260807_24204978.xml;2026-08-07;2026-07-31;PORTARIA Nº 111, DE 31 DE JULHO DE 2026;Ministério do Desenvolvimento e Assistência Social, Família e Combate à Fome/Secretaria Nacional de Assistência Social/Departamento da Rede Socioassistencial Privada do Sistema Único de Assistência Social;ASSISTENCIA;66995713000140;S;ADOT ASSOC ASSIST PROT AO ADOLESCENTE TR;SERTÃOZINHO/SP;CONCESSAO;S;;;148;24;http://pesquisa.in.gov.br/imprensa/jsp/visualiza/index.jsp?data=07/08/2026&jornal=515&pagina=24;DOU_XML;Art. 1º Deferir as concessões de certificação de entidade beneficente de assistência social das seguintes entidades por atender os requisitos legais constantes  [...] 2) ADOT ASSOC ASSIST PROT AO ADOLESCENTE TR, 66.995.713/0001-40, SERTÃOZINHO/SP, 308796.0993073/2024.
24204978#2;24204978;515_20260807_24204978.xml;2026-08-07;2026-07-31;PORTARIA Nº 111, DE 31 DE JULHO DE 2026;Ministério do Desenvolvimento e Assistência Social, Família e Combate à Fome/Secretaria Nacional de Assistência Social/Departamento da Rede Socioassistencial Privada do Sistema Único de Assistência Social;ASSISTENCIA;02709676000184;S;APAE - ASSOCIAÇÃO DE PAIS E AMIGOS DOS EXCEPCIONAIS DE RANCHO QUEIMADO;RANCHO QUEIMADO/SC;CONCESSAO;S;;;148;24;http://pesquisa.in.gov.br/imprensa/jsp/visualiza/index.jsp?data=07/08/2026&jornal=515&pagina=24;DOU_XML;Art. 1º Deferir as concessões de certificação de entidade beneficente de assistência social das seguintes entidades por atender os requisitos legais constantes  [...] 3) APAE - ASSOCIAÇÃO DE PAIS E AMIGOS DOS EXCEPCIONAIS DE RANCHO QUEIMADO, 02.709.676/0001-84, RANCHO QUEIMADO/SC, 308796.0867965/2024.
24204978#2;24204978;515_20260807_24204978.xml;2026-08-07;2026-07-31;PORTARIA Nº 111, DE 31 DE JULHO DE 2026;Ministério do Desenvolvimento e Assistência Social, Família e Combate à Fome/Secretaria Nacional de Assistência Social/Departamento da Rede Socioassistencial Privada do Sistema Único de Assistência Social;ASSISTENCIA;01529160000195;S;ASILO DE SAO VICENTE DE PAULO;AREIAS/SP;CONCESSAO;S;;;148;24;http://pesquisa.in.gov.br/imprensa/jsp/visualiza/index.jsp?data=07/08/2026&jornal=515&pagina=24;DOU_XML;Art. 1º Deferir as concessões de certificação de entidade beneficente de assistência social das seguintes entidades por atender os requisitos legais constantes  [...] 4) ASILO DE SAO VICENTE DE PAULO, 01.529.160/0001-95, AREIAS/SP, 235874.0493881/2023.
24204978#2;24204978;515_20260807_24204978.xml;2026-08-07;2026-07-31;PORTARIA Nº 111, DE 31 DE JULHO DE 2026;Ministério do Desenvolvimento e Assistência Social, Família e Combate à Fome/Secretaria Nacional de Assistência Social/Departamento da Rede Socioassistencial Privada do Sistema Único de Assistência Social;ASSISTENCIA;00443870000135;S;ASILO IMACULADA CONCEIÇÃO;ERVÁLIA/MG;CONCESSAO;S;;;148;24;http://pesquisa.in.gov.br/imprensa/jsp/visualiza/index.jsp?data=07/08/2026&jornal=515&pagina=24;DOU_XML;Art. 1º Deferir as concessões de certificação de entidade beneficente de assistência social das seguintes entidades por atender os requisitos legais constantes  [...] 5) ASILO IMACULADA CONCEIÇÃO, 00.443.870/0001-35, ERVÁLIA/MG, 308796.0752749/2023.
24204978#2;24204978;515_20260807_24204978.xml;2026-08-07;2026-07-31;PORTARIA Nº 111, DE 31 DE JULHO DE 2026;Ministério do Desenvolvimento e Assistência Social, Família e Combate à Fome/Secretaria Nacional de Assistência Social/Departamento da Rede Socioassistencial Privada do Sistema Único de Assistência Social;ASSISTENCIA;11955811000162;S;ASSOC. DE PAIS E AMIGOS DOS EXCEPCIONAIS DE DIVISA ALEGRE;DIVISA ALEGRE/MG;CONCESSAO;S;;;148;24;http://pesquisa.in.gov.br/imprensa/jsp/visualiza/index.jsp?data=07/08/2026&jornal=515&pagina=24;DOU_XML;Art. 1º Deferir as concessões de certificação de entidade beneficente de assistência social das seguintes entidades por atender os requisitos legais constantes  [...] 6) ASSOC. DE PAIS E AMIGOS DOS EXCEPCIONAIS DE DIVISA ALEGRE, 11.955.811/0001-62, DIVISA ALEGRE/MG, 308796.1155655/2024.
24204978#2;24204978;515_20260807_24204978.xml;2026-08-07;2026-07-31;PORTARIA Nº 111, DE 31 DE JULHO DE 2026;Ministério do Desenvolvimento e Assistência Social, Família e Combate à Fome/Secretaria Nacional de Assistência Social/Departamento da Rede Socioassistencial Privada do Sistema Único de Assistência Social;ASSISTENCIA;02343490000154;S;ASSOCIACAO BATISTA DE ASSISTENCIA COMUNITARIA - DO MUNICI PIO DE PAULO RAMOS;PAULO RAMOS/MA;CONCESSAO;S;;;148;24;http://pesquisa.in.gov.br/imprensa/jsp/visualiza/index.jsp?data=07/08/2026&jornal=515&pagina=24;DOU_XML;Art. 1º Deferir as concessões de certificação de entidade beneficente de assistência social das seguintes entidades por atender os requisitos legais constantes  [...] 7) ASSOCIACAO BATISTA DE ASSISTENCIA COMUNITARIA - DO MUNICI PIO DE PAULO RAMOS, 02.343.490/0001-54, PAULO RAMOS/MA, 308796.0700808/2023.
24204978#2;24204978;515_20260807_24204978.xml;2026-08-07;2026-07-31;PORTARIA Nº 111, DE 31 DE JULHO DE 2026;Ministério do Desenvolvimento e Assistência Social, Família e Combate à Fome/Secretaria Nacional de Assistência Social/Departamento da Rede Socioassistencial Privada do Sistema Único de Assistência Social;ASSISTENCIA;08326390000104;S;ASSOCIAÇÃO BENEFICENTE DA COMUNIDADE NOSSA SENHORA DE FATIMA DE BERTIOGA;BERTIOGA/SP;CONCESSAO;S;;;148;24;http://pesquisa.in.gov.br/imprensa/jsp/visualiza/index.jsp?data=07/08/2026&jornal=515&pagina=24;DOU_XML;Art. 1º Deferir as concessões de certificação de entidade beneficente de assistência social das seguintes entidades por atender os requisitos legais constantes  [...] 8) ASSOCIAÇÃO BENEFICENTE DA COMUNIDADE NOSSA SENHORA DE FATIMA DE BERTIOGA, 08.326.390/0001-04, BERTIOGA/SP, 308796.0991187/2024.
24204978#2;24204978;515_20260807_24204978.xml;2026-08-07;2026-07-31;PORTARIA Nº 111, DE 31 DE JULHO DE 2026;Ministério do Desenvolvimento e Assistência Social, Família e Combate à Fome/Secretaria Nacional de Assistência Social/Departamento da Rede Socioassistencial Privada do Sistema Único de Assistência Social;ASSISTENCIA;04516835000150;S;ASSOCIAÇÃO COMUNITÁRIA CRIANÇA FELIZ;CANOAS/RS;CONCESSAO;S;;;148;24;http://pesquisa.in.gov.br/imprensa/jsp/visualiza/index.jsp?data=07/08/2026&jornal=515&pagina=24;DOU_XML;Art. 1º Deferir as concessões de certificação de entidade beneficente de assistência social das seguintes entidades por atender os requisitos legais constantes  [...] 9) ASSOCIAÇÃO COMUNITÁRIA CRIANÇA FELIZ, 04.516.835/0001-50, CANOAS/RS, 308796.0993884/2024.
24204978#2;24204978;515_20260807_24204978.xml;2026-08-07;2026-07-31;PORTARIA Nº 111, DE 31 DE JULHO DE 2026;Ministério do Desenvolvimento e Assistência Social, Família e Combate à Fome/Secretaria Nacional de Assistência Social/Departamento da Rede Socioassistencial Privada do Sistema Único de Assistência Social;ASSISTENCIA;02312600000110;S;ASSOCIAÇÃO DE AMIGOS DO AUTISTA NO AMAZONAS;MANAUS/AM;CONCESSAO;S;;;148;24;http://pesquisa.in.gov.br/imprensa/jsp/visualiza/index.jsp?data=07/08/2026&jornal=515&pagina=24;DOU_XML;Art. 1º Deferir as concessões de certificação de entidade beneficente de assistência social das seguintes entidades por atender os requisitos legais constantes  [...] 10) ASSOCIAÇÃO DE AMIGOS DO AUTISTA NO AMAZONAS, 02.312.600/0001-10, MANAUS/AM, 308796.1159395/2024.
24204978#2;24204978;515_20260807_24204978.xml;2026-08-07;2026-07-31;PORTARIA Nº 111, DE 31 DE JULHO DE 2026;Ministério do Desenvolvimento e Assistência Social, Família e Combate à Fome/Secretaria Nacional de Assistência Social/Departamento da Rede Socioassistencial Privada do Sistema Único de Assistência Social;ASSISTENCIA;06862289000134;S;ASSOCIAÇÃO DE JUVENTUDES, CULTURA E CIDADANIA - AJURCC;CAMPINA GRANDE/PB;CONCESSAO;S;;;148;24;http://pesquisa.in.gov.br/imprensa/jsp/visualiza/index.jsp?data=07/08/2026&jornal=515&pagina=24;DOU_XML;Art. 1º Deferir as concessões de certificação de entidade beneficente de assistência social das seguintes entidades por atender os requisitos legais constantes  [...] 11) ASSOCIAÇÃO DE JUVENTUDES, CULTURA E CIDADANIA - AJURCC, 06.862.289/0001-34, CAMPINA GRANDE/PB, 308796.0939668/2024.
24204978#2;24204978;515_20260807_24204978.xml;2026-08-07;2026-07-31;PORTARIA Nº 111, DE 31 DE JULHO DE 2026;Ministério do Desenvolvimento e Assistência Social, Família e Combate à Fome/Secretaria Nacional de Assistência Social/Departamento da Rede Socioassistencial Privada do Sistema Único de Assistência Social;ASSISTENCIA;07559983000140;S;ASSOCIAÇÃO DE MÃES DA SANTA MARIA DA CODIPI III - AMASAMC;TERESINA/PI;CONCESSAO;S;;;148;24;http://pesquisa.in.gov.br/imprensa/jsp/visualiza/index.jsp?data=07/08/2026&jornal=515&pagina=24;DOU_XML;Art. 1º Deferir as concessões de certificação de entidade beneficente de assistência social das seguintes entidades por atender os requisitos legais constantes  [...] 12) ASSOCIAÇÃO DE MÃES DA SANTA MARIA DA CODIPI III - AMASAMC, 07.559.983/0001-40, TERESINA/PI, 308796.1169993/2024.
24204978#2;24204978;515_20260807_24204978.xml;2026-08-07;2026-07-31;PORTARIA Nº 111, DE 31 DE JULHO DE 2026;Ministério do Desenvolvimento e Assistência Social, Família e Combate à Fome/Secretaria Nacional de Assistência Social/Departamento da Rede Socioassistencial Privada do Sistema Único de Assistência Social;ASSISTENCIA;27060167000102;S;ASSOCIAÇÃO DE PAIS E AMIGOS DOS EXCEPCIONAIS DE CHAPADA GAÚCHA;CHAPADA GAÚCHA/MG;CONCESSAO;S;;;148;24;http://pesquisa.in.gov.br/imprensa/jsp/visualiza/index.jsp?data=07/08/2026&jornal=515&pagina=24;DOU_XML;Art. 1º Deferir as concessões de certificação de entidade beneficente de assistência social das seguintes entidades por atender os requisitos legais constantes  [...] 13) ASSOCIAÇÃO DE PAIS E AMIGOS DOS EXCEPCIONAIS DE CHAPADA GAÚCHA, 27.060.167/0001-02, CHAPADA GAÚCHA/MG, 308796.0793308/2023.
24204978#2;24204978;515_20260807_24204978.xml;2026-08-07;2026-07-31;PORTARIA Nº 111, DE 31 DE JULHO DE 2026;Ministério do Desenvolvimento e Assistência Social, Família e Combate à Fome/Secretaria Nacional de Assistência Social/Departamento da Rede Socioassistencial Privada do Sistema Único de Assistência Social;ASSISTENCIA;58230293000183;S;"ASSOCIAÇÃO ESPIRITA ""SEARA DE JESUS""";SANTOS/SP;CONCESSAO;S;;;148;24;http://pesquisa.in.gov.br/imprensa/jsp/visualiza/index.jsp?data=07/08/2026&jornal=515&pagina=24;DOU_XML;"Art. 1º Deferir as concessões de certificação de entidade beneficente de assistência social das seguintes entidades por atender os requisitos legais constantes  [...] 14) ASSOCIAÇÃO ESPIRITA ""SEARA DE JESUS"", 58.230.293/0001-83, SANTOS/SP, 308796.1027801/2024."
24204978#2;24204978;515_20260807_24204978.xml;2026-08-07;2026-07-31;PORTARIA Nº 111, DE 31 DE JULHO DE 2026;Ministério do Desenvolvimento e Assistência Social, Família e Combate à Fome/Secretaria Nacional de Assistência Social/Departamento da Rede Socioassistencial Privada do Sistema Único de Assistência Social;ASSISTENCIA;19783803000198;S;ASSOCIAÇÃO GUARAPUAVANA MUNDO AZUL;GUARAPUAVA/PR;CONCESSAO;S;;;148;24;http://pesquisa.in.gov.br/imprensa/jsp/visualiza/index.jsp?data=07/08/2026&jornal=515&pagina=24;DOU_XML;Art. 1º Deferir as concessões de certificação de entidade beneficente de assistência social das seguintes entidades por atender os requisitos legais constantes  [...] 15) ASSOCIAÇÃO GUARAPUAVANA MUNDO AZUL, 19.783.803/0001-98, GUARAPUAVA/PR, 308796.1132777/2024.
24204978#2;24204978;515_20260807_24204978.xml;2026-08-07;2026-07-31;PORTARIA Nº 111, DE 31 DE JULHO DE 2026;Ministério do Desenvolvimento e Assistência Social, Família e Combate à Fome/Secretaria Nacional de Assistência Social/Departamento da Rede Socioassistencial Privada do Sistema Único de Assistência Social;ASSISTENCIA;21207765000177;S;ASSOCIAÇÃO IDE DE ASSISTÊNCIA A INFÂNCIA;BOTUCATU/SP;CONCESSAO;S;;;148;24;http://pesquisa.in.gov.br/imprensa/jsp/visualiza/index.jsp?data=07/08/2026&jornal=515&pagina=24;DOU_XML;Art. 1º Deferir as concessões de certificação de entidade beneficente de assistência social das seguintes entidades por atender os requisitos legais constantes  [...] 16) ASSOCIAÇÃO IDE DE ASSISTÊNCIA A INFÂNCIA, 21.207.765/0001-77, BOTUCATU/SP, 308796.1015941/2024.
24204978#2;24204978;515_20260807_24204978.xml;2026-08-07;2026-07-31;PORTARIA Nº 111, DE 31 DE JULHO DE 2026;Ministério do Desenvolvimento e Assistência Social, Família e Combate à Fome/Secretaria Nacional de Assistência Social/Departamento da Rede Socioassistencial Privada do Sistema Único de Assistência Social;ASSISTENCIA;45250312000191;S;ASSOCIACAO JUVENTUDE CIDADA;NATAL/RN;CONCESSAO;S;;;148;24;http://pesquisa.in.gov.br/imprensa/jsp/visualiza/index.jsp?data=07/08/2026&jornal=515&pagina=24;DOU_XML;Art. 1º Deferir as concessões de certificação de entidade beneficente de assistência social das seguintes entidades por atender os requisitos legais constantes  [...] 17) ASSOCIACAO JUVENTUDE CIDADA, 45.250.312/0001-91, NATAL/RN, 308796.0911893/2024.
24204978#2;24204978;515_20260807_24204978.xml;2026-08-07;2026-07-31;PORTARIA Nº 111, DE 31 DE JULHO DE 2026;Ministério do Desenvolvimento e Assistência Social, Família e Combate à Fome/Secretaria Nacional de Assistência Social/Departamento da Rede Socioassistencial Privada do Sistema Único de Assistência Social;ASSISTENCIA;07548862000100;S;ASSOCIACAO METODISTA DE ACAO SOCIAL - AMAS - BATAGUASSU - MS;BATAGUASSU/MS;CONCESSAO;S;;;148;24;http://pesquisa.in.gov.br/imprensa/jsp/visualiza/index.jsp?data=07/08/2026&jornal=515&pagina=24;DOU_XML;Art. 1º Deferir as concessões de certificação de entidade beneficente de assistência social das seguintes entidades por atender os requisitos legais constantes  [...] 18) ASSOCIACAO METODISTA DE ACAO SOCIAL - AMAS - BATAGUASSU - MS, 07.548.862/0001-00, BATAGUASSU/MS, 308796.0933871/2024.
24204978#2;24204978;515_20260807_24204978.xml;2026-08-07;2026-07-31;PORTARIA Nº 111, DE 31 DE JULHO DE 2026;Ministério do Desenvolvimento e Assistência Social, Família e Combate à Fome/Secretaria Nacional de Assistência Social/Departamento da Rede Socioassistencial Privada do Sistema Único de Assistência Social;ASSISTENCIA;05263848000127;S;ASSOCIAÇÃO MINEIRA DE EDUCAÇÃO CONTINUADA ASMEC;BELO HORIZONTE/MG;CONCESSAO;S;;;148;24;http://pesquisa.in.gov.br/imprensa/jsp/visualiza/index.jsp?data=07/08/2026&jornal=515&pagina=24;DOU_XML;Art. 1º Deferir as concessões de certificação de entidade beneficente de assistência social das seguintes entidades por atender os requisitos legais constantes  [...] 19) ASSOCIAÇÃO MINEIRA DE EDUCAÇÃO CONTINUADA ASMEC, 05.263.848/0001-27, BELO HORIZONTE/MG, 235874.0264061/2022.
24204978#2;24204978;515_20260807_24204978.xml;2026-08-07;2026-07-31;PORTARIA Nº 111, DE 31 DE JULHO DE 2026;Ministério do Desenvolvimento e Assistência Social, Família e Combate à Fome/Secretaria Nacional de Assistência Social/Departamento da Rede Socioassistencial Privada do Sistema Único de Assistência Social;ASSISTENCIA;09169181000159;S;ASSOCIAÇÃO NOSSA SENHORA DA SANTISSIMA TRINDADE;MACEIÓ/AL;CONCESSAO;S;;;148;24;http://pesquisa.in.gov.br/imprensa/jsp/visualiza/index.jsp?data=07/08/2026&jornal=515&pagina=24;DOU_XML;Art. 1º Deferir as concessões de certificação de entidade beneficente de assistência social das seguintes entidades por atender os requisitos legais constantes  [...] 20) ASSOCIAÇÃO NOSSA SENHORA DA SANTISSIMA TRINDADE, 09.169.181/0001-59, MACEIÓ/AL, 235874.0651900/2023.
24204978#2;24204978;515_20260807_24204978.xml;2026-08-07;2026-07-31;PORTARIA Nº 111, DE 31 DE JULHO DE 2026;Ministério do Desenvolvimento e Assistência Social, Família e Combate à Fome/Secretaria Nacional de Assistência Social/Departamento da Rede Socioassistencial Privada do Sistema Único de Assistência Social;ASSISTENCIA;26616356000148;S;ASSOCIACAO PASSOS MAGICOS;EMBU-GUAÇU/SP;CONCESSAO;S;;;148;24;http://pesquisa.in.gov.br/imprensa/jsp/visualiza/index.jsp?data=07/08/2026&jornal=515&pagina=24;DOU_XML;Art. 1º Deferir as concessões de certificação de entidade beneficente de assistência social das seguintes entidades por atender os requisitos legais constantes  [...] 21) ASSOCIACAO PASSOS MAGICOS, 26.616.356/0001-48, EMBU-GUAÇU/SP, 308796.1140163/2024.
24204978#2;24204978;515_20260807_24204978.xml;2026-08-07;2026-07-31;PORTARIA Nº 111, DE 31 DE JULHO DE 2026;Ministério do Desenvolvimento e Assistência Social, Família e Combate à Fome/Secretaria Nacional de Assistência Social/Departamento da Rede Socioassistencial Privada do Sistema Único de Assistência Social;ASSISTENCIA;08289889000180;S;ASSOCIACAO SER PARTE;CONTAGEM/MG;CONCESSAO;S;;;148;24;http://pesquisa.in.gov.br/imprensa/jsp/visualiza/index.jsp?data=07/08/2026&jornal=515&pagina=24;DOU_XML;Art. 1º Deferir as concessões de certificação de entidade beneficente de assistência social das seguintes entidades por atender os requisitos legais constantes  [...] 22) ASSOCIACAO SER PARTE, 08.289.889/0001-80, CONTAGEM/MG, 308796.0802785/2023.
24204978#2;24204978;515_20260807_24204978.xml;2026-08-07;2026-07-31;PORTARIA Nº 111, DE 31 DE JULHO DE 2026;Ministério do Desenvolvimento e Assistência Social, Família e Combate à Fome/Secretaria Nacional de Assistência Social/Departamento da Rede Socioassistencial Privada do Sistema Único de Assistência Social;ASSISTENCIA;03455677000102;S;CENTRO DE CRISTIVIDADE CAMINHO DA ESPERANÇA;CAMPO FLORIDO/MG;CONCESSAO;S;;;148;24;http://pesquisa.in.gov.br/imprensa/jsp/visualiza/index.jsp?data=07/08/2026&jornal=515&pagina=24;DOU_XML;Art. 1º Deferir as concessões de certificação de entidade beneficente de assistência social das seguintes entidades por atender os requisitos legais constantes  [...] 23) CENTRO DE CRISTIVIDADE CAMINHO DA ESPERANÇA, 03.455.677/0001-02, CAMPO FLORIDO/MG, 308796.0848505/2024.
24204978#2;24204978;515_20260807_24204978.xml;2026-08-07;2026-07-31;PORTARIA Nº 111, DE 31 DE JULHO DE 2026;Ministério do Desenvolvimento e Assistência Social, Família e Combate à Fome/Secretaria Nacional de Assistência Social/Departamento da Rede Socioassistencial Privada do Sistema Único de Assistência Social;ASSISTENCIA;43908336000160;S;COMUNIDADE JERUSALEM RESGATANDO VIDAS;POTIM/SP;CONCESSAO;S;;;148;24;http://pesquisa.in.gov.br/imprensa/jsp/visualiza/index.jsp?data=07/08/2026&jornal=515&pagina=24;DOU_XML;Art. 1º Deferir as concessões de certificação de entidade beneficente de assistência social das seguintes entidades por atender os requisitos legais constantes  [...] 24) COMUNIDADE JERUSALEM RESGATANDO VIDAS, 43.908.336/0001-60, POTIM/SP, 308796.1093545/2024.
24204978#2;24204978;515_20260807_24204978.xml;2026-08-07;2026-07-31;PORTARIA Nº 111, DE 31 DE JULHO DE 2026;Ministério do Desenvolvimento e Assistência Social, Família e Combate à Fome/Secretaria Nacional de Assistência Social/Departamento da Rede Socioassistencial Privada do Sistema Único de Assistência Social;ASSISTENCIA;78293115000109;S;COMUNIDADE KOLPING DE SANTANA;GUARAPUAVA/PR;CONCESSAO;S;;;148;24;http://pesquisa.in.gov.br/imprensa/jsp/visualiza/index.jsp?data=07/08/2026&jornal=515&pagina=24;DOU_XML;Art. 1º Deferir as concessões de certificação de entidade beneficente de assistência social das seguintes entidades por atender os requisitos legais constantes  [...] 25) COMUNIDADE KOLPING DE SANTANA, 78.293.115/0001-09, GUARAPUAVA/PR, 308796.0989755/2024.
24204978#2;24204978;515_20260807_24204978.xml;2026-08-07;2026-07-31;PORTARIA Nº 111, DE 31 DE JULHO DE 2026;Ministério do Desenvolvimento e Assistência Social, Família e Combate à Fome/Secretaria Nacional de Assistência Social/Departamento da Rede Socioassistencial Privada do Sistema Único de Assistência Social;ASSISTENCIA;92852300000117;S;FEDERAÇÃO ESPIRITA DO RIO GRANDE DO SUL;PORTO ALEGRE/RS;CONCESSAO;S;;;148;24;http://pesquisa.in.gov.br/imprensa/jsp/visualiza/index.jsp?data=07/08/2026&jornal=515&pagina=24;DOU_XML;Art. 1º Deferir as concessões de certificação de entidade beneficente de assistência social das seguintes entidades por atender os requisitos legais constantes  [...] 26) FEDERAÇÃO ESPIRITA DO RIO GRANDE DO SUL, 92.852.300/0001-17, PORTO ALEGRE/RS, 308796.1091166/2024.
24204978#2;24204978;515_20260807_24204978.xml;2026-08-07;2026-07-31;PORTARIA Nº 111, DE 31 DE JULHO DE 2026;Ministério do Desenvolvimento e Assistência Social, Família e Combate à Fome/Secretaria Nacional de Assistência Social/Departamento da Rede Socioassistencial Privada do Sistema Único de Assistência Social;ASSISTENCIA;33411202000185;S;FUNDAÇÃO AMÁLIA VANZELLA TONIELLO;RIBEIRÃO PRETO/SP;CONCESSAO;S;;;148;24;http://pesquisa.in.gov.br/imprensa/jsp/visualiza/index.jsp?data=07/08/2026&jornal=515&pagina=24;DOU_XML;Art. 1º Deferir as concessões de certificação de entidade beneficente de assistência social das seguintes entidades por atender os requisitos legais constantes  [...] 27) FUNDAÇÃO AMÁLIA VANZELLA TONIELLO, 33.411.202/0001-85, RIBEIRÃO PRETO/SP, 308796.1121199/2024.
24204978#2;24204978;515_20260807_24204978.xml;2026-08-07;2026-07-31;PORTARIA Nº 111, DE 31 DE JULHO DE 2026;Ministério do Desenvolvimento e Assistência Social, Família e Combate à Fome/Secretaria Nacional de Assistência Social/Departamento da Rede Socioassistencial Privada do Sistema Único de Assistência Social;ASSISTENCIA;04510368000150;S;FUNDACAO DOM JOSE HASCHER;CRUZEIRO DO SUL/AC;CONCESSAO;S;;;148;24;http://pesquisa.in.gov.br/imprensa/jsp/visualiza/index.jsp?data=07/08/2026&jornal=515&pagina=24;DOU_XML;Art. 1º Deferir as concessões de certificação de entidade beneficente de assistência social das seguintes entidades por atender os requisitos legais constantes  [...] 28) FUNDACAO DOM JOSE HASCHER, 04.510.368/0001-50, CRUZEIRO DO SUL/AC, 308796.0695642/2023.
24204978#2;24204978;515_20260807_24204978.xml;2026-08-07;2026-07-31;PORTARIA Nº 111, DE 31 DE JULHO DE 2026;Ministério do Desenvolvimento e Assistência Social, Família e Combate à Fome/Secretaria Nacional de Assistência Social/Departamento da Rede Socioassistencial Privada do Sistema Único de Assistência Social;ASSISTENCIA;09273825000154;S;INSTITUTO DARWIN - INSTITUTO DE APOIO A EVOLUÇÃO DA CIDADANIA;OLINDA/PE;CONCESSAO;S;;;148;24;http://pesquisa.in.gov.br/imprensa/jsp/visualiza/index.jsp?data=07/08/2026&jornal=515&pagina=24;DOU_XML;Art. 1º Deferir as concessões de certificação de entidade beneficente de assistência social das seguintes entidades por atender os requisitos legais constantes  [...] 29) INSTITUTO DARWIN - INSTITUTO DE APOIO A EVOLUÇÃO DA CIDADANIA, 09.273.825/0001-54, OLINDA/PE, 308796.0926880/2024.
24204978#2;24204978;515_20260807_24204978.xml;2026-08-07;2026-07-31;PORTARIA Nº 111, DE 31 DE JULHO DE 2026;Ministério do Desenvolvimento e Assistência Social, Família e Combate à Fome/Secretaria Nacional de Assistência Social/Departamento da Rede Socioassistencial Privada do Sistema Único de Assistência Social;ASSISTENCIA;23257992000132;S;INSTITUTO MAURICIO GEHLEN;PARANAVAÍ/PR;CONCESSAO;S;;;148;24;http://pesquisa.in.gov.br/imprensa/jsp/visualiza/index.jsp?data=07/08/2026&jornal=515&pagina=24;DOU_XML;Art. 1º Deferir as concessões de certificação de entidade beneficente de assistência social das seguintes entidades por atender os requisitos legais constantes  [...] 30) INSTITUTO MAURICIO GEHLEN, 23.257.992/0001-32, PARANAVAÍ/PR, 308796.1163568/2024.
24204978#2;24204978;515_20260807_24204978.xml;2026-08-07;2026-07-31;PORTARIA Nº 111, DE 31 DE JULHO DE 2026;Ministério do Desenvolvimento e Assistência Social, Família e Combate à Fome/Secretaria Nacional de Assistência Social/Departamento da Rede Socioassistencial Privada do Sistema Único de Assistência Social;ASSISTENCIA;27320967000107;S;INSTITUTO PRO-SABER-SP;SÃO PAULO/SP;CONCESSAO;S;;;148;24;http://pesquisa.in.gov.br/imprensa/jsp/visualiza/index.jsp?data=07/08/2026&jornal=515&pagina=24;DOU_XML;Art. 1º Deferir as concessões de certificação de entidade beneficente de assistência social das seguintes entidades por atender os requisitos legais constantes  [...] 31) INSTITUTO PRO-SABER-SP, 27.320.967/0001-07, SÃO PAULO/SP, 308796.0737946/2023.
24204978#2;24204978;515_20260807_24204978.xml;2026-08-07;2026-07-31;PORTARIA Nº 111, DE 31 DE JULHO DE 2026;Ministério do Desenvolvimento e Assistência Social, Família e Combate à Fome/Secretaria Nacional de Assistência Social/Departamento da Rede Socioassistencial Privada do Sistema Único de Assistência Social;ASSISTENCIA;51289247000100;S;LAR ASSISTENCIAL AO IDOSO SÃO VICENTE DE PAULA DE JOANÓPOLIS;JOANÓPOLIS/SP;CONCESSAO;S;;;148;24;http://pesquisa.in.gov.br/imprensa/jsp/visualiza/index.jsp?data=07/08/2026&jornal=515&pagina=24;DOU_XML;Art. 1º Deferir as concessões de certificação de entidade beneficente de assistência social das seguintes entidades por atender os requisitos legais constantes  [...] 32) LAR ASSISTENCIAL AO IDOSO SÃO VICENTE DE PAULA DE JOANÓPOLIS, 51.289.247/0001-00, JOANÓPOLIS/SP, 308796.0809727/2023.
24204978#2;24204978;515_20260807_24204978.xml;2026-08-07;2026-07-31;PORTARIA Nº 111, DE 31 DE JULHO DE 2026;Ministério do Desenvolvimento e Assistência Social, Família e Combate à Fome/Secretaria Nacional de Assistência Social/Departamento da Rede Socioassistencial Privada do Sistema Único de Assistência Social;ASSISTENCIA;03588337000150;S;LAR DO IDOSO MANOEL CLEMENTE DE SOUZA;JARU/RO;CONCESSAO;S;;;148;24;http://pesquisa.in.gov.br/imprensa/jsp/visualiza/index.jsp?data=07/08/2026&jornal=515&pagina=24;DOU_XML;Art. 1º Deferir as concessões de certificação de entidade beneficente de assistência social das seguintes entidades por atender os requisitos legais constantes  [...] 33) LAR DO IDOSO MANOEL CLEMENTE DE SOUZA, 03.588.337/0001-50, JARU/RO, 235874.0453074/2022.
24204978#2;24204978;515_20260807_24204978.xml;2026-08-07;2026-07-31;PORTARIA Nº 111, DE 31 DE JULHO DE 2026;Ministério do Desenvolvimento e Assistência Social, Família e Combate à Fome/Secretaria Nacional de Assistência Social/Departamento da Rede Socioassistencial Privada do Sistema Único de Assistência Social;ASSISTENCIA;81649253000192;S;LAR DOS IDOSOS DAVID LECHINEWSKI LARIDO;QUATIGUÁ/PR;CONCESSAO;S;;;148;24;http://pesquisa.in.gov.br/imprensa/jsp/visualiza/index.jsp?data=07/08/2026&jornal=515&pagina=24;DOU_XML;Art. 1º Deferir as concessões de certificação de entidade beneficente de assistência social das seguintes entidades por atender os requisitos legais constantes  [...] 34) LAR DOS IDOSOS DAVID LECHINEWSKI LARIDO, 81.649.253/0001-92, QUATIGUÁ/PR, 308796.1140079/2024.
24204978#2;24204978;515_20260807_24204978.xml;2026-08-07;2026-07-31;PORTARIA Nº 111, DE 31 DE JULHO DE 2026;Ministério do Desenvolvimento e Assistência Social, Família e Combate à Fome/Secretaria Nacional de Assistência Social/Departamento da Rede Socioassistencial Privada do Sistema Único de Assistência Social;ASSISTENCIA;20321725000199;S;LAR DOS VELHINHOS;VIÇOSA/MG;CONCESSAO;S;;;148;24;http://pesquisa.in.gov.br/imprensa/jsp/visualiza/index.jsp?data=07/08/2026&jornal=515&pagina=24;DOU_XML;Art. 1º Deferir as concessões de certificação de entidade beneficente de assistência social das seguintes entidades por atender os requisitos legais constantes  [...] 35) LAR DOS VELHINHOS, 20.321.725/0001-99, VIÇOSA/MG, 308796.1169254/2024.
24204978#2;24204978;515_20260807_24204978.xml;2026-08-07;2026-07-31;PORTARIA Nº 111, DE 31 DE JULHO DE 2026;Ministério do Desenvolvimento e Assistência Social, Família e Combate à Fome/Secretaria Nacional de Assistência Social/Departamento da Rede Socioassistencial Privada do Sistema Único de Assistência Social;ASSISTENCIA;51362549000167;S;LAR DOS VELHINHOS DE SÃO VICENTE DE PAULO;GUARAREMA/SP;CONCESSAO;S;;;148;24;http://pesquisa.in.gov.br/imprensa/jsp/visualiza/index.jsp?data=07/08/2026&jornal=515&pagina=24;DOU_XML;Art. 1º Deferir as concessões de certificação de entidade beneficente de assistência social das seguintes entidades por atender os requisitos legais constantes  [...] 36) LAR DOS VELHINHOS DE SÃO VICENTE DE PAULO, 51.362.549/0001-67, GUARAREMA/SP, 308796.0993252/2024.
24204978#2;24204978;515_20260807_24204978.xml;2026-08-07;2026-07-31;PORTARIA Nº 111, DE 31 DE JULHO DE 2026;Ministério do Desenvolvimento e Assistência Social, Família e Combate à Fome/Secretaria Nacional de Assistência Social/Departamento da Rede Socioassistencial Privada do Sistema Único de Assistência Social;ASSISTENCIA;52246451000107;S;LAR EVANGÉLICO DE AMPARO A VELHICE;SANTOS/SP;CONCESSAO;S;;;148;24;http://pesquisa.in.gov.br/imprensa/jsp/visualiza/index.jsp?data=07/08/2026&jornal=515&pagina=24;DOU_XML;Art. 1º Deferir as concessões de certificação de entidade beneficente de assistência social das seguintes entidades por atender os requisitos legais constantes  [...] 37) LAR EVANGÉLICO DE AMPARO A VELHICE, 52.246.451/0001-07, SANTOS/SP, 308796.0859385/2024.
24204978#2;24204978;515_20260807_24204978.xml;2026-08-07;2026-07-31;PORTARIA Nº 111, DE 31 DE JULHO DE 2026;Ministério do Desenvolvimento e Assistência Social, Família e Combate à Fome/Secretaria Nacional de Assistência Social/Departamento da Rede Socioassistencial Privada do Sistema Único de Assistência Social;ASSISTENCIA;03029969000183;S;LAR SAMARITANO DE ERVAL SECO;ERVAL SECO/RS;CONCESSAO;S;;;148;24;http://pesquisa.in.gov.br/imprensa/jsp/visualiza/index.jsp?data=07/08/2026&jornal=515&pagina=24;DOU_XML;Art. 1º Deferir as concessões de certificação de entidade beneficente de assistência social das seguintes entidades por atender os requisitos legais constantes  [...] 38) LAR SAMARITANO DE ERVAL SECO, 03.029.969/0001-83, ERVAL SECO/RS, 235874.0320907/2022.
24204978#2;24204978;515_20260807_24204978.xml;2026-08-07;2026-07-31;PORTARIA Nº 111, DE 31 DE JULHO DE 2026;Ministério do Desenvolvimento e Assistência Social, Família e Combate à Fome/Secretaria Nacional de Assistência Social/Departamento da Rede Socioassistencial Privada do Sistema Único de Assistência Social;ASSISTENCIA;00235323000164;S;LAR SANTO AFONSO MARIA DE LIGORIO;CALDAS/MG;CONCESSAO;S;;;148;24;http://pesquisa.in.gov.br/imprensa/jsp/visualiza/index.jsp?data=07/08/2026&jornal=515&pagina=24;DOU_XML;Art. 1º Deferir as concessões de certificação de entidade beneficente de assistência social das seguintes entidades por atender os requisitos legais constantes  [...] 39) LAR SANTO AFONSO MARIA DE LIGORIO, 00.235.323/0001-64, CALDAS/MG, 308796.1117229/2024.
24204978#2;24204978;515_20260807_24204978.xml;2026-08-07;2026-07-31;PORTARIA Nº 111, DE 31 DE JULHO DE 2026;Ministério do Desenvolvimento e Assistência Social, Família e Combate à Fome/Secretaria Nacional de Assistência Social/Departamento da Rede Socioassistencial Privada do Sistema Único de Assistência Social;ASSISTENCIA;52316544000160;S;LAR SÃO VICENTE DE PAULO;MATÃO/SP;CONCESSAO;S;;;148;24;http://pesquisa.in.gov.br/imprensa/jsp/visualiza/index.jsp?data=07/08/2026&jornal=515&pagina=24;DOU_XML;Art. 1º Deferir as concessões de certificação de entidade beneficente de assistência social das seguintes entidades por atender os requisitos legais constantes  [...] 40) LAR SÃO VICENTE DE PAULO, 52.316.544/0001-60, MATÃO/SP, 308796.1080969/2024.
24204978#2;24204978;515_20260807_24204978.xml;2026-08-07;2026-07-31;PORTARIA Nº 111, DE 31 DE JULHO DE 2026;Ministério do Desenvolvimento e Assistência Social, Família e Combate à Fome/Secretaria Nacional de Assistência Social/Departamento da Rede Socioassistencial Privada do Sistema Único de Assistência Social;ASSISTENCIA;08798781000113;S;LIGA FEMININA DE COMBATE AO CANCER DE LAJEADO - RS;LAJEADO/RS;CONCESSAO;S;;;148;24;http://pesquisa.in.gov.br/imprensa/jsp/visualiza/index.jsp?data=07/08/2026&jornal=515&pagina=24;DOU_XML;Art. 1º Deferir as concessões de certificação de entidade beneficente de assistência social das seguintes entidades por atender os requisitos legais constantes  [...] 41) LIGA FEMININA DE COMBATE AO CANCER DE LAJEADO - RS, 08.798.781/0001-13, LAJEADO/RS, 308796.0974720/2024.
24204978#2;24204978;515_20260807_24204978.xml;2026-08-07;2026-07-31;PORTARIA Nº 111, DE 31 DE JULHO DE 2026;Ministério do Desenvolvimento e Assistência Social, Família e Combate à Fome/Secretaria Nacional de Assistência Social/Departamento da Rede Socioassistencial Privada do Sistema Único de Assistência Social;ASSISTENCIA;20970240000126;S;NAVE NÚCLEO ASSISTENCIAL VELEIRO DA ESPERANÇA;SABARÁ/MG;CONCESSAO;S;;;148;24;http://pesquisa.in.gov.br/imprensa/jsp/visualiza/index.jsp?data=07/08/2026&jornal=515&pagina=24;DOU_XML;Art. 1º Deferir as concessões de certificação de entidade beneficente de assistência social das seguintes entidades por atender os requisitos legais constantes  [...] 42) NAVE NÚCLEO ASSISTENCIAL VELEIRO DA ESPERANÇA, 20.970.240/0001-26, SABARÁ/MG, 308796.0758077/2023.
24204978#2;24204978;515_20260807_24204978.xml;2026-08-07;2026-07-31;PORTARIA Nº 111, DE 31 DE JULHO DE 2026;Ministério do Desenvolvimento e Assistência Social, Família e Combate à Fome/Secretaria Nacional de Assistência Social/Departamento da Rede Socioassistencial Privada do Sistema Único de Assistência Social;ASSISTENCIA;36022647000161;S;OBRA SOCIAL FREI CAETANO DE MESSINA - OSFCM;ARACAJU/SE;CONCESSAO;S;;;148;24;http://pesquisa.in.gov.br/imprensa/jsp/visualiza/index.jsp?data=07/08/2026&jornal=515&pagina=24;DOU_XML;Art. 1º Deferir as concessões de certificação de entidade beneficente de assistência social das seguintes entidades por atender os requisitos legais constantes  [...] 43) OBRA SOCIAL FREI CAETANO DE MESSINA - OSFCM, 36.022.647/0001-61, ARACAJU/SE, 308796.1153569/2024.
24204978#2;24204978;515_20260807_24204978.xml;2026-08-07;2026-07-31;PORTARIA Nº 111, DE 31 DE JULHO DE 2026;Ministério do Desenvolvimento e Assistência Social, Família e Combate à Fome/Secretaria Nacional de Assistência Social/Departamento da Rede Socioassistencial Privada do Sistema Único de Assistência Social;ASSISTENCIA;33904160000114;S;OBRA SOCIAL LESTE UM - O SOL;RIO DE JANEIRO/RJ;CONCESSAO;S;;;148;24;http://pesquisa.in.gov.br/imprensa/jsp/visualiza/index.jsp?data=07/08/2026&jornal=515&pagina=24;DOU_XML;Art. 1º Deferir as concessões de certificação de entidade beneficente de assistência social das seguintes entidades por atender os requisitos legais constantes  [...] 44) OBRA SOCIAL LESTE UM - O SOL, 33.904.160/0001-14, RIO DE JANEIRO/RJ, 308796.1083024/2024.
24204978#2;24204978;515_20260807_24204978.xml;2026-08-07;2026-07-31;PORTARIA Nº 111, DE 31 DE JULHO DE 2026;Ministério do Desenvolvimento e Assistência Social, Família e Combate à Fome/Secretaria Nacional de Assistência Social/Departamento da Rede Socioassistencial Privada do Sistema Único de Assistência Social;ASSISTENCIA;08113278000187;S;POSTO DE ASSISTÊNCIA CHICO XAVIER;PATOS DE MINAS/MG;CONCESSAO;S;;;148;24;http://pesquisa.in.gov.br/imprensa/jsp/visualiza/index.jsp?data=07/08/2026&jornal=515&pagina=24;DOU_XML;Art. 1º Deferir as concessões de certificação de entidade beneficente de assistência social das seguintes entidades por atender os requisitos legais constantes  [...] 45) POSTO DE ASSISTÊNCIA CHICO XAVIER, 08.113.278/0001-87, PATOS DE MINAS/MG, 308796.1038580/2024.
24204978#2;24204978;515_20260807_24204978.xml;2026-08-07;2026-07-31;PORTARIA Nº 111, DE 31 DE JULHO DE 2026;Ministério do Desenvolvimento e Assistência Social, Família e Combate à Fome/Secretaria Nacional de Assistência Social/Departamento da Rede Socioassistencial Privada do Sistema Único de Assistência Social;ASSISTENCIA;05554419000109;S;PROJETO RENASCER;FORTALEZA/CE;CONCESSAO;S;;;148;24;http://pesquisa.in.gov.br/imprensa/jsp/visualiza/index.jsp?data=07/08/2026&jornal=515&pagina=24;DOU_XML;Art. 1º Deferir as concessões de certificação de entidade beneficente de assistência social das seguintes entidades por atender os requisitos legais constantes  [...] 46) PROJETO RENASCER, 05.554.419/0001-09, FORTALEZA/CE, 308796.0940999/2024.
24204978#2;24204978;515_20260807_24204978.xml;2026-08-07;2026-07-31;PORTARIA Nº 111, DE 31 DE JULHO DE 2026;Ministério do Desenvolvimento e Assistência Social, Família e Combate à Fome/Secretaria Nacional de Assistência Social/Departamento da Rede Socioassistencial Privada do Sistema Único de Assistência Social;ASSISTENCIA;52806585000135;S;SOC AMIGOS DE BAIRRO DO CONJUNTO HABITACIONAL JD SAPOPEMBA;SÃO PAULO/SP;CONCESSAO;S;;;148;24;http://pesquisa.in.gov.br/imprensa/jsp/visualiza/index.jsp?data=07/08/2026&jornal=515&pagina=24;DOU_XML;Art. 1º Deferir as concessões de certificação de entidade beneficente de assistência social das seguintes entidades por atender os requisitos legais constantes  [...] 47) SOC AMIGOS DE BAIRRO DO CONJUNTO HABITACIONAL JD SAPOPEMBA, 52.806.585/0001-35, SÃO PAULO/SP, 308796.1046165/2024.
24204978#2;24204978;515_20260807_24204978.xml;2026-08-07;2026-07-31;PORTARIA Nº 111, DE 31 DE JULHO DE 2026;Ministério do Desenvolvimento e Assistência Social, Família e Combate à Fome/Secretaria Nacional de Assistência Social/Departamento da Rede Socioassistencial Privada do Sistema Único de Assistência Social;ASSISTENCIA;00900144000102;S;ASSOC DE PAIS E AMIGOS DOS EXCEP DE CRUZ MACHADO APAE;CRUZ MACHADO/PR;RENOVACAO;S;;01/01/2025 a 31/12/2027;148;24;http://pesquisa.in.gov.br/imprensa/jsp/visualiza/index.jsp?data=07/08/2026&jornal=515&pagina=24;DOU_XML;Art. 2º Deferir as renovações de certificação de entidade beneficente de assistência social das seguintes entidades por atenderem os requisitos legais constante [...] 1) ASSOC DE PAIS E AMIGOS DOS EXCEP DE CRUZ MACHADO APAE, 00.900.144/0001-02, CRUZ MACHADO/PR, 308796.1112300/2024, de 01/01/2025 a 31/12/2027.
24204978#2;24204978;515_20260807_24204978.xml;2026-08-07;2026-07-31;PORTARIA Nº 111, DE 31 DE JULHO DE 2026;Ministério do Desenvolvimento e Assistência Social, Família e Combate à Fome/Secretaria Nacional de Assistência Social/Departamento da Rede Socioassistencial Privada do Sistema Único de Assistência Social;ASSISTENCIA;00462017000160;S;ABRIGO DOCE MORADA;RIO DE JANEIRO/RJ;RENOVACAO;S;;01/01/2025 a 31/12/2027;148;24;http://pesquisa.in.gov.br/imprensa/jsp/visualiza/index.jsp?data=07/08/2026&jornal=515&pagina=24;DOU_XML;Art. 2º Deferir as renovações de certificação de entidade beneficente de assistência social das seguintes entidades por atenderem os requisitos legais constante [...] 2) ABRIGO DOCE MORADA, 00.462.017/0001-60, RIO DE JANEIRO/RJ, 308796.1109721/2024, de 01/01/2025 a 31/12/2027.
24204978#2;24204978;515_20260807_24204978.xml;2026-08-07;2026-07-31;PORTARIA Nº 111, DE 31 DE JULHO DE 2026;Ministério do Desenvolvimento e Assistência Social, Família e Combate à Fome/Secretaria Nacional de Assistência Social/Departamento da Rede Socioassistencial Privada do Sistema Único de Assistência Social;ASSISTENCIA;20571717000109;S;ABRIGO FREI ANSELMO;UNAÍ/MG;RENOVACAO;S;;24/10/2024 a 23/10/2027;148;24;http://pesquisa.in.gov.br/imprensa/jsp/visualiza/index.jsp?data=07/08/2026&jornal=515&pagina=24;DOU_XML;Art. 2º Deferir as renovações de certificação de entidade beneficente de assistência social das seguintes entidades por atenderem os requisitos legais constante [...] 3) ABRIGO FREI ANSELMO, 20.571.717/0001-09, UNAÍ/MG, 308796.1123678/2024, de 24/10/2024 a 23/10/2027.
24204978#2;24204978;515_20260807_24204978.xml;2026-08-07;2026-07-31;PORTARIA Nº 111, DE 31 DE JULHO DE 2026;Ministério do Desenvolvimento e Assistência Social, Família e Combate à Fome/Secretaria Nacional de Assistência Social/Departamento da Rede Socioassistencial Privada do Sistema Único de Assistência Social;ASSISTENCIA;50759091000111;S;ABRIGO SÃO LOURENÇO DE JAU;JAÚ/SP;RENOVACAO;S;;01/01/2025 a 31/12/2027;148;24;http://pesquisa.in.gov.br/imprensa/jsp/visualiza/index.jsp?data=07/08/2026&jornal=515&pagina=24;DOU_XML;Art. 2º Deferir as renovações de certificação de entidade beneficente de assistência social das seguintes entidades por atenderem os requisitos legais constante [...] 4) ABRIGO SÃO LOURENÇO DE JAU, 50.759.091/0001-11, JAÚ/SP, 308796.1159457/2024, de 01/01/2025 a 31/12/2027.
24204978#2;24204978;515_20260807_24204978.xml;2026-08-07;2026-07-31;PORTARIA Nº 111, DE 31 DE JULHO DE 2026;Ministério do Desenvolvimento e Assistência Social, Família e Combate à Fome/Secretaria Nacional de Assistência Social/Departamento da Rede Socioassistencial Privada do Sistema Único de Assistência Social;ASSISTENCIA;46731485000194;S;AÇÃO SOCIAL DE AMPARO - ASA;AMPARO/SP;RENOVACAO;S;;01/01/2025 a 31/12/2029;148;24;http://pesquisa.in.gov.br/imprensa/jsp/visualiza/index.jsp?data=07/08/2026&jornal=515&pagina=24;DOU_XML;Art. 2º Deferir as renovações de certificação de entidade beneficente de assistência social das seguintes entidades por atenderem os requisitos legais constante [...] 5) AÇÃO SOCIAL DE AMPARO - ASA, 46.731.485/0001-94, AMPARO/SP, 308796.1163276/2024, de 01/01/2025 a 31/12/2029.
24204978#2;24204978;515_20260807_24204978.xml;2026-08-07;2026-07-31;PORTARIA Nº 111, DE 31 DE JULHO DE 2026;Ministério do Desenvolvimento e Assistência Social, Família e Combate à Fome/Secretaria Nacional de Assistência Social/Departamento da Rede Socioassistencial Privada do Sistema Único de Assistência Social;ASSISTENCIA;85116556000109;S;AÇÃO SOCIAL SANTO ANTÔNIO DE ITAPEMA;ITAPEMA/SC;RENOVACAO;S;;01/01/2025 a 31/12/2027;148;24;http://pesquisa.in.gov.br/imprensa/jsp/visualiza/index.jsp?data=07/08/2026&jornal=515&pagina=24;DOU_XML;Art. 2º Deferir as renovações de certificação de entidade beneficente de assistência social das seguintes entidades por atenderem os requisitos legais constante [...] 6) AÇÃO SOCIAL SANTO ANTÔNIO DE ITAPEMA, 85.116.556/0001-09, ITAPEMA/SC, 308796.1105923/2024, de 01/01/2025 a 31/12/2027.
24204978#2;24204978;515_20260807_24204978.xml;2026-08-07;2026-07-31;PORTARIA Nº 111, DE 31 DE JULHO DE 2026;Ministério do Desenvolvimento e Assistência Social, Família e Combate à Fome/Secretaria Nacional de Assistência Social/Departamento da Rede Socioassistencial Privada do Sistema Único de Assistência Social;ASSISTENCIA;27825112000138;S;AÇÃO SOCIAL VILLAREGIA/ASV;BELO HORIZONTE/MG;RENOVACAO;S;;01/01/2025 a 31/12/2027;148;24;http://pesquisa.in.gov.br/imprensa/jsp/visualiza/index.jsp?data=07/08/2026&jornal=515&pagina=24;DOU_XML;Art. 2º Deferir as renovações de certificação de entidade beneficente de assistência social das seguintes entidades por atenderem os requisitos legais constante [...] 7) AÇÃO SOCIAL VILLAREGIA/ASV, 27.825.112/0001-38, BELO HORIZONTE/MG, 308796.1170223/2024, de 01/01/2025 a 31/12/2027.
24204978#2;24204978;515_20260807_24204978.xml;2026-08-07;2026-07-31;PORTARIA Nº 111, DE 31 DE JULHO DE 2026;Ministério do Desenvolvimento e Assistência Social, Família e Combate à Fome/Secretaria Nacional de Assistência Social/Departamento da Rede Socioassistencial Privada do Sistema Único de Assistência Social;ASSISTENCIA;68639939000134;S;ADOLESCENTRO;SÃO MATEUS DO SUL/PR;RENOVACAO;S;;01/01/2025 a 31/12/2029;148;24;http://pesquisa.in.gov.br/imprensa/jsp/visualiza/index.jsp?data=07/08/2026&jornal=515&pagina=24;DOU_XML;Art. 2º Deferir as renovações de certificação de entidade beneficente de assistência social das seguintes entidades por atenderem os requisitos legais constante [...] 8) ADOLESCENTRO, 68.639.939/0001-34, SÃO MATEUS DO SUL/PR, 308796.0954366/2024, de 01/01/2025 a 31/12/2029.
24204978#2;24204978;515_20260807_24204978.xml;2026-08-07;2026-07-31;PORTARIA Nº 111, DE 31 DE JULHO DE 2026;Ministério do Desenvolvimento e Assistência Social, Família e Combate à Fome/Secretaria Nacional de Assistência Social/Departamento da Rede Socioassistencial Privada do Sistema Único de Assistência Social;ASSISTENCIA;13506855000130;S;AGENTES DO AMOR DIVINO;PASSO FUNDO/RS;RENOVACAO;S;;01/01/2025 a 31/12/2027;148;24;http://pesquisa.in.gov.br/imprensa/jsp/visualiza/index.jsp?data=07/08/2026&jornal=515&pagina=24;DOU_XML;Art. 2º Deferir as renovações de certificação de entidade beneficente de assistência social das seguintes entidades por atenderem os requisitos legais constante [...] 9) AGENTES DO AMOR DIVINO, 13.506.855/0001-30, PASSO FUNDO/RS, 235874.0628819/2023, de 01/01/2025 a 31/12/2027.
24204978#2;24204978;515_20260807_24204978.xml;2026-08-07;2026-07-31;PORTARIA Nº 111, DE 31 DE JULHO DE 2026;Ministério do Desenvolvimento e Assistência Social, Família e Combate à Fome/Secretaria Nacional de Assistência Social/Departamento da Rede Socioassistencial Privada do Sistema Único de Assistência Social;ASSISTENCIA;57715989000137;S;AMA ASSOCIAÇÃO DE AMIGOS DO AUTISTA;RIBEIRÃO PRETO/SP;RENOVACAO;S;;01/01/2025 a 31/12/2027;148;24;http://pesquisa.in.gov.br/imprensa/jsp/visualiza/index.jsp?data=07/08/2026&jornal=515&pagina=24;DOU_XML;Art. 2º Deferir as renovações de certificação de entidade beneficente de assistência social das seguintes entidades por atenderem os requisitos legais constante [...] 10) AMA ASSOCIAÇÃO DE AMIGOS DO AUTISTA, 57.715.989/0001-37, RIBEIRÃO PRETO/SP, 308796.0995917/2024, de 01/01/2025 a 31/12/2027.
24204978#2;24204978;515_20260807_24204978.xml;2026-08-07;2026-07-31;PORTARIA Nº 111, DE 31 DE JULHO DE 2026;Ministério do Desenvolvimento e Assistência Social, Família e Combate à Fome/Secretaria Nacional de Assistência Social/Departamento da Rede Socioassistencial Privada do Sistema Único de Assistência Social;ASSISTENCIA;70524285000145;S;APAE - ASSOCIAÇÃO DE PAIS E AMIGOS DOS EXCEPCIONAIS DE ELDORADO;ELDORADO/MS;RENOVACAO;S;;01/01/2025 a 31/12/2029;148;24;http://pesquisa.in.gov.br/imprensa/jsp/visualiza/index.jsp?data=07/08/2026&jornal=515&pagina=24;DOU_XML;Art. 2º Deferir as renovações de certificação de entidade beneficente de assistência social das seguintes entidades por atenderem os requisitos legais constante [...] 11) APAE - ASSOCIAÇÃO DE PAIS E AMIGOS DOS EXCEPCIONAIS DE ELDORADO, 70.524.285/0001-45, ELDORADO/MS, 308796.0928616/2024, de 01/01/2025 a 31/12/2029.
24204978#2;24204978;515_20260807_24204978.xml;2026-08-07;2026-07-31;PORTARIA Nº 111, DE 31 DE JULHO DE 2026;Ministério do Desenvolvimento e Assistência Social, Família e Combate à Fome/Secretaria Nacional de Assistência Social/Departamento da Rede Socioassistencial Privada do Sistema Único de Assistência Social;ASSISTENCIA;03401009000100;S;APAE - ASSOCIACAO DE PAIS E AMIGOS DOS EXCEPCIONAIS DE TURVO;TURVO/PR;RENOVACAO;S;;01/01/2024 a 31/12/2028;148;24;http://pesquisa.in.gov.br/imprensa/jsp/visualiza/index.jsp?data=07/08/2026&jornal=515&pagina=24;DOU_XML;Art. 2º Deferir as renovações de certificação de entidade beneficente de assistência social das seguintes entidades por atenderem os requisitos legais constante [...] 12) APAE - ASSOCIACAO DE PAIS E AMIGOS DOS EXCEPCIONAIS DE TURVO, 03.401.009/0001-00, TURVO/PR, 308796.0801547/2023, de 01/01/2024 a 31/12/2028.
24204978#2;24204978;515_20260807_24204978.xml;2026-08-07;2026-07-31;PORTARIA Nº 111, DE 31 DE JULHO DE 2026;Ministério do Desenvolvimento e Assistência Social, Família e Combate à Fome/Secretaria Nacional de Assistência Social/Departamento da Rede Socioassistencial Privada do Sistema Único de Assistência Social;ASSISTENCIA;50784495000165;S;APAE ASSOCIACAO DE PAIS E AMIGOS DOS EXCEPCIONAIS;CAPÃO BONITO/SP;RENOVACAO;S;;01/01/2025 a 31/12/2027;148;24;http://pesquisa.in.gov.br/imprensa/jsp/visualiza/index.jsp?data=07/08/2026&jornal=515&pagina=24;DOU_XML;Art. 2º Deferir as renovações de certificação de entidade beneficente de assistência social das seguintes entidades por atenderem os requisitos legais constante [...] 13) APAE ASSOCIACAO DE PAIS E AMIGOS DOS EXCEPCIONAIS, 50.784.495/0001-65, CAPÃO BONITO/SP, 235874.0228683/2022, de 01/01/2025 a 31/12/2027.
24204978#2;24204978;515_20260807_24204978.xml;2026-08-07;2026-07-31;PORTARIA Nº 111, DE 31 DE JULHO DE 2026;Ministério do Desenvolvimento e Assistência Social, Família e Combate à Fome/Secretaria Nacional de Assistência Social/Departamento da Rede Socioassistencial Privada do Sistema Único de Assistência Social;ASSISTENCIA;45198504000104;S;APAE DE CRUZEIRO;CRUZEIRO/SP;RENOVACAO;S;;01/01/2025 a 31/12/2027;148;24;http://pesquisa.in.gov.br/imprensa/jsp/visualiza/index.jsp?data=07/08/2026&jornal=515&pagina=24;DOU_XML;Art. 2º Deferir as renovações de certificação de entidade beneficente de assistência social das seguintes entidades por atenderem os requisitos legais constante [...] 14) APAE DE CRUZEIRO, 45.198.504/0001-04, CRUZEIRO/SP, 308796.1036638/2024, de 01/01/2025 a 31/12/2027.
24204978#2;24204978;515_20260807_24204978.xml;2026-08-07;2026-07-31;PORTARIA Nº 111, DE 31 DE JULHO DE 2026;Ministério do Desenvolvimento e Assistência Social, Família e Combate à Fome/Secretaria Nacional de Assistência Social/Departamento da Rede Socioassistencial Privada do Sistema Único de Assistência Social;ASSISTENCIA;01196808000159;S;APAE DE HORTOLANDIA;HORTOLÂNDIA/SP;RENOVACAO;S;;01/01/2025 a 31/12/2027;148;24;http://pesquisa.in.gov.br/imprensa/jsp/visualiza/index.jsp?data=07/08/2026&jornal=515&pagina=24;DOU_XML;Art. 2º Deferir as renovações de certificação de entidade beneficente de assistência social das seguintes entidades por atenderem os requisitos legais constante [...] 15) APAE DE HORTOLANDIA, 01.196.808/0001-59, HORTOLÂNDIA/SP, 308796.1119274/2024, de 01/01/2025 a 31/12/2027.
24204978#2;24204978;515_20260807_24204978.xml;2026-08-07;2026-07-31;PORTARIA Nº 111, DE 31 DE JULHO DE 2026;Ministério do Desenvolvimento e Assistência Social, Família e Combate à Fome/Secretaria Nacional de Assistência Social/Departamento da Rede Socioassistencial Privada do Sistema Único de Assistência Social;ASSISTENCIA;77477115000104;S;APAE DE JAGUARIAÍVA;JAGUARIAÍVA/PR;RENOVACAO;S;;01/01/2025 a 31/12/2027;148;24;http://pesquisa.in.gov.br/imprensa/jsp/visualiza/index.jsp?data=07/08/2026&jornal=515&pagina=24;DOU_XML;Art. 2º Deferir as renovações de certificação de entidade beneficente de assistência social das seguintes entidades por atenderem os requisitos legais constante [...] 16) APAE DE JAGUARIAÍVA, 77.477.115/0001-04, JAGUARIAÍVA/PR, 308796.1134104/2024, de 01/01/2025 a 31/12/2027.
24204978#2;24204978;515_20260807_24204978.xml;2026-08-07;2026-07-31;PORTARIA Nº 111, DE 31 DE JULHO DE 2026;Ministério do Desenvolvimento e Assistência Social, Família e Combate à Fome/Secretaria Nacional de Assistência Social/Departamento da Rede Socioassistencial Privada do Sistema Único de Assistência Social;ASSISTENCIA;01726258000132;S;APAE DE PEDRA PRETA- ASSOCIAÇÃO DE PAIS E AMIGOS DO EXCEPCIONAL;PEDRA PRETA/MT;RENOVACAO;S;;01/01/2024 a 31/12/2028;148;24;http://pesquisa.in.gov.br/imprensa/jsp/visualiza/index.jsp?data=07/08/2026&jornal=515&pagina=24;DOU_XML;Art. 2º Deferir as renovações de certificação de entidade beneficente de assistência social das seguintes entidades por atenderem os requisitos legais constante [...] 17) APAE DE PEDRA PRETA- ASSOCIAÇÃO DE PAIS E AMIGOS DO EXCEPCIONAL., 01.726.258/0001-32, PEDRA PRETA/MT, 235874.0642453/2023, de 01/01/2024 a 31/12/2028.
24204978#2;24204978;515_20260807_24204978.xml;2026-08-07;2026-07-31;PORTARIA Nº 111, DE 31 DE JULHO DE 2026;Ministério do Desenvolvimento e Assistência Social, Família e Combate à Fome/Secretaria Nacional de Assistência Social/Departamento da Rede Socioassistencial Privada do Sistema Único de Assistência Social;ASSISTENCIA;04882396000107;S;APAE DO MUNICÍPIO DE PINHAL DE SÃO BENTO;PINHAL DE SÃO BENTO/PR;RENOVACAO;S;;01/01/2025 a 31/12/2027;148;24;http://pesquisa.in.gov.br/imprensa/jsp/visualiza/index.jsp?data=07/08/2026&jornal=515&pagina=24;DOU_XML;Art. 2º Deferir as renovações de certificação de entidade beneficente de assistência social das seguintes entidades por atenderem os requisitos legais constante [...] 18) APAE DO MUNICÍPIO DE PINHAL DE SÃO BENTO, 04.882.396/0001-07, PINHAL DE SÃO BENTO/PR, 308796.0783342/2023, de 01/01/2025 a 31/12/2027.
24204978#2;24204978;515_20260807_24204978.xml;2026-08-07;2026-07-31;PORTARIA Nº 111, DE 31 DE JULHO DE 2026;Ministério do Desenvolvimento e Assistência Social, Família e Combate à Fome/Secretaria Nacional de Assistência Social/Departamento da Rede Socioassistencial Privada do Sistema Único de Assistência Social;ASSISTENCIA;83806612000101;S;APAE SAO JOSE;SÃO JOSÉ/SC;RENOVACAO;S;;01/01/2025 a 31/12/2027;148;24;http://pesquisa.in.gov.br/imprensa/jsp/visualiza/index.jsp?data=07/08/2026&jornal=515&pagina=24;DOU_XML;Art. 2º Deferir as renovações de certificação de entidade beneficente de assistência social das seguintes entidades por atenderem os requisitos legais constante [...] 19) APAE SAO JOSE, 83.806.612/0001-01, SÃO JOSÉ/SC, 308796.1048151/2024, de 01/01/2025 a 31/12/2027.
24204978#2;24204978;515_20260807_24204978.xml;2026-08-07;2026-07-31;PORTARIA Nº 111, DE 31 DE JULHO DE 2026;Ministério do Desenvolvimento e Assistência Social, Família e Combate à Fome/Secretaria Nacional de Assistência Social/Departamento da Rede Socioassistencial Privada do Sistema Único de Assistência Social;ASSISTENCIA;03868609000175;S;ASILO SAO VICENTE DE PAULO;EXTREMA/MG;RENOVACAO;S;;01/06/2025 a 31/05/2028;148;24;http://pesquisa.in.gov.br/imprensa/jsp/visualiza/index.jsp?data=07/08/2026&jornal=515&pagina=24;DOU_XML;Art. 2º Deferir as renovações de certificação de entidade beneficente de assistência social das seguintes entidades por atenderem os requisitos legais constante [...] 20) ASILO SAO VICENTE DE PAULO, 03.868.609/0001-75, EXTREMA/MG, 308796.1163027/2024, de 01/06/2025 a 31/05/2028.
24204978#2;24204978;515_20260807_24204978.xml;2026-08-07;2026-07-31;PORTARIA Nº 111, DE 31 DE JULHO DE 2026;Ministério do Desenvolvimento e Assistência Social, Família e Combate à Fome/Secretaria Nacional de Assistência Social/Departamento da Rede Socioassistencial Privada do Sistema Único de Assistência Social;ASSISTENCIA;56015894000148;S;ASS DE PAIS E AMIGOS DOS EXCEPCIONAIS DE RIBEIRAO PRETO;RIBEIRÃO PRETO/SP;RENOVACAO;S;;24/09/2024 a 23/09/2027;148;24;http://pesquisa.in.gov.br/imprensa/jsp/visualiza/index.jsp?data=07/08/2026&jornal=515&pagina=24;DOU_XML;Art. 2º Deferir as renovações de certificação de entidade beneficente de assistência social das seguintes entidades por atenderem os requisitos legais constante [...] 21) ASS DE PAIS E AMIGOS DOS EXCEPCIONAIS DE RIBEIRAO PRETO, 56.015.894/0001-48, RIBEIRÃO PRETO/SP, 308796.1066439/2024, de 24/09/2024 a 23/09/2027.
24204978#2;24204978;515_20260807_24204978.xml;2026-08-07;2026-07-31;PORTARIA Nº 111, DE 31 DE JULHO DE 2026;Ministério do Desenvolvimento e Assistência Social, Família e Combate à Fome/Secretaria Nacional de Assistência Social/Departamento da Rede Socioassistencial Privada do Sistema Único de Assistência Social;ASSISTENCIA;50819234000133;S;ASSOC DE PAIS E AMIGOS DOS EXCEP DE BOITUVA SP APAE;BOITUVA/SP;RENOVACAO;S;;01/01/2025 a 31/12/2027;148;24;http://pesquisa.in.gov.br/imprensa/jsp/visualiza/index.jsp?data=07/08/2026&jornal=515&pagina=24;DOU_XML;Art. 2º Deferir as renovações de certificação de entidade beneficente de assistência social das seguintes entidades por atenderem os requisitos legais constante [...] 22) ASSOC DE PAIS E AMIGOS DOS EXCEP DE BOITUVA SP APAE, 50.819.234/0001-33, BOITUVA/SP, 308796.0983264/2024, de 01/01/2025 a 31/12/2027.
24204978#2;24204978;515_20260807_24204978.xml;2026-08-07;2026-07-31;PORTARIA Nº 111, DE 31 DE JULHO DE 2026;Ministério do Desenvolvimento e Assistência Social, Família e Combate à Fome/Secretaria Nacional de Assistência Social/Departamento da Rede Socioassistencial Privada do Sistema Único de Assistência Social;ASSISTENCIA;83296483000140;S;ASSOC DE PAIS E AMIGOS DOS EXCEPCIONAIS ARARANGUÁ;ARARANGUÁ/SC;RENOVACAO;S;;01/01/2025 a 31/12/2027;148;24;http://pesquisa.in.gov.br/imprensa/jsp/visualiza/index.jsp?data=07/08/2026&jornal=515&pagina=24;DOU_XML;Art. 2º Deferir as renovações de certificação de entidade beneficente de assistência social das seguintes entidades por atenderem os requisitos legais constante [...] 23) ASSOC DE PAIS E AMIGOS DOS EXCEPCIONAIS ARARANGUÁ, 83.296.483/0001-40, ARARANGUÁ/SC, 308796.0922889/2024, de 01/01/2025 a 31/12/2027.
24204978#2;24204978;515_20260807_24204978.xml;2026-08-07;2026-07-31;PORTARIA Nº 111, DE 31 DE JULHO DE 2026;Ministério do Desenvolvimento e Assistência Social, Família e Combate à Fome/Secretaria Nacional de Assistência Social/Departamento da Rede Socioassistencial Privada do Sistema Único de Assistência Social;ASSISTENCIA;78685302000138;S;ASSOC DE PAIS E AMIGOS DOS EXCEPCIONAIS DE PALMAS-APAE;PALMAS/PR;RENOVACAO;S;;01/01/2025 a 31/12/2027;148;24;http://pesquisa.in.gov.br/imprensa/jsp/visualiza/index.jsp?data=07/08/2026&jornal=515&pagina=24;DOU_XML;Art. 2º Deferir as renovações de certificação de entidade beneficente de assistência social das seguintes entidades por atenderem os requisitos legais constante [...] 24) ASSOC DE PAIS E AMIGOS DOS EXCEPCIONAIS DE PALMAS-APAE, 78.685.302/0001-38, PALMAS/PR, 308796.1039680/2024, de 01/01/2025 a 31/12/2027.
24204978#2;24204978;515_20260807_24204978.xml;2026-08-07;2026-07-31;PORTARIA Nº 111, DE 31 DE JULHO DE 2026;Ministério do Desenvolvimento e Assistência Social, Família e Combate à Fome/Secretaria Nacional de Assistência Social/Departamento da Rede Socioassistencial Privada do Sistema Único de Assistência Social;ASSISTENCIA;00104137000196;S;ASSOC DE PAIS E AMIGOS DOS EXCEPCIONAIS DE SÃO MARTINHO;SÃO MARTINHO/SC;RENOVACAO;S;;01/01/2025 a 31/12/2027;148;24;http://pesquisa.in.gov.br/imprensa/jsp/visualiza/index.jsp?data=07/08/2026&jornal=515&pagina=24;DOU_XML;Art. 2º Deferir as renovações de certificação de entidade beneficente de assistência social das seguintes entidades por atenderem os requisitos legais constante [...] 25) ASSOC DE PAIS E AMIGOS DOS EXCEPCIONAIS DE SÃO MARTINHO, 00.104.137/0001-96, SÃO MARTINHO/SC, 308796.1070095/2024, de 01/01/2025 a 31/12/2027.
24204978#2;24204978;515_20260807_24204978.xml;2026-08-07;2026-07-31;PORTARIA Nº 111, DE 31 DE JULHO DE 2026;Ministério do Desenvolvimento e Assistência Social, Família e Combate à Fome/Secretaria Nacional de Assistência Social/Departamento da Rede Socioassistencial Privada do Sistema Único de Assistência Social;ASSISTENCIA;11345869000194;S;ASSOCIAÇÃO ARTECULTURA PARA PAZ ISAURA MAIA;SÃO LEOPOLDO/RS;RENOVACAO;S;;01/01/2025 a 31/12/2027;148;24;http://pesquisa.in.gov.br/imprensa/jsp/visualiza/index.jsp?data=07/08/2026&jornal=515&pagina=24;DOU_XML;Art. 2º Deferir as renovações de certificação de entidade beneficente de assistência social das seguintes entidades por atenderem os requisitos legais constante [...] 26) ASSOCIAÇÃO ARTECULTURA PARA PAZ ISAURA MAIA, 11.345.869/0001-94, SÃO LEOPOLDO/RS, 308796.0695636/2023, de 01/01/2025 a 31/12/2027.
24204978#2;24204978;515_20260807_24204978.xml;2026-08-07;2026-07-31;PORTARIA Nº 111, DE 31 DE JULHO DE 2026;Ministério do Desenvolvimento e Assistência Social, Família e Combate à Fome/Secretaria Nacional de Assistência Social/Departamento da Rede Socioassistencial Privada do Sistema Único de Assistência Social;ASSISTENCIA;81644320000186;S;ASSOCIAÇÃO BENEFICENTE DAS SENHORAS DE ENTRE RIOS;GUARAPUAVA/PR;RENOVACAO;S;;01/01/2025 a 31/12/2027;148;24;http://pesquisa.in.gov.br/imprensa/jsp/visualiza/index.jsp?data=07/08/2026&jornal=515&pagina=24;DOU_XML;Art. 2º Deferir as renovações de certificação de entidade beneficente de assistência social das seguintes entidades por atenderem os requisitos legais constante [...] 27) ASSOCIAÇÃO BENEFICENTE DAS SENHORAS DE ENTRE RIOS, 81.644.320/0001-86, GUARAPUAVA/PR, 308796.1039631/2024, de 01/01/2025 a 31/12/2027.
24204978#2;24204978;515_20260807_24204978.xml;2026-08-07;2026-07-31;PORTARIA Nº 111, DE 31 DE JULHO DE 2026;Ministério do Desenvolvimento e Assistência Social, Família e Combate à Fome/Secretaria Nacional de Assistência Social/Departamento da Rede Socioassistencial Privada do Sistema Único de Assistência Social;ASSISTENCIA;51873073000129;S;ASSOCIACAO BENEFICENTE DOS 13 PAIS LAR DA CRIANÇA FELIZ;CAMPINAS/SP;RENOVACAO;S;;01/01/2025 a 31/12/2027;148;24;http://pesquisa.in.gov.br/imprensa/jsp/visualiza/index.jsp?data=07/08/2026&jornal=515&pagina=24;DOU_XML;Art. 2º Deferir as renovações de certificação de entidade beneficente de assistência social das seguintes entidades por atenderem os requisitos legais constante [...] 28) ASSOCIACAO BENEFICENTE DOS 13 PAIS LAR DA CRIANÇA FELIZ, 51.873.073/0001-29, CAMPINAS/SP, 308796.1138549/2024, de 01/01/2025 a 31/12/2027.
24204978#2;24204978;515_20260807_24204978.xml;2026-08-07;2026-07-31;PORTARIA Nº 111, DE 31 DE JULHO DE 2026;Ministério do Desenvolvimento e Assistência Social, Família e Combate à Fome/Secretaria Nacional de Assistência Social/Departamento da Rede Socioassistencial Privada do Sistema Único de Assistência Social;ASSISTENCIA;54147244000120;S;ASSOCIAÇÃO BENEFICENTE E DE ESTUDOS ESPIRITAS DR. ADOLFO BEZERRA DE MENEZES;PIRACAIA/SP;RENOVACAO;S;;01/01/2025 a 31/12/2029;148;24;http://pesquisa.in.gov.br/imprensa/jsp/visualiza/index.jsp?data=07/08/2026&jornal=515&pagina=24;DOU_XML;Art. 2º Deferir as renovações de certificação de entidade beneficente de assistência social das seguintes entidades por atenderem os requisitos legais constante [...] 29) ASSOCIAÇÃO BENEFICENTE E DE ESTUDOS ESPIRITAS DR. ADOLFO BEZERRA DE MENEZES, 54.147.244/0001-20, PIRACAIA/SP, 308796.1138011/2024, de 01/01/2025 a 31/12/2029.
24204978#2;24204978;515_20260807_24204978.xml;2026-08-07;2026-07-31;PORTARIA Nº 111, DE 31 DE JULHO DE 2026;Ministério do Desenvolvimento e Assistência Social, Família e Combate à Fome/Secretaria Nacional de Assistência Social/Departamento da Rede Socioassistencial Privada do Sistema Único de Assistência Social;ASSISTENCIA;07584627000186;S;ASSOCIACAO BENEFICENTE LAR DA CRIANCA;ERECHIM/RS;RENOVACAO;S;;01/01/2025 a 31/12/2027;148;24;http://pesquisa.in.gov.br/imprensa/jsp/visualiza/index.jsp?data=07/08/2026&jornal=515&pagina=24;DOU_XML;Art. 2º Deferir as renovações de certificação de entidade beneficente de assistência social das seguintes entidades por atenderem os requisitos legais constante [...] 30) ASSOCIACAO BENEFICENTE LAR DA CRIANCA, 07.584.627/0001-86, ERECHIM/RS, 308796.1154709/2024, de 01/01/2025 a 31/12/2027.
24204978#2;24204978;515_20260807_24204978.xml;2026-08-07;2026-07-31;PORTARIA Nº 111, DE 31 DE JULHO DE 2026;Ministério do Desenvolvimento e Assistência Social, Família e Combate à Fome/Secretaria Nacional de Assistência Social/Departamento da Rede Socioassistencial Privada do Sistema Único de Assistência Social;ASSISTENCIA;17214201000194;S;ASSOCIAÇÃO CASA ESPERANÇA E VIDA DE ASSISTÊNCIA AS PESSOAS COM CÂNCER;TERESINA/PI;RENOVACAO;S;;21/12/2024 a 20/12/2027;148;24;http://pesquisa.in.gov.br/imprensa/jsp/visualiza/index.jsp?data=07/08/2026&jornal=515&pagina=24;DOU_XML;Art. 2º Deferir as renovações de certificação de entidade beneficente de assistência social das seguintes entidades por atenderem os requisitos legais constante [...] 31) ASSOCIAÇÃO CASA ESPERANÇA E VIDA DE ASSISTÊNCIA AS PESSOAS COM CÂNCER, 17.214.201/0001-94, TERESINA/PI, 308796.1149164/2024, de 21/12/2024 a 20/12/2027.
24204978#2;24204978;515_20260807_24204978.xml;2026-08-07;2026-07-31;PORTARIA Nº 111, DE 31 DE JULHO DE 2026;Ministério do Desenvolvimento e Assistência Social, Família e Combate à Fome/Secretaria Nacional de Assistência Social/Departamento da Rede Socioassistencial Privada do Sistema Único de Assistência Social;ASSISTENCIA;18920724000119;S;ASSOCIAÇÃO CENTRO DE CONVIVENCIA ESPAÇO DA FAMILIA -ACCEF;IPATINGA/MG;RENOVACAO;S;;05/08/2025 a 04/08/2028;148;24;http://pesquisa.in.gov.br/imprensa/jsp/visualiza/index.jsp?data=07/08/2026&jornal=515&pagina=24;DOU_XML;Art. 2º Deferir as renovações de certificação de entidade beneficente de assistência social das seguintes entidades por atenderem os requisitos legais constante [...] 32) ASSOCIAÇÃO CENTRO DE CONVIVENCIA ESPAÇO DA FAMILIA -ACCEF, 18.920.724/0001-19, IPATINGA/MG, 308796.1061410/2024, de 05/08/2025 a 04/08/2028.
24204978#2;24204978;515_20260807_24204978.xml;2026-08-07;2026-07-31;PORTARIA Nº 111, DE 31 DE JULHO DE 2026;Ministério do Desenvolvimento e Assistência Social, Família e Combate à Fome/Secretaria Nacional de Assistência Social/Departamento da Rede Socioassistencial Privada do Sistema Único de Assistência Social;ASSISTENCIA;05962177000192;S;ASSOCIAÇÃO COMUNIDADE MISSIONÁRIA DIVINA MISERICÓRDIA;BATATAIS/SP;RENOVACAO;S;;30/01/2025 a 29/01/2028;148;24;http://pesquisa.in.gov.br/imprensa/jsp/visualiza/index.jsp?data=07/08/2026&jornal=515&pagina=24;DOU_XML;Art. 2º Deferir as renovações de certificação de entidade beneficente de assistência social das seguintes entidades por atenderem os requisitos legais constante [...] 33) ASSOCIAÇÃO COMUNIDADE MISSIONÁRIA DIVINA MISERICÓRDIA, 05.962.177/0001-92, BATATAIS/SP, 308796.1055156/2024, de 30/01/2025 a 29/01/2028.
24204978#2;24204978;515_20260807_24204978.xml;2026-08-07;2026-07-31;PORTARIA Nº 111, DE 31 DE JULHO DE 2026;Ministério do Desenvolvimento e Assistência Social, Família e Combate à Fome/Secretaria Nacional de Assistência Social/Departamento da Rede Socioassistencial Privada do Sistema Único de Assistência Social;ASSISTENCIA;00688029000108;S;ASSOCIAÇÃO CRIANÇA FELIZ;CAXIAS DO SUL/RS;RENOVACAO;S;;01/01/2025 a 31/12/2027;148;24;http://pesquisa.in.gov.br/imprensa/jsp/visualiza/index.jsp?data=07/08/2026&jornal=515&pagina=24;DOU_XML;Art. 2º Deferir as renovações de certificação de entidade beneficente de assistência social das seguintes entidades por atenderem os requisitos legais constante [...] 34) ASSOCIAÇÃO CRIANÇA FELIZ, 00.688.029/0001-08, CAXIAS DO SUL/RS, 308796.1053745/2024, de 01/01/2025 a 31/12/2027.
24204978#2;24204978;515_20260807_24204978.xml;2026-08-07;2026-07-31;PORTARIA Nº 111, DE 31 DE JULHO DE 2026;Ministério do Desenvolvimento e Assistência Social, Família e Combate à Fome/Secretaria Nacional de Assistência Social/Departamento da Rede Socioassistencial Privada do Sistema Único de Assistência Social;ASSISTENCIA;95823563000196;S;ASSOCIACAO DAS DAMAS DE CARIDADE DE SANTA ROSA;SANTA ROSA/RS;RENOVACAO;S;;21/12/2024 a 20/12/2027;148;24;http://pesquisa.in.gov.br/imprensa/jsp/visualiza/index.jsp?data=07/08/2026&jornal=515&pagina=24;DOU_XML;Art. 2º Deferir as renovações de certificação de entidade beneficente de assistência social das seguintes entidades por atenderem os requisitos legais constante [...] 35) ASSOCIACAO DAS DAMAS DE CARIDADE DE SANTA ROSA, 95.823.563/0001-96, SANTA ROSA/RS, 308796.1139077/2024, de 21/12/2024 a 20/12/2027.
24204978#2;24204978;515_20260807_24204978.xml;2026-08-07;2026-07-31;PORTARIA Nº 111, DE 31 DE JULHO DE 2026;Ministério do Desenvolvimento e Assistência Social, Família e Combate à Fome/Secretaria Nacional de Assistência Social/Departamento da Rede Socioassistencial Privada do Sistema Único de Assistência Social;ASSISTENCIA;74121880000190;S;ASSOCIAÇÃO DE APOIO AS MENINAS E MENINOS DA REGIÃO SÉ;SÃO PAULO/SP;RENOVACAO;S;;01/01/2024 a 31/12/2028;148;24;http://pesquisa.in.gov.br/imprensa/jsp/visualiza/index.jsp?data=07/08/2026&jornal=515&pagina=24;DOU_XML;Art. 2º Deferir as renovações de certificação de entidade beneficente de assistência social das seguintes entidades por atenderem os requisitos legais constante [...] 36) ASSOCIAÇÃO DE APOIO AS MENINAS E MENINOS DA REGIÃO SÉ, 74.121.880/0001-90, SÃO PAULO/SP, 308796.0808753/2023, de 01/01/2024 a 31/12/2028.
24204978#2;24204978;515_20260807_24204978.xml;2026-08-07;2026-07-31;PORTARIA Nº 111, DE 31 DE JULHO DE 2026;Ministério do Desenvolvimento e Assistência Social, Família e Combate à Fome/Secretaria Nacional de Assistência Social/Departamento da Rede Socioassistencial Privada do Sistema Único de Assistência Social;ASSISTENCIA;03910642000116;S;ASSOCIAÇÃO DE ASSISTÊNCIA ÀS CRIANÇAS E ADOLESCENTES CASA RAIO DE SOL;JOSÉ BONIFÁCIO/SP;RENOVACAO;S;;01/01/2025 a 31/12/2029;148;24;http://pesquisa.in.gov.br/imprensa/jsp/visualiza/index.jsp?data=07/08/2026&jornal=515&pagina=24;DOU_XML;Art. 2º Deferir as renovações de certificação de entidade beneficente de assistência social das seguintes entidades por atenderem os requisitos legais constante [...] 37) ASSOCIAÇÃO DE ASSISTÊNCIA ÀS CRIANÇAS E ADOLESCENTES CASA RAIO DE SOL, 03.910.642/0001-16, JOSÉ BONIFÁCIO/SP, 308796.1157530/2024, de 01/01/2025 a 31/12/2029.
24204978#2;24204978;515_20260807_24204978.xml;2026-08-07;2026-07-31;PORTARIA Nº 111, DE 31 DE JULHO DE 2026;Ministério do Desenvolvimento e Assistência Social, Família e Combate à Fome/Secretaria Nacional de Assistência Social/Departamento da Rede Socioassistencial Privada do Sistema Único de Assistência Social;ASSISTENCIA;50599638000169;S;ASSOCIAÇÃO DE DEFICIENTES VISUAIS E AMIGOS;SÃO PAULO/SP;RENOVACAO;S;;01/01/2025 a 31/12/2027;148;24;http://pesquisa.in.gov.br/imprensa/jsp/visualiza/index.jsp?data=07/08/2026&jornal=515&pagina=24;DOU_XML;Art. 2º Deferir as renovações de certificação de entidade beneficente de assistência social das seguintes entidades por atenderem os requisitos legais constante [...] 38) ASSOCIAÇÃO DE DEFICIENTES VISUAIS E AMIGOS, 50.599.638/0001-69, SÃO PAULO/SP, 308796.1158068/2024, de 01/01/2025 a 31/12/2027.
24204978#2;24204978;515_20260807_24204978.xml;2026-08-07;2026-07-31;PORTARIA Nº 111, DE 31 DE JULHO DE 2026;Ministério do Desenvolvimento e Assistência Social, Família e Combate à Fome/Secretaria Nacional de Assistência Social/Departamento da Rede Socioassistencial Privada do Sistema Único de Assistência Social;ASSISTENCIA;50066885000108;S;ASSOCIAÇÃO DE EDUCAÇÃO DO HOMEM DE AMANHÃ DE PEDREIRA;PEDREIRA/SP;RENOVACAO;S;;03/09/2025 a 02/09/2028;148;24;http://pesquisa.in.gov.br/imprensa/jsp/visualiza/index.jsp?data=07/08/2026&jornal=515&pagina=24;DOU_XML;Art. 2º Deferir as renovações de certificação de entidade beneficente de assistência social das seguintes entidades por atenderem os requisitos legais constante [...] 39) ASSOCIAÇÃO DE EDUCAÇÃO DO HOMEM DE AMANHÃ DE PEDREIRA, 50.066.885/0001-08, PEDREIRA/SP, 308796.1091126/2024, de 03/09/2025 a 02/09/2028.
24204978#2;24204978;515_20260807_24204978.xml;2026-08-07;2026-07-31;PORTARIA Nº 111, DE 31 DE JULHO DE 2026;Ministério do Desenvolvimento e Assistência Social, Família e Combate à Fome/Secretaria Nacional de Assistência Social/Departamento da Rede Socioassistencial Privada do Sistema Único de Assistência Social;ASSISTENCIA;50094093000139;S;ASSOCIAÇÃO DE EDUCAÇÃO DO HOMEM DO AMANHÃ DE JUNDIAÍ;JUNDIAÍ/SP;RENOVACAO;S;;01/01/2025 a 31/12/2027;148;24;http://pesquisa.in.gov.br/imprensa/jsp/visualiza/index.jsp?data=07/08/2026&jornal=515&pagina=24;DOU_XML;Art. 2º Deferir as renovações de certificação de entidade beneficente de assistência social das seguintes entidades por atenderem os requisitos legais constante [...] 40) ASSOCIAÇÃO DE EDUCAÇÃO DO HOMEM DO AMANHÃ DE JUNDIAÍ, 50.094.093/0001-39, JUNDIAÍ/SP, 308796.1082839/2024, de 01/01/2025 a 31/12/2027.
24204978#2;24204978;515_20260807_24204978.xml;2026-08-07;2026-07-31;PORTARIA Nº 111, DE 31 DE JULHO DE 2026;Ministério do Desenvolvimento e Assistência Social, Família e Combate à Fome/Secretaria Nacional de Assistência Social/Departamento da Rede Socioassistencial Privada do Sistema Único de Assistência Social;ASSISTENCIA;13857550000173;S;ASSOCIACAO DE EQUOTERAPIA EDUCACIONAL TEXAS RANCH;ITAPECERICA DA SERRA/SP;RENOVACAO;S;;01/01/2025 a 31/12/2029;148;24;http://pesquisa.in.gov.br/imprensa/jsp/visualiza/index.jsp?data=07/08/2026&jornal=515&pagina=24;DOU_XML;Art. 2º Deferir as renovações de certificação de entidade beneficente de assistência social das seguintes entidades por atenderem os requisitos legais constante [...] 41) ASSOCIACAO DE EQUOTERAPIA EDUCACIONAL TEXAS RANCH, 13.857.550/0001-73, ITAPECERICA DA SERRA/SP, 308796.0894586/2024, de 01/01/2025 a 31/12/2029.
24204978#2;24204978;515_20260807_24204978.xml;2026-08-07;2026-07-31;PORTARIA Nº 111, DE 31 DE JULHO DE 2026;Ministério do Desenvolvimento e Assistência Social, Família e Combate à Fome/Secretaria Nacional de Assistência Social/Departamento da Rede Socioassistencial Privada do Sistema Único de Assistência Social;ASSISTENCIA;32400772000107;S;ASSOCIAÇÃO DE PAES E AMIGOS DOS EXCEPCIONAIS DE ARACRUZ;ARACRUZ/ES;RENOVACAO;S;;01/01/2025 a 31/12/2027;148;24;http://pesquisa.in.gov.br/imprensa/jsp/visualiza/index.jsp?data=07/08/2026&jornal=515&pagina=24;DOU_XML;Art. 2º Deferir as renovações de certificação de entidade beneficente de assistência social das seguintes entidades por atenderem os requisitos legais constante [...] 42) ASSOCIAÇÃO DE PAES E AMIGOS DOS EXCEPCIONAIS DE ARACRUZ, 32.400.772/0001-07, ARACRUZ/ES, 308796.1101127/2024, de 01/01/2025 a 31/12/2027.
24204978#2;24204978;515_20260807_24204978.xml;2026-08-07;2026-07-31;PORTARIA Nº 111, DE 31 DE JULHO DE 2026;Ministério do Desenvolvimento e Assistência Social, Família e Combate à Fome/Secretaria Nacional de Assistência Social/Departamento da Rede Socioassistencial Privada do Sistema Único de Assistência Social;ASSISTENCIA;53424016000198;S;ASSOCIACAO DE PAIS AMIGOS DOS EXCEPCIONAIS DE OURINHOS;OURINHOS/SP;RENOVACAO;S;;01/01/2025 a 31/12/2027;148;24;http://pesquisa.in.gov.br/imprensa/jsp/visualiza/index.jsp?data=07/08/2026&jornal=515&pagina=24;DOU_XML;Art. 2º Deferir as renovações de certificação de entidade beneficente de assistência social das seguintes entidades por atenderem os requisitos legais constante [...] 43) ASSOCIACAO DE PAIS AMIGOS DOS EXCEPCIONAIS DE OURINHOS, 53.424.016/0001-98, OURINHOS/SP, 308796.1164259/2024, de 01/01/2025 a 31/12/2027.
24204978#2;24204978;515_20260807_24204978.xml;2026-08-07;2026-07-31;PORTARIA Nº 111, DE 31 DE JULHO DE 2026;Ministério do Desenvolvimento e Assistência Social, Família e Combate à Fome/Secretaria Nacional de Assistência Social/Departamento da Rede Socioassistencial Privada do Sistema Único de Assistência Social;ASSISTENCIA;42171207000179;S;ASSOCIAÇÃO DE PAIS E AMIGOS DE DEFICIENTES AUDITIVOS DO ESTADO DA BAHIA;SALVADOR/BA;RENOVACAO;S;;01/01/2025 a 31/12/2027;148;24;http://pesquisa.in.gov.br/imprensa/jsp/visualiza/index.jsp?data=07/08/2026&jornal=515&pagina=24;DOU_XML;Art. 2º Deferir as renovações de certificação de entidade beneficente de assistência social das seguintes entidades por atenderem os requisitos legais constante [...] 44) ASSOCIAÇÃO DE PAIS E AMIGOS DE DEFICIENTES AUDITIVOS DO ESTADO DA BAHIA, 42.171.207/0001-79, SALVADOR/BA, 308796.1098893/2024, de 01/01/2025 a 31/12/2027.
24204978#2;24204978;515_20260807_24204978.xml;2026-08-07;2026-07-31;PORTARIA Nº 111, DE 31 DE JULHO DE 2026;Ministério do Desenvolvimento e Assistência Social, Família e Combate à Fome/Secretaria Nacional de Assistência Social/Departamento da Rede Socioassistencial Privada do Sistema Único de Assistência Social;ASSISTENCIA;18645119000187;S;ASSOCIAÇÃO DE PAIS E AMIGOS DE EXCEPCIONAIS DE POUSO ALEGRE;POUSO ALEGRE/MG;RENOVACAO;S;;01/01/2025 a 31/12/2027;148;24;http://pesquisa.in.gov.br/imprensa/jsp/visualiza/index.jsp?data=07/08/2026&jornal=515&pagina=24;DOU_XML;Art. 2º Deferir as renovações de certificação de entidade beneficente de assistência social das seguintes entidades por atenderem os requisitos legais constante [...] 45) ASSOCIAÇÃO DE PAIS E AMIGOS DE EXCEPCIONAIS DE POUSO ALEGRE, 18.645.119/0001-87, POUSO ALEGRE/MG, 308796.1037241/2024, de 01/01/2025 a 31/12/2027.
24204978#2;24204978;515_20260807_24204978.xml;2026-08-07;2026-07-31;PORTARIA Nº 111, DE 31 DE JULHO DE 2026;Ministério do Desenvolvimento e Assistência Social, Família e Combate à Fome/Secretaria Nacional de Assistência Social/Departamento da Rede Socioassistencial Privada do Sistema Único de Assistência Social;ASSISTENCIA;03367523000169;S;ASSOCIACAO DE PAIS E AMIGOS DOS AUTISTAS DE PIRACICABA;PIRACICABA/SP;RENOVACAO;S;;01/01/2025 a 31/12/2027;148;24;http://pesquisa.in.gov.br/imprensa/jsp/visualiza/index.jsp?data=07/08/2026&jornal=515&pagina=24;DOU_XML;Art. 2º Deferir as renovações de certificação de entidade beneficente de assistência social das seguintes entidades por atenderem os requisitos legais constante [...] 46) ASSOCIACAO DE PAIS E AMIGOS DOS AUTISTAS DE PIRACICABA, 03.367.523/0001-69, PIRACICABA/SP, 308796.1134120/2024, de 01/01/2025 a 31/12/2027.
24204978#2;24204978;515_20260807_24204978.xml;2026-08-07;2026-07-31;PORTARIA Nº 111, DE 31 DE JULHO DE 2026;Ministério do Desenvolvimento e Assistência Social, Família e Combate à Fome/Secretaria Nacional de Assistência Social/Departamento da Rede Socioassistencial Privada do Sistema Único de Assistência Social;ASSISTENCIA;90479106000102;S;ASSOCIAÇÃO DE PAIS E AMIGOS DOS DEFICIENTES AUDITIVOS;SANTA ROSA/RS;RENOVACAO;S;;11/08/2024 a 10/08/2027;148;24;http://pesquisa.in.gov.br/imprensa/jsp/visualiza/index.jsp?data=07/08/2026&jornal=515&pagina=24;DOU_XML;Art. 2º Deferir as renovações de certificação de entidade beneficente de assistência social das seguintes entidades por atenderem os requisitos legais constante [...] 47) ASSOCIAÇÃO DE PAIS E AMIGOS DOS DEFICIENTES AUDITIVOS, 90.479.106/0001-02, SANTA ROSA/RS, 308796.1045557/2024, de 11/08/2024 a 10/08/2027.
24204978#2;24204978;515_20260807_24204978.xml;2026-08-07;2026-07-31;PORTARIA Nº 111, DE 31 DE JULHO DE 2026;Ministério do Desenvolvimento e Assistência Social, Família e Combate à Fome/Secretaria Nacional de Assistência Social/Departamento da Rede Socioassistencial Privada do Sistema Único de Assistência Social;ASSISTENCIA;91654871000184;S;ASSOCIACAO DE PAIS E AMIGOS DOS EXCEPCIONAIS;TAPES/RS;RENOVACAO;S;;01/01/2025 a 31/12/2029;148;24;http://pesquisa.in.gov.br/imprensa/jsp/visualiza/index.jsp?data=07/08/2026&jornal=515&pagina=24;DOU_XML;Art. 2º Deferir as renovações de certificação de entidade beneficente de assistência social das seguintes entidades por atenderem os requisitos legais constante [...] 48) ASSOCIACAO DE PAIS E AMIGOS DOS EXCEPCIONAIS, 91.654.871/0001-84, TAPES/RS, 308796.0997219/2024, de 01/01/2025 a 31/12/2029.
24204978#2;24204978;515_20260807_24204978.xml;2026-08-07;2026-07-31;PORTARIA Nº 111, DE 31 DE JULHO DE 2026;Ministério do Desenvolvimento e Assistência Social, Família e Combate à Fome/Secretaria Nacional de Assistência Social/Departamento da Rede Socioassistencial Privada do Sistema Único de Assistência Social;ASSISTENCIA;80883226000117;S;ASSOCIACAO DE PAIS E AMIGOS DOS EXCEPCIONAIS;PÉROLA DOESTE/PR;RENOVACAO;S;;01/01/2025 a 31/12/2027;148;24;http://pesquisa.in.gov.br/imprensa/jsp/visualiza/index.jsp?data=07/08/2026&jornal=515&pagina=24;DOU_XML;Art. 2º Deferir as renovações de certificação de entidade beneficente de assistência social das seguintes entidades por atenderem os requisitos legais constante [...] 49) ASSOCIACAO DE PAIS E AMIGOS DOS EXCEPCIONAIS, 80.883.226/0001-17, PÉROLA DOESTE/PR, 308796.1073598/2024, de 01/01/2025 a 31/12/2027.
24204978#2;24204978;515_20260807_24204978.xml;2026-08-07;2026-07-31;PORTARIA Nº 111, DE 31 DE JULHO DE 2026;Ministério do Desenvolvimento e Assistência Social, Família e Combate à Fome/Secretaria Nacional de Assistência Social/Departamento da Rede Socioassistencial Privada do Sistema Único de Assistência Social;ASSISTENCIA;24371189000197;S;ASSOCIAÇÃO DE PAIS E AMIGOS DOS EXCEPCIONAIS;CEARÁ-MIRIM/RN;RENOVACAO;S;;01/01/2025 a 31/12/2027;148;24;http://pesquisa.in.gov.br/imprensa/jsp/visualiza/index.jsp?data=07/08/2026&jornal=515&pagina=24;DOU_XML;Art. 2º Deferir as renovações de certificação de entidade beneficente de assistência social das seguintes entidades por atenderem os requisitos legais constante [...] 50) ASSOCIAÇÃO DE PAIS E AMIGOS DOS EXCEPCIONAIS, 24.371.189/0001-97, CEARÁ-MIRIM/RN, 308796.0912947/2024, de 01/01/2025 a 31/12/2027.
24204978#2;24204978;515_20260807_24204978.xml;2026-08-07;2026-07-31;PORTARIA Nº 111, DE 31 DE JULHO DE 2026;Ministério do Desenvolvimento e Assistência Social, Família e Combate à Fome/Secretaria Nacional de Assistência Social/Departamento da Rede Socioassistencial Privada do Sistema Único de Assistência Social;ASSISTENCIA;23781883000110;S;ASSOCIAÇÃO DE PAIS E AMIGOS DOS EXCEPCIONAIS;PAINS/MG;RENOVACAO;S;;01/01/2025 a 31/12/2029;148;24;http://pesquisa.in.gov.br/imprensa/jsp/visualiza/index.jsp?data=07/08/2026&jornal=515&pagina=24;DOU_XML;Art. 2º Deferir as renovações de certificação de entidade beneficente de assistência social das seguintes entidades por atenderem os requisitos legais constante [...] 51) ASSOCIAÇÃO DE PAIS E AMIGOS DOS EXCEPCIONAIS, 23.781.883/0001-10, PAINS/MG, 308796.0919646/2024, de 01/01/2025 a 31/12/2029.
24204978#2;24204978;515_20260807_24204978.xml;2026-08-07;2026-07-31;PORTARIA Nº 111, DE 31 DE JULHO DE 2026;Ministério do Desenvolvimento e Assistência Social, Família e Combate à Fome/Secretaria Nacional de Assistência Social/Departamento da Rede Socioassistencial Privada do Sistema Único de Assistência Social;ASSISTENCIA;02217712000192;S;ASSOCIAÇÃO DE PAIS E AMIGOS DOS EXCEPCIONAIS;MALACACHETA/MG;RENOVACAO;S;;01/01/2025 a 31/12/2029;148;24;http://pesquisa.in.gov.br/imprensa/jsp/visualiza/index.jsp?data=07/08/2026&jornal=515&pagina=24;DOU_XML;Art. 2º Deferir as renovações de certificação de entidade beneficente de assistência social das seguintes entidades por atenderem os requisitos legais constante [...] 52) ASSOCIAÇÃO DE PAIS E AMIGOS DOS EXCEPCIONAIS, 02.217.712/0001-92, MALACACHETA/MG, 308796.1008515/2024, de 01/01/2025 a 31/12/2029.
24204978#2;24204978;515_20260807_24204978.xml;2026-08-07;2026-07-31;PORTARIA Nº 111, DE 31 DE JULHO DE 2026;Ministério do Desenvolvimento e Assistência Social, Família e Combate à Fome/Secretaria Nacional de Assistência Social/Departamento da Rede Socioassistencial Privada do Sistema Único de Assistência Social;ASSISTENCIA;86711637000101;S;ASSOCIAÇÃO DE PAIS E AMIGOS DOS EXCEPCIONAIS;BRUMADINHO/MG;RENOVACAO;S;;01/01/2025 a 31/12/2027;148;24;http://pesquisa.in.gov.br/imprensa/jsp/visualiza/index.jsp?data=07/08/2026&jornal=515&pagina=24;DOU_XML;Art. 2º Deferir as renovações de certificação de entidade beneficente de assistência social das seguintes entidades por atenderem os requisitos legais constante [...] 53) ASSOCIAÇÃO DE PAIS E AMIGOS DOS EXCEPCIONAIS, 86.711.637/0001-01, BRUMADINHO/MG, 308796.1051181/2024, de 01/01/2025 a 31/12/2027.
24204978#2;24204978;515_20260807_24204978.xml;2026-08-07;2026-07-31;PORTARIA Nº 111, DE 31 DE JULHO DE 2026;Ministério do Desenvolvimento e Assistência Social, Família e Combate à Fome/Secretaria Nacional de Assistência Social/Departamento da Rede Socioassistencial Privada do Sistema Único de Assistência Social;ASSISTENCIA;83172478000126;S;ASSOCIAÇÃO DE PAIS E AMIGOS DOS EXCEPCIONAIS;SÃO BENTO DO SUL/SC;RENOVACAO;S;;01/01/2025 a 31/12/2027;148;24;http://pesquisa.in.gov.br/imprensa/jsp/visualiza/index.jsp?data=07/08/2026&jornal=515&pagina=24;DOU_XML;Art. 2º Deferir as renovações de certificação de entidade beneficente de assistência social das seguintes entidades por atenderem os requisitos legais constante [...] 54) ASSOCIAÇÃO DE PAIS E AMIGOS DOS EXCEPCIONAIS, 83.172.478/0001-26, SÃO BENTO DO SUL/SC, 308796.1088311/2024, de 01/01/2025 a 31/12/2027.
24204978#2;24204978;515_20260807_24204978.xml;2026-08-07;2026-07-31;PORTARIA Nº 111, DE 31 DE JULHO DE 2026;Ministério do Desenvolvimento e Assistência Social, Família e Combate à Fome/Secretaria Nacional de Assistência Social/Departamento da Rede Socioassistencial Privada do Sistema Único de Assistência Social;ASSISTENCIA;48553564000188;S;ASSOCIAÇÃO DE PAIS E AMIGOS DOS EXCEPCIONAIS;GUARATINGUETÁ/SP;RENOVACAO;S;;01/01/2025 a 31/12/2027;148;24;http://pesquisa.in.gov.br/imprensa/jsp/visualiza/index.jsp?data=07/08/2026&jornal=515&pagina=24;DOU_XML;Art. 2º Deferir as renovações de certificação de entidade beneficente de assistência social das seguintes entidades por atenderem os requisitos legais constante [...] 55) ASSOCIAÇÃO DE PAIS E AMIGOS DOS EXCEPCIONAIS, 48.553.564/0001-88, GUARATINGUETÁ/SP, 308796.1131796/2024, de 01/01/2025 a 31/12/2027.
24204978#2;24204978;515_20260807_24204978.xml;2026-08-07;2026-07-31;PORTARIA Nº 111, DE 31 DE JULHO DE 2026;Ministério do Desenvolvimento e Assistência Social, Família e Combate à Fome/Secretaria Nacional de Assistência Social/Departamento da Rede Socioassistencial Privada do Sistema Único de Assistência Social;ASSISTENCIA;96041439000131;S;ASSOCIAÇÃO DE PAIS E AMIGOS DOS EXCEPCIONAIS;SANTANA DO LIVRAMENTO/RS;RENOVACAO;S;;01/01/2025 a 31/12/2027;148;24;http://pesquisa.in.gov.br/imprensa/jsp/visualiza/index.jsp?data=07/08/2026&jornal=515&pagina=24;DOU_XML;Art. 2º Deferir as renovações de certificação de entidade beneficente de assistência social das seguintes entidades por atenderem os requisitos legais constante [...] 56) ASSOCIAÇÃO DE PAIS E AMIGOS DOS EXCEPCIONAIS, 96.041.439/0001-31, SANTANA DO LIVRAMENTO/RS, 308796.0944894/2024, de 01/01/2025 a 31/12/2027.
24204978#2;24204978;515_20260807_24204978.xml;2026-08-07;2026-07-31;PORTARIA Nº 111, DE 31 DE JULHO DE 2026;Ministério do Desenvolvimento e Assistência Social, Família e Combate à Fome/Secretaria Nacional de Assistência Social/Departamento da Rede Socioassistencial Privada do Sistema Único de Assistência Social;ASSISTENCIA;08113253000183;S;ASSOCIACAO DE PAIS E AMIGOS DOS EXCEPCIONAIS - APAE;CHAPADÃO DO CÉU/GO;RENOVACAO;S;;01/01/2025 a 31/12/2027;148;24;http://pesquisa.in.gov.br/imprensa/jsp/visualiza/index.jsp?data=07/08/2026&jornal=515&pagina=24;DOU_XML;Art. 2º Deferir as renovações de certificação de entidade beneficente de assistência social das seguintes entidades por atenderem os requisitos legais constante [...] 57) ASSOCIACAO DE PAIS E AMIGOS DOS EXCEPCIONAIS - APAE, 08.113.253/0001-83, CHAPADÃO DO CÉU/GO, 308796.1000530/2024, de 01/01/2025 a 31/12/2027.
24204978#2;24204978;515_20260807_24204978.xml;2026-08-07;2026-07-31;PORTARIA Nº 111, DE 31 DE JULHO DE 2026;Ministério do Desenvolvimento e Assistência Social, Família e Combate à Fome/Secretaria Nacional de Assistência Social/Departamento da Rede Socioassistencial Privada do Sistema Único de Assistência Social;ASSISTENCIA;79103420000153;S;ASSOCIAÇÃO DE PAIS E AMIGOS DOS EXCEPCIONAIS - APAE DE ANTONINA - PR;ANTONINA/PR;RENOVACAO;S;;01/01/2025 a 31/12/2027;148;24;http://pesquisa.in.gov.br/imprensa/jsp/visualiza/index.jsp?data=07/08/2026&jornal=515&pagina=24;DOU_XML;Art. 2º Deferir as renovações de certificação de entidade beneficente de assistência social das seguintes entidades por atenderem os requisitos legais constante [...] 58) ASSOCIAÇÃO DE PAIS E AMIGOS DOS EXCEPCIONAIS - APAE DE ANTONINA - PR, 79.103.420/0001-53, ANTONINA/PR, 308796.0657403/2023, de 01/01/2025 a 31/12/2027.
24204978#2;24204978;515_20260807_24204978.xml;2026-08-07;2026-07-31;PORTARIA Nº 111, DE 31 DE JULHO DE 2026;Ministério do Desenvolvimento e Assistência Social, Família e Combate à Fome/Secretaria Nacional de Assistência Social/Departamento da Rede Socioassistencial Privada do Sistema Único de Assistência Social;ASSISTENCIA;04404686000137;S;ASSOCIAÇÃO DE PAIS E AMIGOS DOS EXCEPCIONAIS - APAE DE SALTO DO ITARARÉ;SALTO DO ITARARÉ/PR;RENOVACAO;S;;01/01/2025 a 31/12/2027;148;24;http://pesquisa.in.gov.br/imprensa/jsp/visualiza/index.jsp?data=07/08/2026&jornal=515&pagina=24;DOU_XML;Art. 2º Deferir as renovações de certificação de entidade beneficente de assistência social das seguintes entidades por atenderem os requisitos legais constante [...] 59) ASSOCIAÇÃO DE PAIS E AMIGOS DOS EXCEPCIONAIS - APAE DE SALTO DO ITARARÉ, 04.404.686/0001-37, SALTO DO ITARARÉ/PR, 308796.1064680/2024, de 01/01/2025 a 31/12/2027.
24204978#2;24204978;515_20260807_24204978.xml;2026-08-07;2026-07-31;PORTARIA Nº 111, DE 31 DE JULHO DE 2026;Ministério do Desenvolvimento e Assistência Social, Família e Combate à Fome/Secretaria Nacional de Assistência Social/Departamento da Rede Socioassistencial Privada do Sistema Único de Assistência Social;ASSISTENCIA;80872898000127;S;ASSOCIAÇÃO DE PAIS E AMIGOS DOS EXCEPCIONAIS - APAE DE SÃO JOÃO;SÃO JOÃO/PR;RENOVACAO;S;;04/08/2025 a 03/08/2028;148;24;http://pesquisa.in.gov.br/imprensa/jsp/visualiza/index.jsp?data=07/08/2026&jornal=515&pagina=24;DOU_XML;Art. 2º Deferir as renovações de certificação de entidade beneficente de assistência social das seguintes entidades por atenderem os requisitos legais constante [...] 60) ASSOCIAÇÃO DE PAIS E AMIGOS DOS EXCEPCIONAIS - APAE DE SÃO JOÃO, 80.872.898/0001-27, SÃO JOÃO/PR, 308796.1037384/2024, de 04/08/2025 a 03/08/2028.
24204978#2;24204978;515_20260807_24204978.xml;2026-08-07;2026-07-31;PORTARIA Nº 111, DE 31 DE JULHO DE 2026;Ministério do Desenvolvimento e Assistência Social, Família e Combate à Fome/Secretaria Nacional de Assistência Social/Departamento da Rede Socioassistencial Privada do Sistema Único de Assistência Social;ASSISTENCIA;80629165000166;S;ASSOCIAÇÃO DE PAIS E AMIGOS DOS EXCEPCIONAIS - APAE PALMITOS;PALMITOS/SC;RENOVACAO;S;;01/01/2025 a 31/12/2027;148;24;http://pesquisa.in.gov.br/imprensa/jsp/visualiza/index.jsp?data=07/08/2026&jornal=515&pagina=24;DOU_XML;Art. 2º Deferir as renovações de certificação de entidade beneficente de assistência social das seguintes entidades por atenderem os requisitos legais constante [...] 61) ASSOCIAÇÃO DE PAIS E AMIGOS DOS EXCEPCIONAIS - APAE PALMITOS, 80.629.165/0001-66, PALMITOS/SC, 308796.1057287/2024, de 01/01/2025 a 31/12/2027.
24204978#2;24204978;515_20260807_24204978.xml;2026-08-07;2026-07-31;PORTARIA Nº 111, DE 31 DE JULHO DE 2026;Ministério do Desenvolvimento e Assistência Social, Família e Combate à Fome/Secretaria Nacional de Assistência Social/Departamento da Rede Socioassistencial Privada do Sistema Único de Assistência Social;ASSISTENCIA;01780789000103;S;ASSOCIACAO DE PAIS E AMIGOS DOS EXCEPCIONAIS -APAE;CAPIVARI DE BAIXO/SC;RENOVACAO;S;;01/01/2025 a 31/12/2027;148;24;http://pesquisa.in.gov.br/imprensa/jsp/visualiza/index.jsp?data=07/08/2026&jornal=515&pagina=24;DOU_XML;Art. 2º Deferir as renovações de certificação de entidade beneficente de assistência social das seguintes entidades por atenderem os requisitos legais constante [...] 62) ASSOCIACAO DE PAIS E AMIGOS DOS EXCEPCIONAIS -APAE, 01.780.789/0001-03, CAPIVARI DE BAIXO/SC, 308796.0989538/2024, de 01/01/2025 a 31/12/2027.
24204978#2;24204978;515_20260807_24204978.xml;2026-08-07;2026-07-31;PORTARIA Nº 111, DE 31 DE JULHO DE 2026;Ministério do Desenvolvimento e Assistência Social, Família e Combate à Fome/Secretaria Nacional de Assistência Social/Departamento da Rede Socioassistencial Privada do Sistema Único de Assistência Social;ASSISTENCIA;20288940000135;S;ASSOCIAÇÃO DE PAIS E AMIGOS DOS EXCEPCIONAIS APAE;BARROSO/MG;RENOVACAO;S;;01/01/2025 a 31/12/2027;148;24;http://pesquisa.in.gov.br/imprensa/jsp/visualiza/index.jsp?data=07/08/2026&jornal=515&pagina=24;DOU_XML;Art. 2º Deferir as renovações de certificação de entidade beneficente de assistência social das seguintes entidades por atenderem os requisitos legais constante [...] 63) ASSOCIAÇÃO DE PAIS E AMIGOS DOS EXCEPCIONAIS APAE, 20.288.940/0001-35, BARROSO/MG, 308796.0811863/2023, de 01/01/2025 a 31/12/2027.
24204978#2;24204978;515_20260807_24204978.xml;2026-08-07;2026-07-31;PORTARIA Nº 111, DE 31 DE JULHO DE 2026;Ministério do Desenvolvimento e Assistência Social, Família e Combate à Fome/Secretaria Nacional de Assistência Social/Departamento da Rede Socioassistencial Privada do Sistema Único de Assistência Social;ASSISTENCIA;46143806000130;S;ASSOCIAÇÃO DE PAIS E AMIGOS DOS EXCEPCIONAIS DE AGUDOS;AGUDOS/SP;RENOVACAO;S;;01/01/2025 a 31/12/2027;148;24;http://pesquisa.in.gov.br/imprensa/jsp/visualiza/index.jsp?data=07/08/2026&jornal=515&pagina=24;DOU_XML;Art. 2º Deferir as renovações de certificação de entidade beneficente de assistência social das seguintes entidades por atenderem os requisitos legais constante [...] 64) ASSOCIAÇÃO DE PAIS E AMIGOS DOS EXCEPCIONAIS DE AGUDOS, 46.143.806/0001-30, AGUDOS/SP, 308796.1170373/2024, de 01/01/2025 a 31/12/2027.
24204978#2;24204978;515_20260807_24204978.xml;2026-08-07;2026-07-31;PORTARIA Nº 111, DE 31 DE JULHO DE 2026;Ministério do Desenvolvimento e Assistência Social, Família e Combate à Fome/Secretaria Nacional de Assistência Social/Departamento da Rede Socioassistencial Privada do Sistema Único de Assistência Social;ASSISTENCIA;05512384000145;S;ASSOCIAÇÃO DE PAIS E AMIGOS DOS EXCEPCIONAIS DE ARATIBA - APAE;ARATIBA/RS;RENOVACAO;S;;01/01/2025 a 31/12/2029;148;24;http://pesquisa.in.gov.br/imprensa/jsp/visualiza/index.jsp?data=07/08/2026&jornal=515&pagina=24;DOU_XML;Art. 2º Deferir as renovações de certificação de entidade beneficente de assistência social das seguintes entidades por atenderem os requisitos legais constante [...] 65) ASSOCIAÇÃO DE PAIS E AMIGOS DOS EXCEPCIONAIS DE ARATIBA - APAE, 05.512.384/0001-45, ARATIBA/RS, 308796.1048123/2024, de 01/01/2025 a 31/12/2029.
24204978#2;24204978;515_20260807_24204978.xml;2026-08-07;2026-07-31;PORTARIA Nº 111, DE 31 DE JULHO DE 2026;Ministério do Desenvolvimento e Assistência Social, Família e Combate à Fome/Secretaria Nacional de Assistência Social/Departamento da Rede Socioassistencial Privada do Sistema Único de Assistência Social;ASSISTENCIA;01607788000161;S;ASSOCIAÇAO DE PAIS E AMIGOS DOS EXCEPCIONAIS DE AREALVA;AREALVA/SP;RENOVACAO;S;;01/01/2025 a 31/12/2027;148;24;http://pesquisa.in.gov.br/imprensa/jsp/visualiza/index.jsp?data=07/08/2026&jornal=515&pagina=24;DOU_XML;Art. 2º Deferir as renovações de certificação de entidade beneficente de assistência social das seguintes entidades por atenderem os requisitos legais constante [...] 66) ASSOCIAÇAO DE PAIS E AMIGOS DOS EXCEPCIONAIS DE AREALVA, 01.607.788/0001-61, AREALVA/SP, 308796.1085218/2024, de 01/01/2025 a 31/12/2027.
24204978#2;24204978;515_20260807_24204978.xml;2026-08-07;2026-07-31;PORTARIA Nº 111, DE 31 DE JULHO DE 2026;Ministério do Desenvolvimento e Assistência Social, Família e Combate à Fome/Secretaria Nacional de Assistência Social/Departamento da Rede Socioassistencial Privada do Sistema Único de Assistência Social;ASSISTENCIA;17084062000121;S;ASSOCIACAO DE PAIS E AMIGOS DOS EXCEPCIONAIS DE BARBACENA-MG / APAE DE BARBACENA-MG;BARBACENA/MG;RENOVACAO;S;;01/01/2025 a 31/12/2027;148;24;http://pesquisa.in.gov.br/imprensa/jsp/visualiza/index.jsp?data=07/08/2026&jornal=515&pagina=24;DOU_XML;Art. 2º Deferir as renovações de certificação de entidade beneficente de assistência social das seguintes entidades por atenderem os requisitos legais constante [...] 67) ASSOCIACAO DE PAIS E AMIGOS DOS EXCEPCIONAIS DE BARBACENA-MG / APAE DE BARBACENA-MG, 17.084.062/0001-21, BARBACENA/MG, 308796.0912670/2024, de 01/01/2025 a 31/12/2027.
24204978#2;24204978;515_20260807_24204978.xml;2026-08-07;2026-07-31;PORTARIA Nº 111, DE 31 DE JULHO DE 2026;Ministério do Desenvolvimento e Assistência Social, Família e Combate à Fome/Secretaria Nacional de Assistência Social/Departamento da Rede Socioassistencial Privada do Sistema Único de Assistência Social;ASSISTENCIA;45306008000119;S;ASSOCIAÇÃO DE PAIS E AMIGOS DOS EXCEPCIONAIS DE BEBEDOURO;BEBEDOURO/SP;RENOVACAO;S;;01/01/2025 a 31/12/2027;148;24;http://pesquisa.in.gov.br/imprensa/jsp/visualiza/index.jsp?data=07/08/2026&jornal=515&pagina=24;DOU_XML;Art. 2º Deferir as renovações de certificação de entidade beneficente de assistência social das seguintes entidades por atenderem os requisitos legais constante [...] 68) ASSOCIAÇÃO DE PAIS E AMIGOS DOS EXCEPCIONAIS DE BEBEDOURO, 45.306.008/0001-19, BEBEDOURO/SP, 308796.1002353/2024, de 01/01/2025 a 31/12/2027.
24204978#2;24204978;515_20260807_24204978.xml;2026-08-07;2026-07-31;PORTARIA Nº 111, DE 31 DE JULHO DE 2026;Ministério do Desenvolvimento e Assistência Social, Família e Combate à Fome/Secretaria Nacional de Assistência Social/Departamento da Rede Socioassistencial Privada do Sistema Único de Assistência Social;ASSISTENCIA;40270514000181;S;ASSOCIAÇÃO DE PAIS E AMIGOS DOS EXCEPCIONAIS DE BOCAIUVA DO SUL;BOCAIÚVA DO SUL/PR;RENOVACAO;S;;01/01/2025 a 31/12/2027;148;24;http://pesquisa.in.gov.br/imprensa/jsp/visualiza/index.jsp?data=07/08/2026&jornal=515&pagina=24;DOU_XML;Art. 2º Deferir as renovações de certificação de entidade beneficente de assistência social das seguintes entidades por atenderem os requisitos legais constante [...] 69) ASSOCIAÇÃO DE PAIS E AMIGOS DOS EXCEPCIONAIS DE BOCAIUVA DO SUL, 40.270.514/0001-81, BOCAIÚVA DO SUL/PR, 308796.1154740/2024, de 01/01/2025 a 31/12/2027.
24204978#2;24204978;515_20260807_24204978.xml;2026-08-07;2026-07-31;PORTARIA Nº 111, DE 31 DE JULHO DE 2026;Ministério do Desenvolvimento e Assistência Social, Família e Combate à Fome/Secretaria Nacional de Assistência Social/Departamento da Rede Socioassistencial Privada do Sistema Único de Assistência Social;ASSISTENCIA;02788612000116;S;ASSOCIAÇÃO DE PAIS E AMIGOS DOS EXCEPCIONAIS DE CAJATI;CAJATI/SP;RENOVACAO;S;;01/01/2025 a 31/12/2027;148;24;http://pesquisa.in.gov.br/imprensa/jsp/visualiza/index.jsp?data=07/08/2026&jornal=515&pagina=24;DOU_XML;Art. 2º Deferir as renovações de certificação de entidade beneficente de assistência social das seguintes entidades por atenderem os requisitos legais constante [...] 70) ASSOCIAÇÃO DE PAIS E AMIGOS DOS EXCEPCIONAIS DE CAJATI, 02.788.612/0001-16, CAJATI/SP, 308796.1155555/2024, de 01/01/2025 a 31/12/2027.
24204978#2;24204978;515_20260807_24204978.xml;2026-08-07;2026-07-31;PORTARIA Nº 111, DE 31 DE JULHO DE 2026;Ministério do Desenvolvimento e Assistência Social, Família e Combate à Fome/Secretaria Nacional de Assistência Social/Departamento da Rede Socioassistencial Privada do Sistema Único de Assistência Social;ASSISTENCIA;20750766000109;S;ASSOCIAÇÃO DE PAIS E AMIGOS DOS EXCEPCIONAIS DE CAMPOS ATLOS;CAMPOS ALTOS/MG;RENOVACAO;S;;01/01/2025 a 31/12/2029;148;24;http://pesquisa.in.gov.br/imprensa/jsp/visualiza/index.jsp?data=07/08/2026&jornal=515&pagina=24;DOU_XML;Art. 2º Deferir as renovações de certificação de entidade beneficente de assistência social das seguintes entidades por atenderem os requisitos legais constante [...] 71) ASSOCIAÇÃO DE PAIS E AMIGOS DOS EXCEPCIONAIS DE CAMPOS ATLOS, 20.750.766/0001-09, CAMPOS ALTOS/MG, 308796.1116872/2024, de 01/01/2025 a 31/12/2029.
24204978#2;24204978;515_20260807_24204978.xml;2026-08-07;2026-07-31;PORTARIA Nº 111, DE 31 DE JULHO DE 2026;Ministério do Desenvolvimento e Assistência Social, Família e Combate à Fome/Secretaria Nacional de Assistência Social/Departamento da Rede Socioassistencial Privada do Sistema Único de Assistência Social;ASSISTENCIA;41876681000133;S;ASSOCIAÇAO DE PAIS E AMIGOS DOS EXCEPCIONAIS DE CAMPOS GERAIS APAE CAMPOS GERAIS;CAMPOS GERAIS/MG;RENOVACAO;S;;01/01/2025 a 31/12/2029;148;24;http://pesquisa.in.gov.br/imprensa/jsp/visualiza/index.jsp?data=07/08/2026&jornal=515&pagina=24;DOU_XML;Art. 2º Deferir as renovações de certificação de entidade beneficente de assistência social das seguintes entidades por atenderem os requisitos legais constante [...] 72) ASSOCIAÇAO DE PAIS E AMIGOS DOS EXCEPCIONAIS DE CAMPOS GERAIS APAE CAMPOS GERAIS, 41.876.681/0001-33, CAMPOS GERAIS/MG, 308796.0998627/2024, de 01/01/2025 a 31/12/2029.
24204978#2;24204978;515_20260807_24204978.xml;2026-08-07;2026-07-31;PORTARIA Nº 111, DE 31 DE JULHO DE 2026;Ministério do Desenvolvimento e Assistência Social, Família e Combate à Fome/Secretaria Nacional de Assistência Social/Departamento da Rede Socioassistencial Privada do Sistema Único de Assistência Social;ASSISTENCIA;02684430000103;S;ASSOCIAÇÃO DE PAIS E AMIGOS DOS EXCEPCIONAIS DE CANDOI - APAE DE CANDOI;CANDÓI/PR;RENOVACAO;S;;01/01/2025 a 31/12/2027;148;24;http://pesquisa.in.gov.br/imprensa/jsp/visualiza/index.jsp?data=07/08/2026&jornal=515&pagina=24;DOU_XML;Art. 2º Deferir as renovações de certificação de entidade beneficente de assistência social das seguintes entidades por atenderem os requisitos legais constante [...] 73) ASSOCIAÇÃO DE PAIS E AMIGOS DOS EXCEPCIONAIS DE CANDOI - APAE DE CANDOI, 02.684.430/0001-03, CANDÓI/PR, 308796.1053585/2024, de 01/01/2025 a 31/12/2027.
24204978#2;24204978;515_20260807_24204978.xml;2026-08-07;2026-07-31;PORTARIA Nº 111, DE 31 DE JULHO DE 2026;Ministério do Desenvolvimento e Assistência Social, Família e Combate à Fome/Secretaria Nacional de Assistência Social/Departamento da Rede Socioassistencial Privada do Sistema Único de Assistência Social;ASSISTENCIA;80871361000142;S;ASSOCIACAO DE PAIS E AMIGOS DOS EXCEPCIONAIS DE CHOPINZ;CHOPINZINHO/PR;RENOVACAO;S;;01/01/2025 a 31/12/2027;148;24;http://pesquisa.in.gov.br/imprensa/jsp/visualiza/index.jsp?data=07/08/2026&jornal=515&pagina=24;DOU_XML;Art. 2º Deferir as renovações de certificação de entidade beneficente de assistência social das seguintes entidades por atenderem os requisitos legais constante [...] 74) ASSOCIACAO DE PAIS E AMIGOS DOS EXCEPCIONAIS DE CHOPINZ, 80.871.361/0001-42, CHOPINZINHO/PR, 308796.1143502/2024, de 01/01/2025 a 31/12/2027.
24204978#2;24204978;515_20260807_24204978.xml;2026-08-07;2026-07-31;PORTARIA Nº 111, DE 31 DE JULHO DE 2026;Ministério do Desenvolvimento e Assistência Social, Família e Combate à Fome/Secretaria Nacional de Assistência Social/Departamento da Rede Socioassistencial Privada do Sistema Único de Assistência Social;ASSISTENCIA;45306966000190;S;ASSOCIAÇÃO DE PAIS E AMIGOS DOS EXCEPCIONAIS DE DESCALVADO;DESCALVADO/SP;RENOVACAO;S;;01/01/2025 a 31/12/2027;148;24;http://pesquisa.in.gov.br/imprensa/jsp/visualiza/index.jsp?data=07/08/2026&jornal=515&pagina=24;DOU_XML;Art. 2º Deferir as renovações de certificação de entidade beneficente de assistência social das seguintes entidades por atenderem os requisitos legais constante [...] 75) ASSOCIAÇÃO DE PAIS E AMIGOS DOS EXCEPCIONAIS DE DESCALVADO, 45.306.966/0001-90, DESCALVADO/SP, 308796.1089959/2024, de 01/01/2025 a 31/12/2027.
24204978#2;24204978;515_20260807_24204978.xml;2026-08-07;2026-07-31;PORTARIA Nº 111, DE 31 DE JULHO DE 2026;Ministério do Desenvolvimento e Assistência Social, Família e Combate à Fome/Secretaria Nacional de Assistência Social/Departamento da Rede Socioassistencial Privada do Sistema Único de Assistência Social;ASSISTENCIA;45316338000195;S;ASSOCIAÇÃO DE PAIS E AMIGOS DOS EXCEPCIONAIS DE FRANCA;FRANCA/SP;RENOVACAO;S;;01/01/2025 a 31/12/2027;148;24;http://pesquisa.in.gov.br/imprensa/jsp/visualiza/index.jsp?data=07/08/2026&jornal=515&pagina=24;DOU_XML;Art. 2º Deferir as renovações de certificação de entidade beneficente de assistência social das seguintes entidades por atenderem os requisitos legais constante [...] 76) ASSOCIAÇÃO DE PAIS E AMIGOS DOS EXCEPCIONAIS DE FRANCA, 45.316.338/0001-95, FRANCA/SP, 308796.1162028/2024, de 01/01/2025 a 31/12/2027.
24204978#2;24204978;515_20260807_24204978.xml;2026-08-07;2026-07-31;PORTARIA Nº 111, DE 31 DE JULHO DE 2026;Ministério do Desenvolvimento e Assistência Social, Família e Combate à Fome/Secretaria Nacional de Assistência Social/Departamento da Rede Socioassistencial Privada do Sistema Único de Assistência Social;ASSISTENCIA;88716915000149;S;ASSOCIAÇÃO DE PAIS E AMIGOS DOS EXCEPCIONAIS DE GETÚLIO VARGAS;GETÚLIO VARGAS/RS;RENOVACAO;S;;01/01/2025 a 31/12/2027;148;24;http://pesquisa.in.gov.br/imprensa/jsp/visualiza/index.jsp?data=07/08/2026&jornal=515&pagina=24;DOU_XML;Art. 2º Deferir as renovações de certificação de entidade beneficente de assistência social das seguintes entidades por atenderem os requisitos legais constante [...] 77) ASSOCIAÇÃO DE PAIS E AMIGOS DOS EXCEPCIONAIS DE GETÚLIO VARGAS, 88.716.915/0001-49, GETÚLIO VARGAS/RS, 308796.1133042/2024, de 01/01/2025 a 31/12/2027.
24204978#2;24204978;515_20260807_24204978.xml;2026-08-07;2026-07-31;PORTARIA Nº 111, DE 31 DE JULHO DE 2026;Ministério do Desenvolvimento e Assistência Social, Família e Combate à Fome/Secretaria Nacional de Assistência Social/Departamento da Rede Socioassistencial Privada do Sistema Único de Assistência Social;ASSISTENCIA;03157937000163;S;ASSOCIAÇÃO DE PAIS E AMIGOS DOS EXCEPCIONAIS DE GUAIRAÇÁ - APAE;GUAIRAÇÁ/PR;RENOVACAO;S;;01/01/2025 a 31/12/2027;148;24;http://pesquisa.in.gov.br/imprensa/jsp/visualiza/index.jsp?data=07/08/2026&jornal=515&pagina=24;DOU_XML;Art. 2º Deferir as renovações de certificação de entidade beneficente de assistência social das seguintes entidades por atenderem os requisitos legais constante [...] 78) ASSOCIAÇÃO DE PAIS E AMIGOS DOS EXCEPCIONAIS DE GUAIRAÇÁ - APAE, 03.157.937/0001-63, GUAIRAÇÁ/PR, 308796.1100361/2024, de 01/01/2025 a 31/12/2027.
24204978#2;24204978;515_20260807_24204978.xml;2026-08-07;2026-07-31;PORTARIA Nº 111, DE 31 DE JULHO DE 2026;Ministério do Desenvolvimento e Assistência Social, Família e Combate à Fome/Secretaria Nacional de Assistência Social/Departamento da Rede Socioassistencial Privada do Sistema Único de Assistência Social;ASSISTENCIA;05488243000134;S;ASSOCIAÇÃO DE PAIS E AMIGOS DOS EXCEPCIONAIS DE ILHOTA;ILHOTA/SC;RENOVACAO;S;;01/01/2025 a 31/12/2027;148;24;http://pesquisa.in.gov.br/imprensa/jsp/visualiza/index.jsp?data=07/08/2026&jornal=515&pagina=24;DOU_XML;Art. 2º Deferir as renovações de certificação de entidade beneficente de assistência social das seguintes entidades por atenderem os requisitos legais constante [...] 79) ASSOCIAÇÃO DE PAIS E AMIGOS DOS EXCEPCIONAIS DE ILHOTA, 05.488.243/0001-34, ILHOTA/SC, 308796.1035092/2024, de 01/01/2025 a 31/12/2027.
24204978#2;24204978;515_20260807_24204978.xml;2026-08-07;2026-07-31;PORTARIA Nº 111, DE 31 DE JULHO DE 2026;Ministério do Desenvolvimento e Assistência Social, Família e Combate à Fome/Secretaria Nacional de Assistência Social/Departamento da Rede Socioassistencial Privada do Sistema Único de Assistência Social;ASSISTENCIA;08688284000162;S;ASSOCIAÇÃO DE PAIS E AMIGOS DOS EXCEPCIONAIS DE IVATÉ;IVATÉ/PR;RENOVACAO;S;;01/01/2025 a 31/12/2027;148;24;http://pesquisa.in.gov.br/imprensa/jsp/visualiza/index.jsp?data=07/08/2026&jornal=515&pagina=24;DOU_XML;Art. 2º Deferir as renovações de certificação de entidade beneficente de assistência social das seguintes entidades por atenderem os requisitos legais constante [...] 80) ASSOCIAÇÃO DE PAIS E AMIGOS DOS EXCEPCIONAIS DE IVATÉ, 08.688.284/0001-62, IVATÉ/PR, 308796.0921107/2024, de 01/01/2025 a 31/12/2027.
24204978#2;24204978;515_20260807_24204978.xml;2026-08-07;2026-07-31;PORTARIA Nº 111, DE 31 DE JULHO DE 2026;Ministério do Desenvolvimento e Assistência Social, Família e Combate à Fome/Secretaria Nacional de Assistência Social/Departamento da Rede Socioassistencial Privada do Sistema Único de Assistência Social;ASSISTENCIA;90834425000199;S;ASSOCIACAO DE PAIS E AMIGOS DOS EXCEPCIONAIS DE IVOTI;IVOTI/RS;RENOVACAO;S;;01/01/2025 a 31/12/2027;148;24;http://pesquisa.in.gov.br/imprensa/jsp/visualiza/index.jsp?data=07/08/2026&jornal=515&pagina=24;DOU_XML;Art. 2º Deferir as renovações de certificação de entidade beneficente de assistência social das seguintes entidades por atenderem os requisitos legais constante [...] 81) ASSOCIACAO DE PAIS E AMIGOS DOS EXCEPCIONAIS DE IVOTI, 90.834.425/0001-99, IVOTI/RS, 308796.1155895/2024, de 01/01/2025 a 31/12/2027.
24204978#2;24204978;515_20260807_24204978.xml;2026-08-07;2026-07-31;PORTARIA Nº 111, DE 31 DE JULHO DE 2026;Ministério do Desenvolvimento e Assistência Social, Família e Combate à Fome/Secretaria Nacional de Assistência Social/Departamento da Rede Socioassistencial Privada do Sistema Único de Assistência Social;ASSISTENCIA;89910673000192;S;ASSOCIAÇÃO DE PAIS E AMIGOS DOS EXCEPCIONAIS DE JAGUARÃO;JAGUARÃO/RS;RENOVACAO;S;;01/01/2025 a 31/12/2027;148;24;http://pesquisa.in.gov.br/imprensa/jsp/visualiza/index.jsp?data=07/08/2026&jornal=515&pagina=24;DOU_XML;Art. 2º Deferir as renovações de certificação de entidade beneficente de assistência social das seguintes entidades por atenderem os requisitos legais constante [...] 82) ASSOCIAÇÃO DE PAIS E AMIGOS DOS EXCEPCIONAIS DE JAGUARÃO, 89.910.673/0001-92, JAGUARÃO/RS, 308796.0904137/2024, de 01/01/2025 a 31/12/2027.
24204978#2;24204978;515_20260807_24204978.xml;2026-08-07;2026-07-31;PORTARIA Nº 111, DE 31 DE JULHO DE 2026;Ministério do Desenvolvimento e Assistência Social, Família e Combate à Fome/Secretaria Nacional de Assistência Social/Departamento da Rede Socioassistencial Privada do Sistema Único de Assistência Social;ASSISTENCIA;50756329000155;S;ASSOCIAÇÃO DE PAIS E AMIGOS DOS EXCEPCIONAIS DE JÁU;JAÚ/SP;RENOVACAO;S;;01/01/2025 a 31/12/2027;148;24;http://pesquisa.in.gov.br/imprensa/jsp/visualiza/index.jsp?data=07/08/2026&jornal=515&pagina=24;DOU_XML;Art. 2º Deferir as renovações de certificação de entidade beneficente de assistência social das seguintes entidades por atenderem os requisitos legais constante [...] 83) ASSOCIAÇÃO DE PAIS E AMIGOS DOS EXCEPCIONAIS DE JÁU, 50.756.329/0001-55, JAÚ/SP, 308796.0993023/2024, de 01/01/2025 a 31/12/2027.
24204978#2;24204978;515_20260807_24204978.xml;2026-08-07;2026-07-31;PORTARIA Nº 111, DE 31 DE JULHO DE 2026;Ministério do Desenvolvimento e Assistência Social, Família e Combate à Fome/Secretaria Nacional de Assistência Social/Departamento da Rede Socioassistencial Privada do Sistema Único de Assistência Social;ASSISTENCIA;82780396000100;S;ASSOCIAÇÃO DE PAIS E AMIGOS DOS EXCEPCIONAIS DE JOAÇABA;JOAÇABA/SC;RENOVACAO;S;;01/01/2025 a 31/12/2027;148;24;http://pesquisa.in.gov.br/imprensa/jsp/visualiza/index.jsp?data=07/08/2026&jornal=515&pagina=24;DOU_XML;Art. 2º Deferir as renovações de certificação de entidade beneficente de assistência social das seguintes entidades por atenderem os requisitos legais constante [...] 84) ASSOCIAÇÃO DE PAIS E AMIGOS DOS EXCEPCIONAIS DE JOAÇABA, 82.780.396/0001-00, JOAÇABA/SC, 308796.1052425/2024, de 01/01/2025 a 31/12/2027.
24204978#2;24204978;515_20260807_24204978.xml;2026-08-07;2026-07-31;PORTARIA Nº 111, DE 31 DE JULHO DE 2026;Ministério do Desenvolvimento e Assistência Social, Família e Combate à Fome/Secretaria Nacional de Assistência Social/Departamento da Rede Socioassistencial Privada do Sistema Único de Assistência Social;ASSISTENCIA;05336511000100;S;ASSOCIACAO DE PAIS E AMIGOS DOS EXCEPCIONAIS DE LIBERATO SALZANO;LIBERATO SALZANO/RS;RENOVACAO;S;;01/01/2025 a 31/12/2029;148;24;http://pesquisa.in.gov.br/imprensa/jsp/visualiza/index.jsp?data=07/08/2026&jornal=515&pagina=24;DOU_XML;Art. 2º Deferir as renovações de certificação de entidade beneficente de assistência social das seguintes entidades por atenderem os requisitos legais constante [...] 85) ASSOCIACAO DE PAIS E AMIGOS DOS EXCEPCIONAIS DE LIBERATO SALZANO, 05.336.511/0001-00, LIBERATO SALZANO/RS, 308796.1106396/2024, de 01/01/2025 a 31/12/2029.
24204978#2;24204978;515_20260807_24204978.xml;2026-08-07;2026-07-31;PORTARIA Nº 111, DE 31 DE JULHO DE 2026;Ministério do Desenvolvimento e Assistência Social, Família e Combate à Fome/Secretaria Nacional de Assistência Social/Departamento da Rede Socioassistencial Privada do Sistema Único de Assistência Social;ASSISTENCIA;02215404000128;S;ASSOCIAÇÃO DE PAIS E AMIGOS DOS EXCEPCIONAIS DE MALLET;MALLET/PR;RENOVACAO;S;;01/01/2025 a 31/12/2027;148;24;http://pesquisa.in.gov.br/imprensa/jsp/visualiza/index.jsp?data=07/08/2026&jornal=515&pagina=24;DOU_XML;Art. 2º Deferir as renovações de certificação de entidade beneficente de assistência social das seguintes entidades por atenderem os requisitos legais constante [...] 86) ASSOCIAÇÃO DE PAIS E AMIGOS DOS EXCEPCIONAIS DE MALLET, 02.215.404/0001-28, MALLET/PR, 308796.1157880/2024, de 01/01/2025 a 31/12/2027.
24204978#2;24204978;515_20260807_24204978.xml;2026-08-07;2026-07-31;PORTARIA Nº 111, DE 31 DE JULHO DE 2026;Ministério do Desenvolvimento e Assistência Social, Família e Combate à Fome/Secretaria Nacional de Assistência Social/Departamento da Rede Socioassistencial Privada do Sistema Único de Assistência Social;ASSISTENCIA;04145569000104;S;ASSOCIAÇÃO DE PAIS E AMIGOS DOS EXCEPCIONAIS DE MARIA HELENA;MARIA HELENA/PR;RENOVACAO;S;;01/01/2025 a 31/12/2029;148;24;http://pesquisa.in.gov.br/imprensa/jsp/visualiza/index.jsp?data=07/08/2026&jornal=515&pagina=24;DOU_XML;Art. 2º Deferir as renovações de certificação de entidade beneficente de assistência social das seguintes entidades por atenderem os requisitos legais constante [...] 87) ASSOCIAÇÃO DE PAIS E AMIGOS DOS EXCEPCIONAIS DE MARIA HELENA, 04.145.569/0001-04, MARIA HELENA/PR, 308796.1098975/2024, de 01/01/2025 a 31/12/2029.
24204978#2;24204978;515_20260807_24204978.xml;2026-08-07;2026-07-31;PORTARIA Nº 111, DE 31 DE JULHO DE 2026;Ministério do Desenvolvimento e Assistência Social, Família e Combate à Fome/Secretaria Nacional de Assistência Social/Departamento da Rede Socioassistencial Privada do Sistema Único de Assistência Social;ASSISTENCIA;01758153000165;S;ASSOCIACAO DE PAIS E AMIGOS DOS EXCEPCIONAIS DE MARIOPOLIS;MARIÓPOLIS/PR;RENOVACAO;S;;01/01/2025 a 31/12/2027;148;24;http://pesquisa.in.gov.br/imprensa/jsp/visualiza/index.jsp?data=07/08/2026&jornal=515&pagina=24;DOU_XML;Art. 2º Deferir as renovações de certificação de entidade beneficente de assistência social das seguintes entidades por atenderem os requisitos legais constante [...] 88) ASSOCIACAO DE PAIS E AMIGOS DOS EXCEPCIONAIS DE MARIOPOLIS, 01.758.153/0001-65, MARIÓPOLIS/PR, 308796.1108128/2024, de 01/01/2025 a 31/12/2027.
24204978#2;24204978;515_20260807_24204978.xml;2026-08-07;2026-07-31;PORTARIA Nº 111, DE 31 DE JULHO DE 2026;Ministério do Desenvolvimento e Assistência Social, Família e Combate à Fome/Secretaria Nacional de Assistência Social/Departamento da Rede Socioassistencial Privada do Sistema Único de Assistência Social;ASSISTENCIA;57612756000109;S;ASSOCIAÇÃO DE PAIS E AMIGOS DOS EXCEPCIONAIS DE MAUÁ;MAUÁ/SP;RENOVACAO;S;;01/01/2025 a 31/12/2027;148;24;http://pesquisa.in.gov.br/imprensa/jsp/visualiza/index.jsp?data=07/08/2026&jornal=515&pagina=24;DOU_XML;Art. 2º Deferir as renovações de certificação de entidade beneficente de assistência social das seguintes entidades por atenderem os requisitos legais constante [...] 89) ASSOCIAÇÃO DE PAIS E AMIGOS DOS EXCEPCIONAIS DE MAUÁ, 57.612.756/0001-09, MAUÁ/SP, 308796.1131236/2024, de 01/01/2025 a 31/12/2027.
24204978#2;24204978;515_20260807_24204978.xml;2026-08-07;2026-07-31;PORTARIA Nº 111, DE 31 DE JULHO DE 2026;Ministério do Desenvolvimento e Assistência Social, Família e Combate à Fome/Secretaria Nacional de Assistência Social/Departamento da Rede Socioassistencial Privada do Sistema Único de Assistência Social;ASSISTENCIA;02088165000192;S;ASSOCIACAO DE PAIS E AMIGOS DOS EXCEPCIONAIS DE MULITERNO;MULITERNO/RS;RENOVACAO;S;;01/01/2025 a 31/12/2029;148;24;http://pesquisa.in.gov.br/imprensa/jsp/visualiza/index.jsp?data=07/08/2026&jornal=515&pagina=24;DOU_XML;Art. 2º Deferir as renovações de certificação de entidade beneficente de assistência social das seguintes entidades por atenderem os requisitos legais constante [...] 90) ASSOCIACAO DE PAIS E AMIGOS DOS EXCEPCIONAIS DE MULITERNO, 02.088.165/0001-92, MULITERNO/RS, 308796.1057663/2024, de 01/01/2025 a 31/12/2029.
24204978#2;24204978;515_20260807_24204978.xml;2026-08-07;2026-07-31;PORTARIA Nº 111, DE 31 DE JULHO DE 2026;Ministério do Desenvolvimento e Assistência Social, Família e Combate à Fome/Secretaria Nacional de Assistência Social/Departamento da Rede Socioassistencial Privada do Sistema Único de Assistência Social;ASSISTENCIA;51347516000148;S;ASSOCIAÇÃO DE PAIS E AMIGOS DOS EXCEPCIONAIS DE N H;NOVO HORIZONTE/SP;RENOVACAO;S;;01/01/2025 a 31/12/2027;148;24;http://pesquisa.in.gov.br/imprensa/jsp/visualiza/index.jsp?data=07/08/2026&jornal=515&pagina=24;DOU_XML;Art. 2º Deferir as renovações de certificação de entidade beneficente de assistência social das seguintes entidades por atenderem os requisitos legais constante [...] 91) ASSOCIAÇÃO DE PAIS E AMIGOS DOS EXCEPCIONAIS DE N H, 51.347.516/0001-48, NOVO HORIZONTE/SP, 308796.1164614/2024, de 01/01/2025 a 31/12/2027.
24204978#2;24204978;515_20260807_24204978.xml;2026-08-07;2026-07-31;PORTARIA Nº 111, DE 31 DE JULHO DE 2026;Ministério do Desenvolvimento e Assistência Social, Família e Combate à Fome/Secretaria Nacional de Assistência Social/Departamento da Rede Socioassistencial Privada do Sistema Único de Assistência Social;ASSISTENCIA;02660682000194;S;ASSOCIACAO DE PAIS E AMIGOS DOS EXCEPCIONAIS DE NOVA ESPERANCA DO SUDOESTE;NOVA ESPERANÇA/PR;RENOVACAO;S;;01/01/2025 a 31/12/2027;148;24;http://pesquisa.in.gov.br/imprensa/jsp/visualiza/index.jsp?data=07/08/2026&jornal=515&pagina=24;DOU_XML;Art. 2º Deferir as renovações de certificação de entidade beneficente de assistência social das seguintes entidades por atenderem os requisitos legais constante [...] 92) ASSOCIACAO DE PAIS E AMIGOS DOS EXCEPCIONAIS DE NOVA ESPERANCA DO SUDOESTE, 02.660.682/0001-94, NOVA ESPERANÇA/PR, 308796.1138153/2024, de 01/01/2025 a 31/12/2027.
24204978#2;24204978;515_20260807_24204978.xml;2026-08-07;2026-07-31;PORTARIA Nº 111, DE 31 DE JULHO DE 2026;Ministério do Desenvolvimento e Assistência Social, Família e Combate à Fome/Secretaria Nacional de Assistência Social/Departamento da Rede Socioassistencial Privada do Sistema Único de Assistência Social;ASSISTENCIA;80920416000167;S;ASSOCIAÇÃO DE PAIS E AMIGOS DOS EXCEPCIONAIS DE NOVA FÁTIMA;NOVA FÁTIMA/PR;RENOVACAO;S;;01/01/2025 a 31/12/2029;148;24;http://pesquisa.in.gov.br/imprensa/jsp/visualiza/index.jsp?data=07/08/2026&jornal=515&pagina=24;DOU_XML;Art. 2º Deferir as renovações de certificação de entidade beneficente de assistência social das seguintes entidades por atenderem os requisitos legais constante [...] 93) ASSOCIAÇÃO DE PAIS E AMIGOS DOS EXCEPCIONAIS DE NOVA FÁTIMA, 80.920.416/0001-67, NOVA FÁTIMA/PR, 308796.1112391/2024, de 01/01/2025 a 31/12/2029.
24204978#2;24204978;515_20260807_24204978.xml;2026-08-07;2026-07-31;PORTARIA Nº 111, DE 31 DE JULHO DE 2026;Ministério do Desenvolvimento e Assistência Social, Família e Combate à Fome/Secretaria Nacional de Assistência Social/Departamento da Rede Socioassistencial Privada do Sistema Único de Assistência Social;ASSISTENCIA;00867316000185;S;ASSOCIAÇÃO DE PAIS E AMIGOS DOS EXCEPCIONAIS DE PALMITAL;PALMITAL/PR;RENOVACAO;S;;01/01/2025 a 31/12/2027;148;24;http://pesquisa.in.gov.br/imprensa/jsp/visualiza/index.jsp?data=07/08/2026&jornal=515&pagina=24;DOU_XML;Art. 2º Deferir as renovações de certificação de entidade beneficente de assistência social das seguintes entidades por atenderem os requisitos legais constante [...] 94) ASSOCIAÇÃO DE PAIS E AMIGOS DOS EXCEPCIONAIS DE PALMITAL, 00.867.316/0001-85, PALMITAL/PR, 308796.1054358/2024, de 01/01/2025 a 31/12/2027.
24204978#2;24204978;515_20260807_24204978.xml;2026-08-07;2026-07-31;PORTARIA Nº 111, DE 31 DE JULHO DE 2026;Ministério do Desenvolvimento e Assistência Social, Família e Combate à Fome/Secretaria Nacional de Assistência Social/Departamento da Rede Socioassistencial Privada do Sistema Único de Assistência Social;ASSISTENCIA;79628277000113;S;ASSOCIAÇÃO DE PAIS E AMIGOS DOS EXCEPCIONAIS DE PARANAGUÁ;PARANAGUÁ/PR;RENOVACAO;S;;01/01/2025 a 31/12/2027;148;24;http://pesquisa.in.gov.br/imprensa/jsp/visualiza/index.jsp?data=07/08/2026&jornal=515&pagina=24;DOU_XML;Art. 2º Deferir as renovações de certificação de entidade beneficente de assistência social das seguintes entidades por atenderem os requisitos legais constante [...] 95) ASSOCIAÇÃO DE PAIS E AMIGOS DOS EXCEPCIONAIS DE PARANAGUÁ, 79.628.277/0001-13, PARANAGUÁ/PR, 308796.1148355/2024, de 01/01/2025 a 31/12/2027.
24204978#2;24204978;515_20260807_24204978.xml;2026-08-07;2026-07-31;PORTARIA Nº 111, DE 31 DE JULHO DE 2026;Ministério do Desenvolvimento e Assistência Social, Família e Combate à Fome/Secretaria Nacional de Assistência Social/Departamento da Rede Socioassistencial Privada do Sistema Único de Assistência Social;ASSISTENCIA;36040012000197;S;ASSOCIAÇÃO DE PAIS E AMIGOS DOS EXCEPCIONAIS DE PIÚMA;PIÚMA/ES;RENOVACAO;S;;01/01/2025 a 31/12/2029;148;24;http://pesquisa.in.gov.br/imprensa/jsp/visualiza/index.jsp?data=07/08/2026&jornal=515&pagina=24;DOU_XML;Art. 2º Deferir as renovações de certificação de entidade beneficente de assistência social das seguintes entidades por atenderem os requisitos legais constante [...] 96) ASSOCIAÇÃO DE PAIS E AMIGOS DOS EXCEPCIONAIS DE PIÚMA, 36.040.012/0001-97, PIÚMA/ES, 308796.1015105/2024, de 01/01/2025 a 31/12/2029.
24204978#2;24204978;515_20260807_24204978.xml;2026-08-07;2026-07-31;PORTARIA Nº 111, DE 31 DE JULHO DE 2026;Ministério do Desenvolvimento e Assistência Social, Família e Combate à Fome/Secretaria Nacional de Assistência Social/Departamento da Rede Socioassistencial Privada do Sistema Único de Assistência Social;ASSISTENCIA;78599404000130;S;ASSOCIAÇÃO DE PAIS E AMIGOS DOS EXCEPCIONAIS DE PRUDENTOPOLIS;PRUDENTÓPOLIS/PR;RENOVACAO;S;;01/01/2025 a 31/12/2027;148;24;http://pesquisa.in.gov.br/imprensa/jsp/visualiza/index.jsp?data=07/08/2026&jornal=515&pagina=24;DOU_XML;Art. 2º Deferir as renovações de certificação de entidade beneficente de assistência social das seguintes entidades por atenderem os requisitos legais constante [...] 97) ASSOCIAÇÃO DE PAIS E AMIGOS DOS EXCEPCIONAIS DE PRUDENTOPOLIS, 78.599.404/0001-30, PRUDENTÓPOLIS/PR, 308796.1081382/2024, de 01/01/2025 a 31/12/2027.
24204978#2;24204978;515_20260807_24204978.xml;2026-08-07;2026-07-31;PORTARIA Nº 111, DE 31 DE JULHO DE 2026;Ministério do Desenvolvimento e Assistência Social, Família e Combate à Fome/Secretaria Nacional de Assistência Social/Departamento da Rede Socioassistencial Privada do Sistema Único de Assistência Social;ASSISTENCIA;50730985000189;S;ASSOCIAÇÃO DE PAIS E AMIGOS DOS EXCEPCIONAIS DE SALES OLIVEIRA;SALES OLIVEIRA/SP;RENOVACAO;S;;01/01/2025 a 31/12/2027;148;24;http://pesquisa.in.gov.br/imprensa/jsp/visualiza/index.jsp?data=07/08/2026&jornal=515&pagina=24;DOU_XML;Art. 2º Deferir as renovações de certificação de entidade beneficente de assistência social das seguintes entidades por atenderem os requisitos legais constante [...] 98) ASSOCIAÇÃO DE PAIS E AMIGOS DOS EXCEPCIONAIS DE SALES OLIVEIRA, 50.730.985/0001-89, SALES OLIVEIRA/SP, 308796.1084475/2024, de 01/01/2025 a 31/12/2027.
24204978#2;24204978;515_20260807_24204978.xml;2026-08-07;2026-07-31;PORTARIA Nº 111, DE 31 DE JULHO DE 2026;Ministério do Desenvolvimento e Assistência Social, Família e Combate à Fome/Secretaria Nacional de Assistência Social/Departamento da Rede Socioassistencial Privada do Sistema Único de Assistência Social;ASSISTENCIA;44566131000106;S;ASSOCIACAO DE PAIS E AMIGOS DOS EXCEPCIONAIS DE SANTA CRUZ DO RIO PARDO;SANTA CRUZ DO RIO PARDO/SP;RENOVACAO;S;;01/01/2025 a 31/12/2027;148;24;http://pesquisa.in.gov.br/imprensa/jsp/visualiza/index.jsp?data=07/08/2026&jornal=515&pagina=24;DOU_XML;Art. 2º Deferir as renovações de certificação de entidade beneficente de assistência social das seguintes entidades por atenderem os requisitos legais constante [...] 99) ASSOCIACAO DE PAIS E AMIGOS DOS EXCEPCIONAIS DE SANTA CRUZ DO RIO PARDO, 44.566.131/0001-06, SANTA CRUZ DO RIO PARDO/SP, 308796.1117076/2024, de 01/01/2025 a 31/12/2027.
24204978#2;24204978;515_20260807_24204978.xml;2026-08-07;2026-07-31;PORTARIA Nº 111, DE 31 DE JULHO DE 2026;Ministério do Desenvolvimento e Assistência Social, Família e Combate à Fome/Secretaria Nacional de Assistência Social/Departamento da Rede Socioassistencial Privada do Sistema Único de Assistência Social;ASSISTENCIA;78113826000154;S;ASSOCIAÇÃO DE PAIS E AMIGOS DOS EXCEPCIONAIS DE SANTO ANTONIO DO SUDOESTE;SANTO ANTÔNIO DO SUDOESTE/PR;RENOVACAO;S;;01/01/2025 a 31/12/2027;148;24;http://pesquisa.in.gov.br/imprensa/jsp/visualiza/index.jsp?data=07/08/2026&jornal=515&pagina=24;DOU_XML;Art. 2º Deferir as renovações de certificação de entidade beneficente de assistência social das seguintes entidades por atenderem os requisitos legais constante [...] 100) ASSOCIAÇÃO DE PAIS E AMIGOS DOS EXCEPCIONAIS DE SANTO ANTONIO DO SUDOESTE, 78.113.826/0001-54, SANTO ANTÔNIO DO SUDOESTE/PR, 308796.1055626/2024, de 01/01/2025 a 31/12/2027.
24204978#2;24204978;515_20260807_24204978.xml;2026-08-07;2026-07-31;PORTARIA Nº 111, DE 31 DE JULHO DE 2026;Ministério do Desenvolvimento e Assistência Social, Família e Combate à Fome/Secretaria Nacional de Assistência Social/Departamento da Rede Socioassistencial Privada do Sistema Único de Assistência Social;ASSISTENCIA;01784993000100;S;ASSOCIAÇÃO DE PAIS E AMIGOS DOS EXCEPCIONAIS DE SANTO INÁCIO;SANTO INÁCIO/PR;RENOVACAO;S;;01/01/2025 a 31/12/2027;148;24;http://pesquisa.in.gov.br/imprensa/jsp/visualiza/index.jsp?data=07/08/2026&jornal=515&pagina=24;DOU_XML;Art. 2º Deferir as renovações de certificação de entidade beneficente de assistência social das seguintes entidades por atenderem os requisitos legais constante [...] 101) ASSOCIAÇÃO DE PAIS E AMIGOS DOS EXCEPCIONAIS DE SANTO INÁCIO, 01.784.993/0001-00, SANTO INÁCIO/PR, 308796.1073494/2024, de 01/01/2025 a 31/12/2027.
24204978#2;24204978;515_20260807_24204978.xml;2026-08-07;2026-07-31;PORTARIA Nº 111, DE 31 DE JULHO DE 2026;Ministério do Desenvolvimento e Assistência Social, Família e Combate à Fome/Secretaria Nacional de Assistência Social/Departamento da Rede Socioassistencial Privada do Sistema Único de Assistência Social;ASSISTENCIA;01557226000150;S;ASSOCIAÇÃO DE PAIS E AMIGOS DOS EXCEPCIONAIS DE SÃO JOÃO DO TRIUNFO - PR;SÃO JOÃO DO TRIUNFO/PR;RENOVACAO;S;;01/01/2025 a 31/12/2027;148;24;http://pesquisa.in.gov.br/imprensa/jsp/visualiza/index.jsp?data=07/08/2026&jornal=515&pagina=24;DOU_XML;Art. 2º Deferir as renovações de certificação de entidade beneficente de assistência social das seguintes entidades por atenderem os requisitos legais constante [...] 102) ASSOCIAÇÃO DE PAIS E AMIGOS DOS EXCEPCIONAIS DE SÃO JOÃO DO TRIUNFO - PR, 01.557.226/0001-50, SÃO JOÃO DO TRIUNFO/PR, 308796.1074777/2024, de 01/01/2025 a 31/12/2027.
24204978#2;24204978;515_20260807_24204978.xml;2026-08-07;2026-07-31;PORTARIA Nº 111, DE 31 DE JULHO DE 2026;Ministério do Desenvolvimento e Assistência Social, Família e Combate à Fome/Secretaria Nacional de Assistência Social/Departamento da Rede Socioassistencial Privada do Sistema Único de Assistência Social;ASSISTENCIA;56893860000156;S;ASSOCIAÇÃO DE PAIS E AMIGOS DOS EXCEPCIONAIS DE TABATINGA;TABATINGA/SP;RENOVACAO;S;;01/01/2025 a 31/12/2029;148;24;http://pesquisa.in.gov.br/imprensa/jsp/visualiza/index.jsp?data=07/08/2026&jornal=515&pagina=24;DOU_XML;Art. 2º Deferir as renovações de certificação de entidade beneficente de assistência social das seguintes entidades por atenderem os requisitos legais constante [...] 103) ASSOCIAÇÃO DE PAIS E AMIGOS DOS EXCEPCIONAIS DE TABATINGA, 56.893.860/0001-56, TABATINGA/SP, 308796.1169480/2024, de 01/01/2025 a 31/12/2029.
24204978#2;24204978;515_20260807_24204978.xml;2026-08-07;2026-07-31;PORTARIA Nº 111, DE 31 DE JULHO DE 2026;Ministério do Desenvolvimento e Assistência Social, Família e Combate à Fome/Secretaria Nacional de Assistência Social/Departamento da Rede Socioassistencial Privada do Sistema Único de Assistência Social;ASSISTENCIA;94705381000158;S;ASSOCIACAO DE PAIS E AMIGOS DOS EXCEPCIONAIS DE TEUTONIA;TEUTÔNIA/RS;RENOVACAO;S;;01/01/2025 a 31/12/2027;148;24;http://pesquisa.in.gov.br/imprensa/jsp/visualiza/index.jsp?data=07/08/2026&jornal=515&pagina=24;DOU_XML;Art. 2º Deferir as renovações de certificação de entidade beneficente de assistência social das seguintes entidades por atenderem os requisitos legais constante [...] 104) ASSOCIACAO DE PAIS E AMIGOS DOS EXCEPCIONAIS DE TEUTONIA, 94.705.381/0001-58, TEUTÔNIA/RS, 308796.1043677/2024, de 01/01/2025 a 31/12/2027.
24204978#2;24204978;515_20260807_24204978.xml;2026-08-07;2026-07-31;PORTARIA Nº 111, DE 31 DE JULHO DE 2026;Ministério do Desenvolvimento e Assistência Social, Família e Combate à Fome/Secretaria Nacional de Assistência Social/Departamento da Rede Socioassistencial Privada do Sistema Único de Assistência Social;ASSISTENCIA;20210522000125;S;ASSOCIAÇÃO DE PAIS E AMIGOS DOS EXCEPCIONAIS DE UNAÍ;UNAÍ/MG;RENOVACAO;S;;01/01/2025 a 31/12/2027;148;24;http://pesquisa.in.gov.br/imprensa/jsp/visualiza/index.jsp?data=07/08/2026&jornal=515&pagina=24;DOU_XML;Art. 2º Deferir as renovações de certificação de entidade beneficente de assistência social das seguintes entidades por atenderem os requisitos legais constante [...] 105) ASSOCIAÇÃO DE PAIS E AMIGOS DOS EXCEPCIONAIS DE UNAÍ, 20.210.522/0001-25, UNAÍ/MG, 308796.1048007/2024, de 01/01/2025 a 31/12/2027.
24204978#2;24204978;515_20260807_24204978.xml;2026-08-07;2026-07-31;PORTARIA Nº 111, DE 31 DE JULHO DE 2026;Ministério do Desenvolvimento e Assistência Social, Família e Combate à Fome/Secretaria Nacional de Assistência Social/Departamento da Rede Socioassistencial Privada do Sistema Único de Assistência Social;ASSISTENCIA;16739798000128;S;ASSOCIACAO DE PAIS E AMIGOS DOS EXCEPCIONAIS DO MUNICIPIO DE ARAPIRACA;ARAPIRACA/AL;RENOVACAO;S;;11/06/2024 a 10/06/2027;148;24;http://pesquisa.in.gov.br/imprensa/jsp/visualiza/index.jsp?data=07/08/2026&jornal=515&pagina=24;DOU_XML;Art. 2º Deferir as renovações de certificação de entidade beneficente de assistência social das seguintes entidades por atenderem os requisitos legais constante [...] 106) ASSOCIACAO DE PAIS E AMIGOS DOS EXCEPCIONAIS DO MUNICIPIO DE ARAPIRACA, 16.739.798/0001-28, ARAPIRACA/AL, 308796.0867623/2024, de 11/06/2024 a 10/06/2027.
24204978#2;24204978;515_20260807_24204978.xml;2026-08-07;2026-07-31;PORTARIA Nº 111, DE 31 DE JULHO DE 2026;Ministério do Desenvolvimento e Assistência Social, Família e Combate à Fome/Secretaria Nacional de Assistência Social/Departamento da Rede Socioassistencial Privada do Sistema Único de Assistência Social;ASSISTENCIA;50529726000194;S;ASSOCIAÇÃO DE PAIS E AMIGOS DOS EXCEPCIONAIS FCO MORATO;FRANCISCO MORATO/SP;RENOVACAO;S;;01/01/2025 a 31/12/2029;148;24;http://pesquisa.in.gov.br/imprensa/jsp/visualiza/index.jsp?data=07/08/2026&jornal=515&pagina=24;DOU_XML;Art. 2º Deferir as renovações de certificação de entidade beneficente de assistência social das seguintes entidades por atenderem os requisitos legais constante [...] 107) ASSOCIAÇÃO DE PAIS E AMIGOS DOS EXCEPCIONAIS FCO MORATO, 50.529.726/0001-94, FRANCISCO MORATO/SP, 308796.1022972/2024, de 01/01/2025 a 31/12/2029.
24204978#2;24204978;515_20260807_24204978.xml;2026-08-07;2026-07-31;PORTARIA Nº 111, DE 31 DE JULHO DE 2026;Ministério do Desenvolvimento e Assistência Social, Família e Combate à Fome/Secretaria Nacional de Assistência Social/Departamento da Rede Socioassistencial Privada do Sistema Único de Assistência Social;ASSISTENCIA;49014525000175;S;ASSOCIAÇÃO DE PAIS E AMIGOS DOS EXCEPCIONAIS OLIMPIA;OLÍMPIA/SP;RENOVACAO;S;;01/01/2025 a 31/12/2027;148;24;http://pesquisa.in.gov.br/imprensa/jsp/visualiza/index.jsp?data=07/08/2026&jornal=515&pagina=24;DOU_XML;Art. 2º Deferir as renovações de certificação de entidade beneficente de assistência social das seguintes entidades por atenderem os requisitos legais constante [...] 108) ASSOCIAÇÃO DE PAIS E AMIGOS DOS EXCEPCIONAIS OLIMPIA, 49.014.525/0001-75, OLÍMPIA/SP, 308796.1155960/2024, de 01/01/2025 a 31/12/2027.
24204978#2;24204978;515_20260807_24204978.xml;2026-08-07;2026-07-31;PORTARIA Nº 111, DE 31 DE JULHO DE 2026;Ministério do Desenvolvimento e Assistência Social, Família e Combate à Fome/Secretaria Nacional de Assistência Social/Departamento da Rede Socioassistencial Privada do Sistema Único de Assistência Social;ASSISTENCIA;75398966000128;S;ASSOCIAÇÃO DE PAIS E AMIGOS DOS EXCEPICIONAIS DE PALHOÇA;PALHOÇA/SC;RENOVACAO;S;;02/12/2024 a 01/12/2027;148;24;http://pesquisa.in.gov.br/imprensa/jsp/visualiza/index.jsp?data=07/08/2026&jornal=515&pagina=24;DOU_XML;Art. 2º Deferir as renovações de certificação de entidade beneficente de assistência social das seguintes entidades por atenderem os requisitos legais constante [...] 109) ASSOCIAÇÃO DE PAIS E AMIGOS DOS EXCEPICIONAIS DE PALHOÇA, 75.398.966/0001-28, PALHOÇA/SC, 308796.1112891/2024, de 02/12/2024 a 01/12/2027.
24204978#2;24204978;515_20260807_24204978.xml;2026-08-07;2026-07-31;PORTARIA Nº 111, DE 31 DE JULHO DE 2026;Ministério do Desenvolvimento e Assistência Social, Família e Combate à Fome/Secretaria Nacional de Assistência Social/Departamento da Rede Socioassistencial Privada do Sistema Único de Assistência Social;ASSISTENCIA;22703706000152;S;ASSOCIAÇÃO DE PAIS E AMIGOS DOS EXECEPSIONAIS DE CORONEL FABRICIANO;CORONEL FABRICIANO/MG;RENOVACAO;S;;01/01/2025 a 31/12/2029;148;24;http://pesquisa.in.gov.br/imprensa/jsp/visualiza/index.jsp?data=07/08/2026&jornal=515&pagina=24;DOU_XML;Art. 2º Deferir as renovações de certificação de entidade beneficente de assistência social das seguintes entidades por atenderem os requisitos legais constante [...] 110) ASSOCIAÇÃO DE PAIS E AMIGOS DOS EXECEPSIONAIS DE CORONEL FABRICIANO, 22.703.706/0001-52, CORONEL FABRICIANO/MG, 308796.1020904/2024, de 01/01/2025 a 31/12/2029.
24204978#2;24204978;515_20260807_24204978.xml;2026-08-07;2026-07-31;PORTARIA Nº 111, DE 31 DE JULHO DE 2026;Ministério do Desenvolvimento e Assistência Social, Família e Combate à Fome/Secretaria Nacional de Assistência Social/Departamento da Rede Socioassistencial Privada do Sistema Único de Assistência Social;ASSISTENCIA;50062561000193;S;ASSOCIAÇÃO DE PAIS E AMIGOS EXCEPCIONAIS DE CAPIVARI;CAPIVARI/SP;RENOVACAO;S;;01/01/2025 a 31/12/2027;148;24;http://pesquisa.in.gov.br/imprensa/jsp/visualiza/index.jsp?data=07/08/2026&jornal=515&pagina=24;DOU_XML;Art. 2º Deferir as renovações de certificação de entidade beneficente de assistência social das seguintes entidades por atenderem os requisitos legais constante [...] 111) ASSOCIAÇÃO DE PAIS E AMIGOS EXCEPCIONAIS DE CAPIVARI, 50.062.561/0001-93, CAPIVARI/SP, 308796.1118837/2024, de 01/01/2025 a 31/12/2027.
24204978#2;24204978;515_20260807_24204978.xml;2026-08-07;2026-07-31;PORTARIA Nº 111, DE 31 DE JULHO DE 2026;Ministério do Desenvolvimento e Assistência Social, Família e Combate à Fome/Secretaria Nacional de Assistência Social/Departamento da Rede Socioassistencial Privada do Sistema Único de Assistência Social;ASSISTENCIA;86771136000110;S;ASSOCIAÇÃO DE PAIS E AMIGOS PORTADORES DE SINDROME DE DOWN;LONDRINA/PR;RENOVACAO;S;;01/01/2025 a 31/12/2027;148;24;http://pesquisa.in.gov.br/imprensa/jsp/visualiza/index.jsp?data=07/08/2026&jornal=515&pagina=24;DOU_XML;Art. 2º Deferir as renovações de certificação de entidade beneficente de assistência social das seguintes entidades por atenderem os requisitos legais constante [...] 112) ASSOCIAÇÃO DE PAIS E AMIGOS PORTADORES DE SINDROME DE DOWN, 86.771.136/0001-10, LONDRINA/PR, 308796.0963958/2024, de 01/01/2025 a 31/12/2027.
24204978#2;24204978;515_20260807_24204978.xml;2026-08-07;2026-07-31;PORTARIA Nº 111, DE 31 DE JULHO DE 2026;Ministério do Desenvolvimento e Assistência Social, Família e Combate à Fome/Secretaria Nacional de Assistência Social/Departamento da Rede Socioassistencial Privada do Sistema Único de Assistência Social;ASSISTENCIA;87476826000100;S;ASSOCIAÇÃO DE PAIS E EXCEPCIONAIS DOS EXCEPCIONAIS DE CAMAQUÃ/RS;CAMAQUÃ/RS;RENOVACAO;S;;01/01/2025 a 31/12/2027;148;24;http://pesquisa.in.gov.br/imprensa/jsp/visualiza/index.jsp?data=07/08/2026&jornal=515&pagina=24;DOU_XML;Art. 2º Deferir as renovações de certificação de entidade beneficente de assistência social das seguintes entidades por atenderem os requisitos legais constante [...] 113) ASSOCIAÇÃO DE PAIS E EXCEPCIONAIS DOS EXCEPCIONAIS DE CAMAQUÃ/RS, 87.476.826/0001-00, CAMAQUÃ/RS, 308796.1055405/2024, de 01/01/2025 a 31/12/2027.
24204978#2;24204978;515_20260807_24204978.xml;2026-08-07;2026-07-31;PORTARIA Nº 111, DE 31 DE JULHO DE 2026;Ministério do Desenvolvimento e Assistência Social, Família e Combate à Fome/Secretaria Nacional de Assistência Social/Departamento da Rede Socioassistencial Privada do Sistema Único de Assistência Social;ASSISTENCIA;79318119000167;S;ASSOCIAÇÃO DE PROTEÇÃO E AMPARO AO DEFICIENTE FÍSICO E AO IDOSO CARENTE - APADEFIC;PORTO VITÓRIA/PR;RENOVACAO;S;;01/01/2025 a 31/12/2027;148;24;http://pesquisa.in.gov.br/imprensa/jsp/visualiza/index.jsp?data=07/08/2026&jornal=515&pagina=24;DOU_XML;Art. 2º Deferir as renovações de certificação de entidade beneficente de assistência social das seguintes entidades por atenderem os requisitos legais constante [...] 114) ASSOCIAÇÃO DE PROTEÇÃO E AMPARO AO DEFICIENTE FÍSICO E AO IDOSO CARENTE - APADEFIC, 79.318.119/0001-67, PORTO VITÓRIA/PR, 308796.1024369/2024, de 01/01/2025 a 31/12/2027.
24204978#2;24204978;515_20260807_24204978.xml;2026-08-07;2026-07-31;PORTARIA Nº 111, DE 31 DE JULHO DE 2026;Ministério do Desenvolvimento e Assistência Social, Família e Combate à Fome/Secretaria Nacional de Assistência Social/Departamento da Rede Socioassistencial Privada do Sistema Único de Assistência Social;ASSISTENCIA;15161567000117;S;ASSOCIAÇÃO DIVINA MISERICÓRDIA;SÃO PAULO/SP;RENOVACAO;S;;05/08/2025 a 04/08/2028;148;24;http://pesquisa.in.gov.br/imprensa/jsp/visualiza/index.jsp?data=07/08/2026&jornal=515&pagina=24;DOU_XML;Art. 2º Deferir as renovações de certificação de entidade beneficente de assistência social das seguintes entidades por atenderem os requisitos legais constante [...] 115) ASSOCIAÇÃO DIVINA MISERICÓRDIA, 15.161.567/0001-17, SÃO PAULO/SP, 308796.1057417/2024, de 05/08/2025 a 04/08/2028.
24204978#2;24204978;515_20260807_24204978.xml;2026-08-07;2026-07-31;PORTARIA Nº 111, DE 31 DE JULHO DE 2026;Ministério do Desenvolvimento e Assistência Social, Família e Combate à Fome/Secretaria Nacional de Assistência Social/Departamento da Rede Socioassistencial Privada do Sistema Único de Assistência Social;ASSISTENCIA;19057462000173;S;ASSOCIACAO DOS DEFICIENTES FISICOS DE POCOS DE CALDAS;POÇOS DE CALDAS/MG;RENOVACAO;S;;03/09/2024 a 02/09/2027;148;24;http://pesquisa.in.gov.br/imprensa/jsp/visualiza/index.jsp?data=07/08/2026&jornal=515&pagina=24;DOU_XML;Art. 2º Deferir as renovações de certificação de entidade beneficente de assistência social das seguintes entidades por atenderem os requisitos legais constante [...] 116) ASSOCIACAO DOS DEFICIENTES FISICOS DE POCOS DE CALDAS, 19.057.462/0001-73, POÇOS DE CALDAS/MG, 308796.1067368/2024, de 03/09/2024 a 02/09/2027.
24204978#2;24204978;515_20260807_24204978.xml;2026-08-07;2026-07-31;PORTARIA Nº 111, DE 31 DE JULHO DE 2026;Ministério do Desenvolvimento e Assistência Social, Família e Combate à Fome/Secretaria Nacional de Assistência Social/Departamento da Rede Socioassistencial Privada do Sistema Único de Assistência Social;ASSISTENCIA;23368707000150;S;ASSOCIAÇÃO DOS DEFICIENTES FÍSICOS DE SÃO GOTARDO;SÃO GOTARDO/MG;RENOVACAO;S;;01/01/2025 a 31/12/2029;148;24;http://pesquisa.in.gov.br/imprensa/jsp/visualiza/index.jsp?data=07/08/2026&jornal=515&pagina=24;DOU_XML;Art. 2º Deferir as renovações de certificação de entidade beneficente de assistência social das seguintes entidades por atenderem os requisitos legais constante [...] 117) ASSOCIAÇÃO DOS DEFICIENTES FÍSICOS DE SÃO GOTARDO, 23.368.707/0001-50, SÃO GOTARDO/MG, 308796.1061726/2024, de 01/01/2025 a 31/12/2029.
24204978#2;24204978;515_20260807_24204978.xml;2026-08-07;2026-07-31;PORTARIA Nº 111, DE 31 DE JULHO DE 2026;Ministério do Desenvolvimento e Assistência Social, Família e Combate à Fome/Secretaria Nacional de Assistência Social/Departamento da Rede Socioassistencial Privada do Sistema Único de Assistência Social;ASSISTENCIA;04770319000157;S;ASSOCIAÇÃO DOS DEFICIENTES FÍSICOS DO AMAZONAS -ADEFA;MANAUS/AM;RENOVACAO;S;;01/01/2025 a 31/12/2027;148;24;http://pesquisa.in.gov.br/imprensa/jsp/visualiza/index.jsp?data=07/08/2026&jornal=515&pagina=24;DOU_XML;Art. 2º Deferir as renovações de certificação de entidade beneficente de assistência social das seguintes entidades por atenderem os requisitos legais constante [...] 118) ASSOCIAÇÃO DOS DEFICIENTES FÍSICOS DO AMAZONAS -ADEFA, 04.770.319/0001-57, MANAUS/AM, 308796.1086885/2024, de 01/01/2025 a 31/12/2027.
24204978#2;24204978;515_20260807_24204978.xml;2026-08-07;2026-07-31;PORTARIA Nº 111, DE 31 DE JULHO DE 2026;Ministério do Desenvolvimento e Assistência Social, Família e Combate à Fome/Secretaria Nacional de Assistência Social/Departamento da Rede Socioassistencial Privada do Sistema Único de Assistência Social;ASSISTENCIA;83932608000181;S;ASSOCIACAO EVANGELICA BENEFIC DE ASSISTENCIA SOCIAL;FLORIANÓPOLIS/SC;RENOVACAO;S;;01/01/2025 a 31/12/2027;148;24;http://pesquisa.in.gov.br/imprensa/jsp/visualiza/index.jsp?data=07/08/2026&jornal=515&pagina=24;DOU_XML;Art. 2º Deferir as renovações de certificação de entidade beneficente de assistência social das seguintes entidades por atenderem os requisitos legais constante [...] 119) ASSOCIACAO EVANGELICA BENEFIC DE ASSISTENCIA SOCIAL, 83.932.608/0001-81, FLORIANÓPOLIS/SC, 308796.1009932/2024, de 01/01/2025 a 31/12/2027.
24204978#2;24204978;515_20260807_24204978.xml;2026-08-07;2026-07-31;PORTARIA Nº 111, DE 31 DE JULHO DE 2026;Ministério do Desenvolvimento e Assistência Social, Família e Combate à Fome/Secretaria Nacional de Assistência Social/Departamento da Rede Socioassistencial Privada do Sistema Único de Assistência Social;ASSISTENCIA;74703125000114;S;ASSOCIAÇÃO FAMÍLIAS EM SOLIDARIEDADE -AFASO;PORTO ALEGRE/RS;RENOVACAO;S;;01/01/2025 a 31/12/2027;148;24;http://pesquisa.in.gov.br/imprensa/jsp/visualiza/index.jsp?data=07/08/2026&jornal=515&pagina=24;DOU_XML;Art. 2º Deferir as renovações de certificação de entidade beneficente de assistência social das seguintes entidades por atenderem os requisitos legais constante [...] 120) ASSOCIAÇÃO FAMÍLIAS EM SOLIDARIEDADE -AFASO, 74.703.125/0001-14, PORTO ALEGRE/RS, 308796.1126708/2024, de 01/01/2025 a 31/12/2027.
24204978#2;24204978;515_20260807_24204978.xml;2026-08-07;2026-07-31;PORTARIA Nº 111, DE 31 DE JULHO DE 2026;Ministério do Desenvolvimento e Assistência Social, Família e Combate à Fome/Secretaria Nacional de Assistência Social/Departamento da Rede Socioassistencial Privada do Sistema Único de Assistência Social;ASSISTENCIA;57521759000137;S;ASSOCIAÇÃO FRANCISCANA DE ASSISTÊNCIA SOCIAL CORAÇÃO DE MARIA;CAMPINAS/SP;RENOVACAO;S;;18/09/2024 a 17/09/2027;148;24;http://pesquisa.in.gov.br/imprensa/jsp/visualiza/index.jsp?data=07/08/2026&jornal=515&pagina=24;DOU_XML;Art. 2º Deferir as renovações de certificação de entidade beneficente de assistência social das seguintes entidades por atenderem os requisitos legais constante [...] 121) ASSOCIAÇÃO FRANCISCANA DE ASSISTÊNCIA SOCIAL CORAÇÃO DE MARIA, 57.521.759/0001-37, CAMPINAS/SP, 308796.1064470/2024, de 18/09/2024 a 17/09/2027.
24204978#2;24204978;515_20260807_24204978.xml;2026-08-07;2026-07-31;PORTARIA Nº 111, DE 31 DE JULHO DE 2026;Ministério do Desenvolvimento e Assistência Social, Família e Combate à Fome/Secretaria Nacional de Assistência Social/Departamento da Rede Socioassistencial Privada do Sistema Único de Assistência Social;ASSISTENCIA;00933861000122;S;ASSOCIACAO FREI EUCARIO;CAARAPÓ/MS;RENOVACAO;S;;01/01/2025 a 31/12/2027;148;24;http://pesquisa.in.gov.br/imprensa/jsp/visualiza/index.jsp?data=07/08/2026&jornal=515&pagina=24;DOU_XML;Art. 2º Deferir as renovações de certificação de entidade beneficente de assistência social das seguintes entidades por atenderem os requisitos legais constante [...] 122) ASSOCIACAO FREI EUCARIO, 00.933.861/0001-22, CAARAPÓ/MS, 235874.0005975/2019, de 01/01/2025 a 31/12/2027.
24204978#2;24204978;515_20260807_24204978.xml;2026-08-07;2026-07-31;PORTARIA Nº 111, DE 31 DE JULHO DE 2026;Ministério do Desenvolvimento e Assistência Social, Família e Combate à Fome/Secretaria Nacional de Assistência Social/Departamento da Rede Socioassistencial Privada do Sistema Único de Assistência Social;ASSISTENCIA;30557292000129;S;ASSOCIAÇÃO FRIBURGUENSE DE AMIGOS E PAIS EDUCANDO;NOVA FRIBURGO/RJ;RENOVACAO;S;;01/01/2024 a 31/12/2026;148;24;http://pesquisa.in.gov.br/imprensa/jsp/visualiza/index.jsp?data=07/08/2026&jornal=515&pagina=24;DOU_XML;Art. 2º Deferir as renovações de certificação de entidade beneficente de assistência social das seguintes entidades por atenderem os requisitos legais constante [...] 123) ASSOCIAÇÃO FRIBURGUENSE DE AMIGOS E PAIS EDUCANDO, 30.557.292/0001-29, NOVA FRIBURGO/RJ, 235874.0638145/2023, de 01/01/2024 a 31/12/2026.
24204978#2;24204978;515_20260807_24204978.xml;2026-08-07;2026-07-31;PORTARIA Nº 111, DE 31 DE JULHO DE 2026;Ministério do Desenvolvimento e Assistência Social, Família e Combate à Fome/Secretaria Nacional de Assistência Social/Departamento da Rede Socioassistencial Privada do Sistema Único de Assistência Social;ASSISTENCIA;50760420000144;S;ASSOCIAÇÃO JAUENSE DE EDUCAÇÃO E ASSISTÊNCIA;JAÚ/SP;RENOVACAO;S;;01/01/2025 a 31/12/2027;148;24;http://pesquisa.in.gov.br/imprensa/jsp/visualiza/index.jsp?data=07/08/2026&jornal=515&pagina=24;DOU_XML;Art. 2º Deferir as renovações de certificação de entidade beneficente de assistência social das seguintes entidades por atenderem os requisitos legais constante [...] 124) ASSOCIAÇÃO JAUENSE DE EDUCAÇÃO E ASSISTÊNCIA, 50.760.420/0001-44, JAÚ/SP, 308796.1009922/2024, de 01/01/2025 a 31/12/2027.
24204978#2;24204978;515_20260807_24204978.xml;2026-08-07;2026-07-31;PORTARIA Nº 111, DE 31 DE JULHO DE 2026;Ministério do Desenvolvimento e Assistência Social, Família e Combate à Fome/Secretaria Nacional de Assistência Social/Departamento da Rede Socioassistencial Privada do Sistema Único de Assistência Social;ASSISTENCIA;00747598000187;S;ASSOCIACAO LAR SAGRADA FAMILIA;MONTENEGRO/RS;RENOVACAO;S;;01/01/2025 a 31/12/2027;148;24;http://pesquisa.in.gov.br/imprensa/jsp/visualiza/index.jsp?data=07/08/2026&jornal=515&pagina=24;DOU_XML;Art. 2º Deferir as renovações de certificação de entidade beneficente de assistência social das seguintes entidades por atenderem os requisitos legais constante [...] 125) ASSOCIACAO LAR SAGRADA FAMILIA, 00.747.598/0001-87, MONTENEGRO/RS, 308796.1121138/2024, de 01/01/2025 a 31/12/2027.
24204978#2;24204978;515_20260807_24204978.xml;2026-08-07;2026-07-31;PORTARIA Nº 111, DE 31 DE JULHO DE 2026;Ministério do Desenvolvimento e Assistência Social, Família e Combate à Fome/Secretaria Nacional de Assistência Social/Departamento da Rede Socioassistencial Privada do Sistema Único de Assistência Social;ASSISTENCIA;10978857000134;S;ASSOCIACAO MAHATMA GANDHI;GOIÂNIA/GO;RENOVACAO;S;;01/01/2025 a 31/12/2029;148;24;http://pesquisa.in.gov.br/imprensa/jsp/visualiza/index.jsp?data=07/08/2026&jornal=515&pagina=24;DOU_XML;Art. 2º Deferir as renovações de certificação de entidade beneficente de assistência social das seguintes entidades por atenderem os requisitos legais constante [...] 126) ASSOCIACAO MAHATMA GANDHI, 10.978.857/0001-34, GOIÂNIA/GO, 308796.1015888/2024, de 01/01/2025 a 31/12/2029.
24204978#2;24204978;515_20260807_24204978.xml;2026-08-07;2026-07-31;PORTARIA Nº 111, DE 31 DE JULHO DE 2026;Ministério do Desenvolvimento e Assistência Social, Família e Combate à Fome/Secretaria Nacional de Assistência Social/Departamento da Rede Socioassistencial Privada do Sistema Único de Assistência Social;ASSISTENCIA;25223041000178;S;ASSOCIAÇÃO MANTENEDORA DA GUARDA MIRIM DE MONTES CLAROS;MONTES CLAROS/MG;RENOVACAO;S;;01/01/2025 a 31/12/2029;148;24;http://pesquisa.in.gov.br/imprensa/jsp/visualiza/index.jsp?data=07/08/2026&jornal=515&pagina=24;DOU_XML;Art. 2º Deferir as renovações de certificação de entidade beneficente de assistência social das seguintes entidades por atenderem os requisitos legais constante [...] 127) ASSOCIAÇÃO MANTENEDORA DA GUARDA MIRIM DE MONTES CLAROS, 25.223.041/0001-78, MONTES CLAROS/MG, 308796.1037422/2024, de 01/01/2025 a 31/12/2029.
24204978#2;24204978;515_20260807_24204978.xml;2026-08-07;2026-07-31;PORTARIA Nº 111, DE 31 DE JULHO DE 2026;Ministério do Desenvolvimento e Assistência Social, Família e Combate à Fome/Secretaria Nacional de Assistência Social/Departamento da Rede Socioassistencial Privada do Sistema Único de Assistência Social;ASSISTENCIA;89121487000174;S;ASSOCIAÇÃO MARCELINENSE DE ASSISTENCIA E EDUCAÇÃO A CRIANÇA E ADOLESCENTE - AMAECA;MARCELINO RAMOS/RS;RENOVACAO;S;;01/01/2025 a 31/12/2029;148;24;http://pesquisa.in.gov.br/imprensa/jsp/visualiza/index.jsp?data=07/08/2026&jornal=515&pagina=24;DOU_XML;Art. 2º Deferir as renovações de certificação de entidade beneficente de assistência social das seguintes entidades por atenderem os requisitos legais constante [...] 128) ASSOCIAÇÃO MARCELINENSE DE ASSISTENCIA E EDUCAÇÃO A CRIANÇA E ADOLESCENTE - AMAECA, 89.121.487/0001-74, MARCELINO RAMOS/RS, 235874.0289447/2022, de 01/01/2025 a 31/12/2029.
24204978#2;24204978;515_20260807_24204978.xml;2026-08-07;2026-07-31;PORTARIA Nº 111, DE 31 DE JULHO DE 2026;Ministério do Desenvolvimento e Assistência Social, Família e Combate à Fome/Secretaria Nacional de Assistência Social/Departamento da Rede Socioassistencial Privada do Sistema Único de Assistência Social;ASSISTENCIA;76210319000103;S;ASSOCIACAO PAIS E AMIGOS DOS EXCEPCIONAIS B V PARAISO;BELA VISTA DO PARAÍSO/PR;RENOVACAO;S;;01/01/2025 a 31/12/2027;148;24;http://pesquisa.in.gov.br/imprensa/jsp/visualiza/index.jsp?data=07/08/2026&jornal=515&pagina=24;DOU_XML;Art. 2º Deferir as renovações de certificação de entidade beneficente de assistência social das seguintes entidades por atenderem os requisitos legais constante [...] 129) ASSOCIACAO PAIS E AMIGOS DOS EXCEPCIONAIS B V PARAISO, 76.210.319/0001-03, BELA VISTA DO PARAÍSO/PR, 308796.1069741/2024, de 01/01/2025 a 31/12/2027.
24204978#2;24204978;515_20260807_24204978.xml;2026-08-07;2026-07-31;PORTARIA Nº 111, DE 31 DE JULHO DE 2026;Ministério do Desenvolvimento e Assistência Social, Família e Combate à Fome/Secretaria Nacional de Assistência Social/Departamento da Rede Socioassistencial Privada do Sistema Único de Assistência Social;ASSISTENCIA;59022046000154;S;ASSOCIAÇÃO PRÍNCIPE BERNARDO;HOLAMBRA/SP;RENOVACAO;S;;01/01/2025 a 31/12/2029;148;24;http://pesquisa.in.gov.br/imprensa/jsp/visualiza/index.jsp?data=07/08/2026&jornal=515&pagina=24;DOU_XML;Art. 2º Deferir as renovações de certificação de entidade beneficente de assistência social das seguintes entidades por atenderem os requisitos legais constante [...] 130) ASSOCIAÇÃO PRÍNCIPE BERNARDO, 59.022.046/0001-54, HOLAMBRA/SP, 308796.1084941/2024, de 01/01/2025 a 31/12/2029.
24204978#2;24204978;515_20260807_24204978.xml;2026-08-07;2026-07-31;PORTARIA Nº 111, DE 31 DE JULHO DE 2026;Ministério do Desenvolvimento e Assistência Social, Família e Combate à Fome/Secretaria Nacional de Assistência Social/Departamento da Rede Socioassistencial Privada do Sistema Único de Assistência Social;ASSISTENCIA;08875750000119;S;ASSOCIAÇÃO PROJETO GENTE GRANDE;BETIM/MG;RENOVACAO;S;;01/01/2025 a 31/12/2029;148;24;http://pesquisa.in.gov.br/imprensa/jsp/visualiza/index.jsp?data=07/08/2026&jornal=515&pagina=24;DOU_XML;Art. 2º Deferir as renovações de certificação de entidade beneficente de assistência social das seguintes entidades por atenderem os requisitos legais constante [...] 131) ASSOCIAÇÃO PROJETO GENTE GRANDE, 08.875.750/0001-19, BETIM/MG, 308796.1101912/2024, de 01/01/2025 a 31/12/2029.
24204978#2;24204978;515_20260807_24204978.xml;2026-08-07;2026-07-31;PORTARIA Nº 111, DE 31 DE JULHO DE 2026;Ministério do Desenvolvimento e Assistência Social, Família e Combate à Fome/Secretaria Nacional de Assistência Social/Departamento da Rede Socioassistencial Privada do Sistema Único de Assistência Social;ASSISTENCIA;77496263000168;S;ASSOCIAÇÃO SANTO ANTONIO MARIA CLARET;CLEVELÂNDIA/PR;RENOVACAO;S;;01/01/2025 a 31/12/2027;148;24;http://pesquisa.in.gov.br/imprensa/jsp/visualiza/index.jsp?data=07/08/2026&jornal=515&pagina=24;DOU_XML;Art. 2º Deferir as renovações de certificação de entidade beneficente de assistência social das seguintes entidades por atenderem os requisitos legais constante [...] 132) ASSOCIAÇÃO SANTO ANTONIO MARIA CLARET, 77.496.263/0001-68, CLEVELÂNDIA/PR, 308796.1164774/2024, de 01/01/2025 a 31/12/2027.
24204978#2;24204978;515_20260807_24204978.xml;2026-08-07;2026-07-31;PORTARIA Nº 111, DE 31 DE JULHO DE 2026;Ministério do Desenvolvimento e Assistência Social, Família e Combate à Fome/Secretaria Nacional de Assistência Social/Departamento da Rede Socioassistencial Privada do Sistema Único de Assistência Social;ASSISTENCIA;07183961000128;S;ASSOCIAÇÃO SÃO JERÔNIMO;CAPIVARI/SP;RENOVACAO;S;;01/01/2025 a 31/12/2029;148;24;http://pesquisa.in.gov.br/imprensa/jsp/visualiza/index.jsp?data=07/08/2026&jornal=515&pagina=24;DOU_XML;Art. 2º Deferir as renovações de certificação de entidade beneficente de assistência social das seguintes entidades por atenderem os requisitos legais constante [...] 133) ASSOCIAÇÃO SÃO JERÔNIMO, 07.183.961/0001-28, CAPIVARI/SP, 308796.1038230/2024, de 01/01/2025 a 31/12/2029.
24204978#2;24204978;515_20260807_24204978.xml;2026-08-07;2026-07-31;PORTARIA Nº 111, DE 31 DE JULHO DE 2026;Ministério do Desenvolvimento e Assistência Social, Família e Combate à Fome/Secretaria Nacional de Assistência Social/Departamento da Rede Socioassistencial Privada do Sistema Único de Assistência Social;ASSISTENCIA;05617703000187;S;ASSOCIACAO SOLIDARIEDADE SEMPRE;LONDRINA/PR;RENOVACAO;S;;01/01/2025 a 31/12/2029;148;24;http://pesquisa.in.gov.br/imprensa/jsp/visualiza/index.jsp?data=07/08/2026&jornal=515&pagina=24;DOU_XML;Art. 2º Deferir as renovações de certificação de entidade beneficente de assistência social das seguintes entidades por atenderem os requisitos legais constante [...] 134) ASSOCIACAO SOLIDARIEDADE SEMPRE, 05.617.703/0001-87, LONDRINA/PR, 308796.0929372/2024, de 01/01/2025 a 31/12/2029.
24204978#2;24204978;515_20260807_24204978.xml;2026-08-07;2026-07-31;PORTARIA Nº 111, DE 31 DE JULHO DE 2026;Ministério do Desenvolvimento e Assistência Social, Família e Combate à Fome/Secretaria Nacional de Assistência Social/Departamento da Rede Socioassistencial Privada do Sistema Único de Assistência Social;ASSISTENCIA;98524473000192;S;ASSOCIAÇÃO VACARIENSE DE AUXÍLIO AOS NECESSITADOS ( AVAN);VACARIA/RS;RENOVACAO;S;;01/01/2025 a 31/12/2027;148;24;http://pesquisa.in.gov.br/imprensa/jsp/visualiza/index.jsp?data=07/08/2026&jornal=515&pagina=24;DOU_XML;Art. 2º Deferir as renovações de certificação de entidade beneficente de assistência social das seguintes entidades por atenderem os requisitos legais constante [...] 135) ASSOCIAÇÃO VACARIENSE DE AUXÍLIO AOS NECESSITADOS ( AVAN), 98.524.473/0001-92, VACARIA/RS, 308796.0909214/2024, de 01/01/2025 a 31/12/2027.
24204978#2;24204978;515_20260807_24204978.xml;2026-08-07;2026-07-31;PORTARIA Nº 111, DE 31 DE JULHO DE 2026;Ministério do Desenvolvimento e Assistência Social, Família e Combate à Fome/Secretaria Nacional de Assistência Social/Departamento da Rede Socioassistencial Privada do Sistema Único de Assistência Social;ASSISTENCIA;87305686000107;S;ASSOCIAÇÃPO DE PAIS E AMIGOS DOS EXCEPCIONAIS DE MONTENEGRO/RS;MONTENEGRO/RS;RENOVACAO;S;;01/01/2025 a 31/12/2027;148;24;http://pesquisa.in.gov.br/imprensa/jsp/visualiza/index.jsp?data=07/08/2026&jornal=515&pagina=24;DOU_XML;Art. 2º Deferir as renovações de certificação de entidade beneficente de assistência social das seguintes entidades por atenderem os requisitos legais constante [...] 136) ASSOCIAÇÃPO DE PAIS E AMIGOS DOS EXCEPCIONAIS DE MONTENEGRO/RS, 87.305.686/0001-07, MONTENEGRO/RS, 308796.1088056/2024, de 01/01/2025 a 31/12/2027.
24204978#2;24204978;515_20260807_24204978.xml;2026-08-07;2026-07-31;PORTARIA Nº 111, DE 31 DE JULHO DE 2026;Ministério do Desenvolvimento e Assistência Social, Família e Combate à Fome/Secretaria Nacional de Assistência Social/Departamento da Rede Socioassistencial Privada do Sistema Único de Assistência Social;ASSISTENCIA;20519465000160;S;AST AGENCIA SOCIAL DE TALENTOS;RIO DE JANEIRO/RJ;RENOVACAO;S;;01/01/2025 a 31/12/2027;148;24;http://pesquisa.in.gov.br/imprensa/jsp/visualiza/index.jsp?data=07/08/2026&jornal=515&pagina=24;DOU_XML;Art. 2º Deferir as renovações de certificação de entidade beneficente de assistência social das seguintes entidades por atenderem os requisitos legais constante [...] 137) AST AGENCIA SOCIAL DE TALENTOS, 20.519.465/0001-60, RIO DE JANEIRO/RJ, 308796.1089478/2024, de 01/01/2025 a 31/12/2027.
24204978#2;24204978;515_20260807_24204978.xml;2026-08-07;2026-07-31;PORTARIA Nº 111, DE 31 DE JULHO DE 2026;Ministério do Desenvolvimento e Assistência Social, Família e Combate à Fome/Secretaria Nacional de Assistência Social/Departamento da Rede Socioassistencial Privada do Sistema Único de Assistência Social;ASSISTENCIA;06296099000105;S;AZILO DE MENDICIDADE DE SAO LUIS;SÃO LUÍS/MA;RENOVACAO;S;;01/01/2025 a 31/12/2027;148;24;http://pesquisa.in.gov.br/imprensa/jsp/visualiza/index.jsp?data=07/08/2026&jornal=515&pagina=24;DOU_XML;Art. 2º Deferir as renovações de certificação de entidade beneficente de assistência social das seguintes entidades por atenderem os requisitos legais constante [...] 138) AZILO DE MENDICIDADE DE SAO LUIS, 06.296.099/0001-05, SÃO LUÍS/MA, 308796.1155940/2024, de 01/01/2025 a 31/12/2027.
24204978#2;24204978;515_20260807_24204978.xml;2026-08-07;2026-07-31;PORTARIA Nº 111, DE 31 DE JULHO DE 2026;Ministério do Desenvolvimento e Assistência Social, Família e Combate à Fome/Secretaria Nacional de Assistência Social/Departamento da Rede Socioassistencial Privada do Sistema Único de Assistência Social;ASSISTENCIA;33645086000169;S;BANCO DA PROVIDENCIA;RIO DE JANEIRO/RJ;RENOVACAO;S;;01/01/2025 a 31/12/2027;148;24;http://pesquisa.in.gov.br/imprensa/jsp/visualiza/index.jsp?data=07/08/2026&jornal=515&pagina=24;DOU_XML;Art. 2º Deferir as renovações de certificação de entidade beneficente de assistência social das seguintes entidades por atenderem os requisitos legais constante [...] 139) BANCO DA PROVIDENCIA, 33.645.086/0001-69, RIO DE JANEIRO/RJ, 308796.1150368/2024, de 01/01/2025 a 31/12/2027.
24204978#2;24204978;515_20260807_24204978.xml;2026-08-07;2026-07-31;PORTARIA Nº 111, DE 31 DE JULHO DE 2026;Ministério do Desenvolvimento e Assistência Social, Família e Combate à Fome/Secretaria Nacional de Assistência Social/Departamento da Rede Socioassistencial Privada do Sistema Único de Assistência Social;ASSISTENCIA;73482986000157;S;BRASCRI ASSOC SUICO BRASILEIRA DE AJUDA A CRIANCA;SÃO PAULO/SP;RENOVACAO;S;;01/01/2025 a 31/12/2027;148;24;http://pesquisa.in.gov.br/imprensa/jsp/visualiza/index.jsp?data=07/08/2026&jornal=515&pagina=24;DOU_XML;Art. 2º Deferir as renovações de certificação de entidade beneficente de assistência social das seguintes entidades por atenderem os requisitos legais constante [...] 140) BRASCRI ASSOC SUICO BRASILEIRA DE AJUDA A CRIANCA, 73.482.986/0001-57, SÃO PAULO/SP, 308796.1008366/2024, de 01/01/2025 a 31/12/2027.
24204978#2;24204978;515_20260807_24204978.xml;2026-08-07;2026-07-31;PORTARIA Nº 111, DE 31 DE JULHO DE 2026;Ministério do Desenvolvimento e Assistência Social, Família e Combate à Fome/Secretaria Nacional de Assistência Social/Departamento da Rede Socioassistencial Privada do Sistema Único de Assistência Social;ASSISTENCIA;08823665000107;S;CASA ACOLHEDORA MÃE E SENHORA DE TODOS OS POVOS;LONDRINA/PR;RENOVACAO;S;;01/01/2025 a 31/12/2027;148;24;http://pesquisa.in.gov.br/imprensa/jsp/visualiza/index.jsp?data=07/08/2026&jornal=515&pagina=24;DOU_XML;Art. 2º Deferir as renovações de certificação de entidade beneficente de assistência social das seguintes entidades por atenderem os requisitos legais constante [...] 141) CASA ACOLHEDORA MÃE E SENHORA DE TODOS OS POVOS, 08.823.665/0001-07, LONDRINA/PR, 308796.1033402/2024, de 01/01/2025 a 31/12/2027.
24204978#2;24204978;515_20260807_24204978.xml;2026-08-07;2026-07-31;PORTARIA Nº 111, DE 31 DE JULHO DE 2026;Ministério do Desenvolvimento e Assistência Social, Família e Combate à Fome/Secretaria Nacional de Assistência Social/Departamento da Rede Socioassistencial Privada do Sistema Único de Assistência Social;ASSISTENCIA;81617789000126;S;CASA DA CRIANÇA DO MORRO DA PENITENCIÁ;FLORIANÓPOLIS/SC;RENOVACAO;S;;01/01/2025 a 31/12/2027;148;24;http://pesquisa.in.gov.br/imprensa/jsp/visualiza/index.jsp?data=07/08/2026&jornal=515&pagina=24;DOU_XML;Art. 2º Deferir as renovações de certificação de entidade beneficente de assistência social das seguintes entidades por atenderem os requisitos legais constante [...] 142) CASA DA CRIANÇA DO MORRO DA PENITENCIÁ, 81.617.789/0001-26, FLORIANÓPOLIS/SC, 308796.0942161/2024, de 01/01/2025 a 31/12/2027.
24204978#2;24204978;515_20260807_24204978.xml;2026-08-07;2026-07-31;PORTARIA Nº 111, DE 31 DE JULHO DE 2026;Ministério do Desenvolvimento e Assistência Social, Família e Combate à Fome/Secretaria Nacional de Assistência Social/Departamento da Rede Socioassistencial Privada do Sistema Único de Assistência Social;ASSISTENCIA;03303706000110;S;CASA DA DIVINA MISERICÓRDIA;JOÃO PESSOA/PB;RENOVACAO;S;;01/01/2025 a 31/12/2029;148;24;http://pesquisa.in.gov.br/imprensa/jsp/visualiza/index.jsp?data=07/08/2026&jornal=515&pagina=24;DOU_XML;Art. 2º Deferir as renovações de certificação de entidade beneficente de assistência social das seguintes entidades por atenderem os requisitos legais constante [...] 143) CASA DA DIVINA MISERICÓRDIA, 03.303.706/0001-10, JOÃO PESSOA/PB, 308796.1159348/2024, de 01/01/2025 a 31/12/2029.
24204978#2;24204978;515_20260807_24204978.xml;2026-08-07;2026-07-31;PORTARIA Nº 111, DE 31 DE JULHO DE 2026;Ministério do Desenvolvimento e Assistência Social, Família e Combate à Fome/Secretaria Nacional de Assistência Social/Departamento da Rede Socioassistencial Privada do Sistema Único de Assistência Social;ASSISTENCIA;02115984000181;S;CASA DE ACOLHIMENTO RESGATAR;SUMARÉ/SP;RENOVACAO;S;;01/01/2025 a 31/12/2027;148;24;http://pesquisa.in.gov.br/imprensa/jsp/visualiza/index.jsp?data=07/08/2026&jornal=515&pagina=24;DOU_XML;Art. 2º Deferir as renovações de certificação de entidade beneficente de assistência social das seguintes entidades por atenderem os requisitos legais constante [...] 144) CASA DE ACOLHIMENTO RESGATAR, 02.115.984/0001-81, SUMARÉ/SP, 308796.1158789/2024, de 01/01/2025 a 31/12/2027.
24204978#2;24204978;515_20260807_24204978.xml;2026-08-07;2026-07-31;PORTARIA Nº 111, DE 31 DE JULHO DE 2026;Ministério do Desenvolvimento e Assistência Social, Família e Combate à Fome/Secretaria Nacional de Assistência Social/Departamento da Rede Socioassistencial Privada do Sistema Único de Assistência Social;ASSISTENCIA;07943474000116;S;CASA DE APOIO BETÂNIA;LIMEIRA/SP;RENOVACAO;S;;01/01/2025 a 31/12/2029;148;24;http://pesquisa.in.gov.br/imprensa/jsp/visualiza/index.jsp?data=07/08/2026&jornal=515&pagina=24;DOU_XML;Art. 2º Deferir as renovações de certificação de entidade beneficente de assistência social das seguintes entidades por atenderem os requisitos legais constante [...] 145) CASA DE APOIO BETÂNIA, 07.943.474/0001-16, LIMEIRA/SP, 308796.1076283/2024, de 01/01/2025 a 31/12/2029.
24204978#2;24204978;515_20260807_24204978.xml;2026-08-07;2026-07-31;PORTARIA Nº 111, DE 31 DE JULHO DE 2026;Ministério do Desenvolvimento e Assistência Social, Família e Combate à Fome/Secretaria Nacional de Assistência Social/Departamento da Rede Socioassistencial Privada do Sistema Único de Assistência Social;ASSISTENCIA;00664464000100;S;CASA DE ASSISTÊNCIA FILADÉLFIA;SÃO PAULO/SP;RENOVACAO;S;;01/01/2024 a 31/12/2026;148;24;http://pesquisa.in.gov.br/imprensa/jsp/visualiza/index.jsp?data=07/08/2026&jornal=515&pagina=24;DOU_XML;Art. 2º Deferir as renovações de certificação de entidade beneficente de assistência social das seguintes entidades por atenderem os requisitos legais constante [...] 146) CASA DE ASSISTÊNCIA FILADÉLFIA, 00.664.464/0001-00, SÃO PAULO/SP, 308796.0807790/2023, de 01/01/2024 a 31/12/2026.
24204978#2;24204978;515_20260807_24204978.xml;2026-08-07;2026-07-31;PORTARIA Nº 111, DE 31 DE JULHO DE 2026;Ministério do Desenvolvimento e Assistência Social, Família e Combate à Fome/Secretaria Nacional de Assistência Social/Departamento da Rede Socioassistencial Privada do Sistema Único de Assistência Social;ASSISTENCIA;00688164000153;S;CASA DE PROTECAO TEMPORARIA ACOLHER;FOZ DO IGUAÇU/PR;RENOVACAO;S;;01/01/2025 a 31/12/2027;148;24;http://pesquisa.in.gov.br/imprensa/jsp/visualiza/index.jsp?data=07/08/2026&jornal=515&pagina=24;DOU_XML;Art. 2º Deferir as renovações de certificação de entidade beneficente de assistência social das seguintes entidades por atenderem os requisitos legais constante [...] 147) CASA DE PROTECAO TEMPORARIA ACOLHER, 00.688.164/0001-53, FOZ DO IGUAÇU/PR, 308796.1064321/2024, de 01/01/2025 a 31/12/2027.
24204978#2;24204978;515_20260807_24204978.xml;2026-08-07;2026-07-31;PORTARIA Nº 111, DE 31 DE JULHO DE 2026;Ministério do Desenvolvimento e Assistência Social, Família e Combate à Fome/Secretaria Nacional de Assistência Social/Departamento da Rede Socioassistencial Privada do Sistema Único de Assistência Social;ASSISTENCIA;00624233000165;S;CASA DO AMOR FRATERNO;PIRACICABA/SP;RENOVACAO;S;;01/01/2025 a 31/12/2029;148;24;http://pesquisa.in.gov.br/imprensa/jsp/visualiza/index.jsp?data=07/08/2026&jornal=515&pagina=24;DOU_XML;Art. 2º Deferir as renovações de certificação de entidade beneficente de assistência social das seguintes entidades por atenderem os requisitos legais constante [...] 148) CASA DO AMOR FRATERNO, 00.624.233/0001-65, PIRACICABA/SP, 308796.1001168/2024, de 01/01/2025 a 31/12/2029.
24204978#2;24204978;515_20260807_24204978.xml;2026-08-07;2026-07-31;PORTARIA Nº 111, DE 31 DE JULHO DE 2026;Ministério do Desenvolvimento e Assistência Social, Família e Combate à Fome/Secretaria Nacional de Assistência Social/Departamento da Rede Socioassistencial Privada do Sistema Único de Assistência Social;ASSISTENCIA;39523667000104;S;CASA DO CAMINHO;CARMO/RJ;RENOVACAO;S;;01/01/2025 a 31/12/2029;148;24;http://pesquisa.in.gov.br/imprensa/jsp/visualiza/index.jsp?data=07/08/2026&jornal=515&pagina=24;DOU_XML;Art. 2º Deferir as renovações de certificação de entidade beneficente de assistência social das seguintes entidades por atenderem os requisitos legais constante [...] 149) CASA DO CAMINHO, 39.523.667/0001-04, CARMO/RJ, 308796.1127234/2024, de 01/01/2025 a 31/12/2029.
24204978#2;24204978;515_20260807_24204978.xml;2026-08-07;2026-07-31;PORTARIA Nº 111, DE 31 DE JULHO DE 2026;Ministério do Desenvolvimento e Assistência Social, Família e Combate à Fome/Secretaria Nacional de Assistência Social/Departamento da Rede Socioassistencial Privada do Sistema Único de Assistência Social;ASSISTENCIA;08946144000147;S;CENTRAL INTEGRADA DE APOIO FAMILIAR PASTOR RUBENS DE CASTRO;CURITIBA/PR;RENOVACAO;S;;01/01/2025 a 31/12/2029;148;24;http://pesquisa.in.gov.br/imprensa/jsp/visualiza/index.jsp?data=07/08/2026&jornal=515&pagina=24;DOU_XML;Art. 2º Deferir as renovações de certificação de entidade beneficente de assistência social das seguintes entidades por atenderem os requisitos legais constante [...] 150) CENTRAL INTEGRADA DE APOIO FAMILIAR PASTOR RUBENS DE CASTRO, 08.946.144/0001-47, CURITIBA/PR, 308796.1080694/2024, de 01/01/2025 a 31/12/2029.
24204978#2;24204978;515_20260807_24204978.xml;2026-08-07;2026-07-31;PORTARIA Nº 111, DE 31 DE JULHO DE 2026;Ministério do Desenvolvimento e Assistência Social, Família e Combate à Fome/Secretaria Nacional de Assistência Social/Departamento da Rede Socioassistencial Privada do Sistema Único de Assistência Social;ASSISTENCIA;17593322000194;S;CENTRO DE PROMOÇÃO SOCIAL PALOTINAS;CAMPO GRANDE/MS;RENOVACAO;S;;01/01/2025 a 31/12/2029;148;24;http://pesquisa.in.gov.br/imprensa/jsp/visualiza/index.jsp?data=07/08/2026&jornal=515&pagina=24;DOU_XML;Art. 2º Deferir as renovações de certificação de entidade beneficente de assistência social das seguintes entidades por atenderem os requisitos legais constante [...] 151) CENTRO DE PROMOÇÃO SOCIAL PALOTINAS, 17.593.322/0001-94, CAMPO GRANDE/MS, 308796.1114265/2024, de 01/01/2025 a 31/12/2029.
24204978#2;24204978;515_20260807_24204978.xml;2026-08-07;2026-07-31;PORTARIA Nº 111, DE 31 DE JULHO DE 2026;Ministério do Desenvolvimento e Assistência Social, Família e Combate à Fome/Secretaria Nacional de Assistência Social/Departamento da Rede Socioassistencial Privada do Sistema Único de Assistência Social;ASSISTENCIA;80633357000146;S;CENTRO ASSOCIATIVO DE ATIVIDADES PSICOFISICAS PATRICK;CHAPECÓ/SC;RENOVACAO;S;;01/01/2025 a 31/12/2027;148;24;http://pesquisa.in.gov.br/imprensa/jsp/visualiza/index.jsp?data=07/08/2026&jornal=515&pagina=24;DOU_XML;Art. 2º Deferir as renovações de certificação de entidade beneficente de assistência social das seguintes entidades por atenderem os requisitos legais constante [...] 152) CENTRO ASSOCIATIVO DE ATIVIDADES PSICOFISICAS PATRICK, 80.633.357/0001-46, CHAPECÓ/SC, 308796.1170599/2024, de 01/01/2025 a 31/12/2027.
24204978#2;24204978;515_20260807_24204978.xml;2026-08-07;2026-07-31;PORTARIA Nº 111, DE 31 DE JULHO DE 2026;Ministério do Desenvolvimento e Assistência Social, Família e Combate à Fome/Secretaria Nacional de Assistência Social/Departamento da Rede Socioassistencial Privada do Sistema Único de Assistência Social;ASSISTENCIA;02573208000125;S;CENTRO CULTURAL ANASTÁCIA;FLORIANÓPOLIS/SC;RENOVACAO;S;;26/10/2024 a 25/10/2027;148;24;http://pesquisa.in.gov.br/imprensa/jsp/visualiza/index.jsp?data=07/08/2026&jornal=515&pagina=24;DOU_XML;Art. 2º Deferir as renovações de certificação de entidade beneficente de assistência social das seguintes entidades por atenderem os requisitos legais constante [...] 153) CENTRO CULTURAL ANASTÁCIA, 02.573.208/0001-25, FLORIANÓPOLIS/SC, 308796.1107411/2024, de 26/10/2024 a 25/10/2027.
24204978#2;24204978;515_20260807_24204978.xml;2026-08-07;2026-07-31;PORTARIA Nº 111, DE 31 DE JULHO DE 2026;Ministério do Desenvolvimento e Assistência Social, Família e Combate à Fome/Secretaria Nacional de Assistência Social/Departamento da Rede Socioassistencial Privada do Sistema Único de Assistência Social;ASSISTENCIA;01953014000192;S;CENTRO DE ACOLHIMENTO MARTINHO LUTERO;SANTO ÂNGELO/RS;RENOVACAO;S;;01/01/2025 a 31/12/2027;148;24;http://pesquisa.in.gov.br/imprensa/jsp/visualiza/index.jsp?data=07/08/2026&jornal=515&pagina=24;DOU_XML;Art. 2º Deferir as renovações de certificação de entidade beneficente de assistência social das seguintes entidades por atenderem os requisitos legais constante [...] 154) CENTRO DE ACOLHIMENTO MARTINHO LUTERO, 01.953.014/0001-92, SANTO ÂNGELO/RS, 308796.0993050/2024, de 01/01/2025 a 31/12/2027.
24204978#2;24204978;515_20260807_24204978.xml;2026-08-07;2026-07-31;PORTARIA Nº 111, DE 31 DE JULHO DE 2026;Ministério do Desenvolvimento e Assistência Social, Família e Combate à Fome/Secretaria Nacional de Assistência Social/Departamento da Rede Socioassistencial Privada do Sistema Único de Assistência Social;ASSISTENCIA;48876445000166;S;CENTRO DE APRENDIZADO E MONITORAMENTO PROFISSIONAL DO CAXINGUI;SÃO PAULO/SP;RENOVACAO;S;;01/01/2025 a 31/12/2027;148;24;http://pesquisa.in.gov.br/imprensa/jsp/visualiza/index.jsp?data=07/08/2026&jornal=515&pagina=24;DOU_XML;Art. 2º Deferir as renovações de certificação de entidade beneficente de assistência social das seguintes entidades por atenderem os requisitos legais constante [...] 155) CENTRO DE APRENDIZADO E MONITORAMENTO PROFISSIONAL DO CAXINGUI, 48.876.445/0001-66, SÃO PAULO/SP, 308796.1096830/2024, de 01/01/2025 a 31/12/2027.
24204978#2;24204978;515_20260807_24204978.xml;2026-08-07;2026-07-31;PORTARIA Nº 111, DE 31 DE JULHO DE 2026;Ministério do Desenvolvimento e Assistência Social, Família e Combate à Fome/Secretaria Nacional de Assistência Social/Departamento da Rede Socioassistencial Privada do Sistema Único de Assistência Social;ASSISTENCIA;44754786000108;S;CENTRO DE APRENDIZADO METÓDICO E PRÁTICO DE LIMEIRA CAMPL;LIMEIRA/SP;RENOVACAO;S;;25/03/2025 a 24/03/2028;148;24;http://pesquisa.in.gov.br/imprensa/jsp/visualiza/index.jsp?data=07/08/2026&jornal=515&pagina=24;DOU_XML;Art. 2º Deferir as renovações de certificação de entidade beneficente de assistência social das seguintes entidades por atenderem os requisitos legais constante [...] 156) CENTRO DE APRENDIZADO METÓDICO E PRÁTICO DE LIMEIRA CAMPL, 44.754.786/0001-08, LIMEIRA/SP, 308796.1142259/2024, de 25/03/2025 a 24/03/2028.
24204978#2;24204978;515_20260807_24204978.xml;2026-08-07;2026-07-31;PORTARIA Nº 111, DE 31 DE JULHO DE 2026;Ministério do Desenvolvimento e Assistência Social, Família e Combate à Fome/Secretaria Nacional de Assistência Social/Departamento da Rede Socioassistencial Privada do Sistema Único de Assistência Social;ASSISTENCIA;44531705000100;S;CENTRO DE FORMAÇÃO DO MIRIM DE LINS;LINS/SP;RENOVACAO;S;;01/01/2025 a 31/12/2027;148;24;http://pesquisa.in.gov.br/imprensa/jsp/visualiza/index.jsp?data=07/08/2026&jornal=515&pagina=24;DOU_XML;Art. 2º Deferir as renovações de certificação de entidade beneficente de assistência social das seguintes entidades por atenderem os requisitos legais constante [...] 157) CENTRO DE FORMAÇÃO DO MIRIM DE LINS, 44.531.705/0001-00, LINS/SP, 308796.0842571/2024, de 01/01/2025 a 31/12/2027.
24204978#2;24204978;515_20260807_24204978.xml;2026-08-07;2026-07-31;PORTARIA Nº 111, DE 31 DE JULHO DE 2026;Ministério do Desenvolvimento e Assistência Social, Família e Combate à Fome/Secretaria Nacional de Assistência Social/Departamento da Rede Socioassistencial Privada do Sistema Único de Assistência Social;ASSISTENCIA;06072225000130;S;CENTRO DE INCLUSÃO E ASSISTENCIA AS PESSOAS COM NECESSIDADES ESPECIAIS;INDAIATUBA/SP;RENOVACAO;S;;01/01/2025 a 31/12/2027;148;24;http://pesquisa.in.gov.br/imprensa/jsp/visualiza/index.jsp?data=07/08/2026&jornal=515&pagina=24;DOU_XML;Art. 2º Deferir as renovações de certificação de entidade beneficente de assistência social das seguintes entidades por atenderem os requisitos legais constante [...] 158) CENTRO DE INCLUSÃO E ASSISTENCIA AS PESSOAS COM NECESSIDADES ESPECIAIS, 06.072.225/0001-30, INDAIATUBA/SP, 308796.1016223/2024, de 01/01/2025 a 31/12/2027.
24204978#2;24204978;515_20260807_24204978.xml;2026-08-07;2026-07-31;PORTARIA Nº 111, DE 31 DE JULHO DE 2026;Ministério do Desenvolvimento e Assistência Social, Família e Combate à Fome/Secretaria Nacional de Assistência Social/Departamento da Rede Socioassistencial Privada do Sistema Único de Assistência Social;ASSISTENCIA;02928443000172;S;CENTRO DE INTEGRAÇÃO ASSISTENCIAL E PROFISSIONAL SÃO PATRÍCIO;SÃO PAULO/SP;RENOVACAO;S;;01/01/2025 a 31/12/2027;148;24;http://pesquisa.in.gov.br/imprensa/jsp/visualiza/index.jsp?data=07/08/2026&jornal=515&pagina=24;DOU_XML;Art. 2º Deferir as renovações de certificação de entidade beneficente de assistência social das seguintes entidades por atenderem os requisitos legais constante [...] 159) CENTRO DE INTEGRAÇÃO ASSISTENCIAL E PROFISSIONAL SÃO PATRÍCIO, 02.928.443/0001-72, SÃO PAULO/SP, 308796.1029757/2024, de 01/01/2025 a 31/12/2027.
24204978#2;24204978;515_20260807_24204978.xml;2026-08-07;2026-07-31;PORTARIA Nº 111, DE 31 DE JULHO DE 2026;Ministério do Desenvolvimento e Assistência Social, Família e Combate à Fome/Secretaria Nacional de Assistência Social/Departamento da Rede Socioassistencial Privada do Sistema Único de Assistência Social;ASSISTENCIA;92954957000195;S;CENTRO DE INTEGRAÇÃO EMPRESA ESCOLA DO RS;PORTO ALEGRE/RS;RENOVACAO;S;;01/01/2025 a 31/12/2027;148;24;http://pesquisa.in.gov.br/imprensa/jsp/visualiza/index.jsp?data=07/08/2026&jornal=515&pagina=24;DOU_XML;Art. 2º Deferir as renovações de certificação de entidade beneficente de assistência social das seguintes entidades por atenderem os requisitos legais constante [...] 160) CENTRO DE INTEGRAÇÃO EMPRESA ESCOLA DO RS, 92.954.957/0001-95, PORTO ALEGRE/RS, 308796.1132734/2024, de 01/01/2025 a 31/12/2027.
24204978#2;24204978;515_20260807_24204978.xml;2026-08-07;2026-07-31;PORTARIA Nº 111, DE 31 DE JULHO DE 2026;Ministério do Desenvolvimento e Assistência Social, Família e Combate à Fome/Secretaria Nacional de Assistência Social/Departamento da Rede Socioassistencial Privada do Sistema Único de Assistência Social;ASSISTENCIA;90617788000172;S;CENTRO DE TRECNOLOGIAS ALTERNATIVAS POPULARES;PASSO FUNDO/RS;RENOVACAO;S;;01/01/2024 a 31/12/2026;148;24;http://pesquisa.in.gov.br/imprensa/jsp/visualiza/index.jsp?data=07/08/2026&jornal=515&pagina=24;DOU_XML;Art. 2º Deferir as renovações de certificação de entidade beneficente de assistência social das seguintes entidades por atenderem os requisitos legais constante [...] 161) CENTRO DE TRECNOLOGIAS ALTERNATIVAS POPULARES, 90.617.788/0001-72, PASSO FUNDO/RS, 308796.0756337/2023, de 01/01/2024 a 31/12/2026.
24204978#2;24204978;515_20260807_24204978.xml;2026-08-07;2026-07-31;PORTARIA Nº 111, DE 31 DE JULHO DE 2026;Ministério do Desenvolvimento e Assistência Social, Família e Combate à Fome/Secretaria Nacional de Assistência Social/Departamento da Rede Socioassistencial Privada do Sistema Único de Assistência Social;ASSISTENCIA;72961519000147;S;CENTRO SOCIAL DE VOTUPORANGA;VOTUPORANGA/SP;RENOVACAO;S;;01/01/2025 a 31/12/2027;148;24;http://pesquisa.in.gov.br/imprensa/jsp/visualiza/index.jsp?data=07/08/2026&jornal=515&pagina=24;DOU_XML;Art. 2º Deferir as renovações de certificação de entidade beneficente de assistência social das seguintes entidades por atenderem os requisitos legais constante [...] 162) CENTRO SOCIAL DE VOTUPORANGA, 72.961.519/0001-47, VOTUPORANGA/SP, 308796.1164794/2024, de 01/01/2025 a 31/12/2027.
24204978#2;24204978;515_20260807_24204978.xml;2026-08-07;2026-07-31;PORTARIA Nº 111, DE 31 DE JULHO DE 2026;Ministério do Desenvolvimento e Assistência Social, Família e Combate à Fome/Secretaria Nacional de Assistência Social/Departamento da Rede Socioassistencial Privada do Sistema Único de Assistência Social;ASSISTENCIA;50388016000191;S;CENTRO VIC. EDUC. E RECR. NOSSA SENHORA APARECIDA - CEVER;JABOTICABAL/SP;RENOVACAO;S;;01/01/2025 a 31/12/2029;148;24;http://pesquisa.in.gov.br/imprensa/jsp/visualiza/index.jsp?data=07/08/2026&jornal=515&pagina=24;DOU_XML;Art. 2º Deferir as renovações de certificação de entidade beneficente de assistência social das seguintes entidades por atenderem os requisitos legais constante [...] 163) CENTRO VIC. EDUC. E RECR. NOSSA SENHORA APARECIDA - CEVER, 50.388.016/0001-91, JABOTICABAL/SP, 308796.0989658/2024, de 01/01/2025 a 31/12/2029.
24204978#2;24204978;515_20260807_24204978.xml;2026-08-07;2026-07-31;PORTARIA Nº 111, DE 31 DE JULHO DE 2026;Ministério do Desenvolvimento e Assistência Social, Família e Combate à Fome/Secretaria Nacional de Assistência Social/Departamento da Rede Socioassistencial Privada do Sistema Único de Assistência Social;ASSISTENCIA;44729630000177;S;CIRCULO DE AMIGOS DO MENINO PATRULHEIRO;COSMÓPOLIS/SP;RENOVACAO;S;;01/01/2025 a 31/12/2027;148;24;http://pesquisa.in.gov.br/imprensa/jsp/visualiza/index.jsp?data=07/08/2026&jornal=515&pagina=24;DOU_XML;Art. 2º Deferir as renovações de certificação de entidade beneficente de assistência social das seguintes entidades por atenderem os requisitos legais constante [...] 164) CIRCULO DE AMIGOS DO MENINO PATRULHEIRO, 44.729.630/0001-77, COSMÓPOLIS/SP, 308796.1038105/2024, de 01/01/2025 a 31/12/2027.
24204978#2;24204978;515_20260807_24204978.xml;2026-08-07;2026-07-31;PORTARIA Nº 111, DE 31 DE JULHO DE 2026;Ministério do Desenvolvimento e Assistência Social, Família e Combate à Fome/Secretaria Nacional de Assistência Social/Departamento da Rede Socioassistencial Privada do Sistema Único de Assistência Social;ASSISTENCIA;46250999000128;S;CÍRCULO DE AMIGOS MOBILIZADOS NA PREPARAÇÃO PROFISSIONAL DE INDAIATUBA - CAMPI;INDAIATUBA/SP;RENOVACAO;S;;01/01/2026 a 31/12/2028;148;24;http://pesquisa.in.gov.br/imprensa/jsp/visualiza/index.jsp?data=07/08/2026&jornal=515&pagina=24;DOU_XML;Art. 2º Deferir as renovações de certificação de entidade beneficente de assistência social das seguintes entidades por atenderem os requisitos legais constante [...] 165) CÍRCULO DE AMIGOS MOBILIZADOS NA PREPARAÇÃO PROFISSIONAL DE INDAIATUBA - CAMPI, 46.250.999/0001-28, INDAIATUBA/SP, 308796.1139801/2024, de 01/01/2026 a 31/12/2028.
24204978#2;24204978;515_20260807_24204978.xml;2026-08-07;2026-07-31;PORTARIA Nº 111, DE 31 DE JULHO DE 2026;Ministério do Desenvolvimento e Assistência Social, Família e Combate à Fome/Secretaria Nacional de Assistência Social/Departamento da Rede Socioassistencial Privada do Sistema Único de Assistência Social;ASSISTENCIA;48135800000146;S;CLASA- CASA LIONS DE ADOLESCENTES DE SANTO ANDRÉ;SANTO ANDRÉ/SP;RENOVACAO;S;;01/01/2025 a 31/12/2027;148;24;http://pesquisa.in.gov.br/imprensa/jsp/visualiza/index.jsp?data=07/08/2026&jornal=515&pagina=24;DOU_XML;Art. 2º Deferir as renovações de certificação de entidade beneficente de assistência social das seguintes entidades por atenderem os requisitos legais constante [...] 166) CLASA- CASA LIONS DE ADOLESCENTES DE SANTO ANDRÉ, 48.135.800/0001-46, SANTO ANDRÉ/SP, 308796.1155770/2024, de 01/01/2025 a 31/12/2027.
24204978#2;24204978;515_20260807_24204978.xml;2026-08-07;2026-07-31;PORTARIA Nº 111, DE 31 DE JULHO DE 2026;Ministério do Desenvolvimento e Assistência Social, Família e Combate à Fome/Secretaria Nacional de Assistência Social/Departamento da Rede Socioassistencial Privada do Sistema Único de Assistência Social;ASSISTENCIA;03095299000101;S;COMUNIDADE DE AÇÃO SOCIAL FANUEL;JACAREÍ/SP;RENOVACAO;S;;01/01/2024 a 31/12/2028;148;24;http://pesquisa.in.gov.br/imprensa/jsp/visualiza/index.jsp?data=07/08/2026&jornal=515&pagina=24;DOU_XML;Art. 2º Deferir as renovações de certificação de entidade beneficente de assistência social das seguintes entidades por atenderem os requisitos legais constante [...] 167) COMUNIDADE DE AÇÃO SOCIAL FANUEL, 03.095.299/0001-01, JACAREÍ/SP, 308796.0808679/2023, de 01/01/2024 a 31/12/2028.
24204978#2;24204978;515_20260807_24204978.xml;2026-08-07;2026-07-31;PORTARIA Nº 111, DE 31 DE JULHO DE 2026;Ministério do Desenvolvimento e Assistência Social, Família e Combate à Fome/Secretaria Nacional de Assistência Social/Departamento da Rede Socioassistencial Privada do Sistema Único de Assistência Social;ASSISTENCIA;44499176000105;S;CONF DE STA IZABEL DA SOC DE S V DE PAULO DE CAFELANDIA;CAFELÂNDIA/SP;RENOVACAO;S;;01/01/2025 a 31/12/2029;148;24;http://pesquisa.in.gov.br/imprensa/jsp/visualiza/index.jsp?data=07/08/2026&jornal=515&pagina=24;DOU_XML;Art. 2º Deferir as renovações de certificação de entidade beneficente de assistência social das seguintes entidades por atenderem os requisitos legais constante [...] 168) CONF DE STA IZABEL DA SOC DE S V DE PAULO DE CAFELANDIA, 44.499.176/0001-05, CAFELÂNDIA/SP, 235874.0629549/2023, de 01/01/2025 a 31/12/2029.
24204978#2;24204978;515_20260807_24204978.xml;2026-08-07;2026-07-31;PORTARIA Nº 111, DE 31 DE JULHO DE 2026;Ministério do Desenvolvimento e Assistência Social, Família e Combate à Fome/Secretaria Nacional de Assistência Social/Departamento da Rede Socioassistencial Privada do Sistema Único de Assistência Social;ASSISTENCIA;17357898000152;S;CONVENÇÃO BATISTA MINEIRA;BELO HORIZONTE/MG;RENOVACAO;S;;31/08/2024 a 30/08/2027;148;24;http://pesquisa.in.gov.br/imprensa/jsp/visualiza/index.jsp?data=07/08/2026&jornal=515&pagina=24;DOU_XML;Art. 2º Deferir as renovações de certificação de entidade beneficente de assistência social das seguintes entidades por atenderem os requisitos legais constante [...] 169) CONVENÇÃO BATISTA MINEIRA, 17.357.898/0001-52, BELO HORIZONTE/MG, 308796.1033252/2024, de 31/08/2024 a 30/08/2027.
24204978#2;24204978;515_20260807_24204978.xml;2026-08-07;2026-07-31;PORTARIA Nº 111, DE 31 DE JULHO DE 2026;Ministério do Desenvolvimento e Assistência Social, Família e Combate à Fome/Secretaria Nacional de Assistência Social/Departamento da Rede Socioassistencial Privada do Sistema Único de Assistência Social;ASSISTENCIA;55688774000149;S;DISPENSÁRIO SANTO ANTÔNIO;RANCHARIA/SP;RENOVACAO;S;;01/01/2025 a 31/12/2029;148;24;http://pesquisa.in.gov.br/imprensa/jsp/visualiza/index.jsp?data=07/08/2026&jornal=515&pagina=24;DOU_XML;Art. 2º Deferir as renovações de certificação de entidade beneficente de assistência social das seguintes entidades por atenderem os requisitos legais constante [...] 170) DISPENSÁRIO SANTO ANTÔNIO, 55.688.774/0001-49, RANCHARIA/SP, 308796.0816275/2024, de 01/01/2025 a 31/12/2029.
24204978#2;24204978;515_20260807_24204978.xml;2026-08-07;2026-07-31;PORTARIA Nº 111, DE 31 DE JULHO DE 2026;Ministério do Desenvolvimento e Assistência Social, Família e Combate à Fome/Secretaria Nacional de Assistência Social/Departamento da Rede Socioassistencial Privada do Sistema Único de Assistência Social;ASSISTENCIA;44480143000113;S;EDUCANDARIO BENTO DE ABREU SAMPAIO VIDAL;MARÍLIA/SP;RENOVACAO;S;;01/01/2025 a 31/12/2029;148;24;http://pesquisa.in.gov.br/imprensa/jsp/visualiza/index.jsp?data=07/08/2026&jornal=515&pagina=24;DOU_XML;Art. 2º Deferir as renovações de certificação de entidade beneficente de assistência social das seguintes entidades por atenderem os requisitos legais constante [...] 171) EDUCANDARIO BENTO DE ABREU SAMPAIO VIDAL, 44.480.143/0001-13, MARÍLIA/SP, 308796.1037368/2024, de 01/01/2025 a 31/12/2029.
24204978#2;24204978;515_20260807_24204978.xml;2026-08-07;2026-07-31;PORTARIA Nº 111, DE 31 DE JULHO DE 2026;Ministério do Desenvolvimento e Assistência Social, Família e Combate à Fome/Secretaria Nacional de Assistência Social/Departamento da Rede Socioassistencial Privada do Sistema Único de Assistência Social;ASSISTENCIA;03689565000116;S;EDUCANDÁRIO DEUS E A NATUREZA;INDAIATUBA/SP;RENOVACAO;S;;01/01/2025 a 31/12/2027;148;24;http://pesquisa.in.gov.br/imprensa/jsp/visualiza/index.jsp?data=07/08/2026&jornal=515&pagina=24;DOU_XML;Art. 2º Deferir as renovações de certificação de entidade beneficente de assistência social das seguintes entidades por atenderem os requisitos legais constante [...] 172) EDUCANDÁRIO DEUS E A NATUREZA, 03.689.565/0001-16, INDAIATUBA/SP, 308796.1113780/2024, de 01/01/2025 a 31/12/2027.
24204978#2;24204978;515_20260807_24204978.xml;2026-08-07;2026-07-31;PORTARIA Nº 111, DE 31 DE JULHO DE 2026;Ministério do Desenvolvimento e Assistência Social, Família e Combate à Fome/Secretaria Nacional de Assistência Social/Departamento da Rede Socioassistencial Privada do Sistema Único de Assistência Social;ASSISTENCIA;07783192000107;S;FUNDAÇÃO EDMILSON JOSÉ GOMES DE MORAES;TAQUARITINGA/SP;RENOVACAO;S;;28/09/2024 a 27/09/2027;148;24;http://pesquisa.in.gov.br/imprensa/jsp/visualiza/index.jsp?data=07/08/2026&jornal=515&pagina=24;DOU_XML;Art. 2º Deferir as renovações de certificação de entidade beneficente de assistência social das seguintes entidades por atenderem os requisitos legais constante [...] 173) FUNDAÇÃO EDMILSON JOSÉ GOMES DE MORAES, 07.783.192/0001-07, TAQUARITINGA/SP, 308796.1022937/2024, de 28/09/2024 a 27/09/2027.
24204978#2;24204978;515_20260807_24204978.xml;2026-08-07;2026-07-31;PORTARIA Nº 111, DE 31 DE JULHO DE 2026;Ministério do Desenvolvimento e Assistência Social, Família e Combate à Fome/Secretaria Nacional de Assistência Social/Departamento da Rede Socioassistencial Privada do Sistema Único de Assistência Social;ASSISTENCIA;45298122000144;S;FUNDAÇÃO HEYDENREICH;TABOÃO DA SERRA/SP;RENOVACAO;S;;01/01/2025 a 31/12/2027;148;24;http://pesquisa.in.gov.br/imprensa/jsp/visualiza/index.jsp?data=07/08/2026&jornal=515&pagina=24;DOU_XML;Art. 2º Deferir as renovações de certificação de entidade beneficente de assistência social das seguintes entidades por atenderem os requisitos legais constante [...] 174) FUNDAÇÃO HEYDENREICH, 45.298.122/0001-44, TABOÃO DA SERRA/SP, 308796.1028504/2024, de 01/01/2025 a 31/12/2027.
24204978#2;24204978;515_20260807_24204978.xml;2026-08-07;2026-07-31;PORTARIA Nº 111, DE 31 DE JULHO DE 2026;Ministério do Desenvolvimento e Assistência Social, Família e Combate à Fome/Secretaria Nacional de Assistência Social/Departamento da Rede Socioassistencial Privada do Sistema Único de Assistência Social;ASSISTENCIA;04358174000181;S;FUNDAÇÃO LUTERANA DE DIACONIA;PORTO ALEGRE/RS;RENOVACAO;S;;28/04/2024 a 27/04/2027;148;24;http://pesquisa.in.gov.br/imprensa/jsp/visualiza/index.jsp?data=07/08/2026&jornal=515&pagina=24;DOU_XML;Art. 2º Deferir as renovações de certificação de entidade beneficente de assistência social das seguintes entidades por atenderem os requisitos legais constante [...] 175) FUNDAÇÃO LUTERANA DE DIACONIA, 04.358.174/0001-81, PORTO ALEGRE/RS, 308796.0930302/2024, de 28/04/2024 a 27/04/2027.
24204978#2;24204978;515_20260807_24204978.xml;2026-08-07;2026-07-31;PORTARIA Nº 111, DE 31 DE JULHO DE 2026;Ministério do Desenvolvimento e Assistência Social, Família e Combate à Fome/Secretaria Nacional de Assistência Social/Departamento da Rede Socioassistencial Privada do Sistema Único de Assistência Social;ASSISTENCIA;10733963000158;S;INAV - INSTITUTO DA AUDIOVISÃO;CAXIAS DO SUL/RS;RENOVACAO;S;;01/01/2025 a 31/12/2027;148;24;http://pesquisa.in.gov.br/imprensa/jsp/visualiza/index.jsp?data=07/08/2026&jornal=515&pagina=24;DOU_XML;Art. 2º Deferir as renovações de certificação de entidade beneficente de assistência social das seguintes entidades por atenderem os requisitos legais constante [...] 176) INAV - INSTITUTO DA AUDIOVISÃO, 10.733.963/0001-58, CAXIAS DO SUL/RS, 308796.1151000/2024, de 01/01/2025 a 31/12/2027.
24204978#2;24204978;515_20260807_24204978.xml;2026-08-07;2026-07-31;PORTARIA Nº 111, DE 31 DE JULHO DE 2026;Ministério do Desenvolvimento e Assistência Social, Família e Combate à Fome/Secretaria Nacional de Assistência Social/Departamento da Rede Socioassistencial Privada do Sistema Único de Assistência Social;ASSISTENCIA;74333808000127;S;INSTITUIÇÃO ASSISTENCIAL CASA DO CAMINHO ANANIAS;SANTO ANDRÉ/SP;RENOVACAO;S;;01/01/2025 a 31/12/2027;148;24;http://pesquisa.in.gov.br/imprensa/jsp/visualiza/index.jsp?data=07/08/2026&jornal=515&pagina=24;DOU_XML;Art. 2º Deferir as renovações de certificação de entidade beneficente de assistência social das seguintes entidades por atenderem os requisitos legais constante [...] 177) INSTITUIÇÃO ASSISTENCIAL CASA DO CAMINHO ANANIAS, 74.333.808/0001-27, SANTO ANDRÉ/SP, 308796.1131733/2024, de 01/01/2025 a 31/12/2027.
24204978#2;24204978;515_20260807_24204978.xml;2026-08-07;2026-07-31;PORTARIA Nº 111, DE 31 DE JULHO DE 2026;Ministério do Desenvolvimento e Assistência Social, Família e Combate à Fome/Secretaria Nacional de Assistência Social/Departamento da Rede Socioassistencial Privada do Sistema Único de Assistência Social;ASSISTENCIA;57570749000191;S;INSTITUIÇÃO ASSISTENCIAL NOSSO LAR;SANTO ANDRÉ/SP;RENOVACAO;S;;01/04/2024 a 31/03/2027;148;24;http://pesquisa.in.gov.br/imprensa/jsp/visualiza/index.jsp?data=07/08/2026&jornal=515&pagina=24;DOU_XML;Art. 2º Deferir as renovações de certificação de entidade beneficente de assistência social das seguintes entidades por atenderem os requisitos legais constante [...] 178) INSTITUIÇÃO ASSISTENCIAL NOSSO LAR, 57.570.749/0001-91, SANTO ANDRÉ/SP, 308796.0872042/2024, de 01/04/2024 a 31/03/2027.
24204978#2;24204978;515_20260807_24204978.xml;2026-08-07;2026-07-31;PORTARIA Nº 111, DE 31 DE JULHO DE 2026;Ministério do Desenvolvimento e Assistência Social, Família e Combate à Fome/Secretaria Nacional de Assistência Social/Departamento da Rede Socioassistencial Privada do Sistema Único de Assistência Social;ASSISTENCIA;29758794000139;S;INSTITUIÇÃO DAS OBRAS SOCIAIS MADRE ROSELLI;NOVA FRIBURGO/RJ;RENOVACAO;S;;01/01/2025 a 31/12/2029;148;24;http://pesquisa.in.gov.br/imprensa/jsp/visualiza/index.jsp?data=07/08/2026&jornal=515&pagina=24;DOU_XML;Art. 2º Deferir as renovações de certificação de entidade beneficente de assistência social das seguintes entidades por atenderem os requisitos legais constante [...] 179) INSTITUIÇÃO DAS OBRAS SOCIAIS MADRE ROSELLI, 29.758.794/0001-39, NOVA FRIBURGO/RJ, 308796.1038318/2024, de 01/01/2025 a 31/12/2029.
24204978#2;24204978;515_20260807_24204978.xml;2026-08-07;2026-07-31;PORTARIA Nº 111, DE 31 DE JULHO DE 2026;Ministério do Desenvolvimento e Assistência Social, Família e Combate à Fome/Secretaria Nacional de Assistência Social/Departamento da Rede Socioassistencial Privada do Sistema Único de Assistência Social;ASSISTENCIA;45308178000132;S;INSTITUIÇÃO ESPIRITA NOSSO LAR;FRANCA/SP;RENOVACAO;S;;01/01/2025 a 31/12/2027;148;24;http://pesquisa.in.gov.br/imprensa/jsp/visualiza/index.jsp?data=07/08/2026&jornal=515&pagina=24;DOU_XML;Art. 2º Deferir as renovações de certificação de entidade beneficente de assistência social das seguintes entidades por atenderem os requisitos legais constante [...] 180) INSTITUIÇÃO ESPIRITA NOSSO LAR, 45.308.178/0001-32, FRANCA/SP, 308796.1163330/2024, de 01/01/2025 a 31/12/2027.
24204978#2;24204978;515_20260807_24204978.xml;2026-08-07;2026-07-31;PORTARIA Nº 111, DE 31 DE JULHO DE 2026;Ministério do Desenvolvimento e Assistência Social, Família e Combate à Fome/Secretaria Nacional de Assistência Social/Departamento da Rede Socioassistencial Privada do Sistema Único de Assistência Social;ASSISTENCIA;08885225000184;S;INSTITUTO BEM VIVER;SÃO JOSÉ/SC;RENOVACAO;S;;01/04/2024 a 31/03/2027;148;24;http://pesquisa.in.gov.br/imprensa/jsp/visualiza/index.jsp?data=07/08/2026&jornal=515&pagina=24;DOU_XML;Art. 2º Deferir as renovações de certificação de entidade beneficente de assistência social das seguintes entidades por atenderem os requisitos legais constante [...] 181) INSTITUTO BEM VIVER, 08.885.225/0001-84, SÃO JOSÉ/SC, 235874.0170908/2021, de 01/04/2024 a 31/03/2027.
24204978#2;24204978;515_20260807_24204978.xml;2026-08-07;2026-07-31;PORTARIA Nº 111, DE 31 DE JULHO DE 2026;Ministério do Desenvolvimento e Assistência Social, Família e Combate à Fome/Secretaria Nacional de Assistência Social/Departamento da Rede Socioassistencial Privada do Sistema Único de Assistência Social;ASSISTENCIA;03733967000170;S;INSTITUTO DE DESENVOLVIMENTO EVANGÉLICO - IDE;CAMPO GRANDE/MS;RENOVACAO;S;;01/01/2025 a 31/12/2029;148;24;http://pesquisa.in.gov.br/imprensa/jsp/visualiza/index.jsp?data=07/08/2026&jornal=515&pagina=24;DOU_XML;Art. 2º Deferir as renovações de certificação de entidade beneficente de assistência social das seguintes entidades por atenderem os requisitos legais constante [...] 182) INSTITUTO DE DESENVOLVIMENTO EVANGÉLICO - IDE, 03.733.967/0001-70, CAMPO GRANDE/MS, 308796.0731182/2023, de 01/01/2025 a 31/12/2029.
24204978#2;24204978;515_20260807_24204978.xml;2026-08-07;2026-07-31;PORTARIA Nº 111, DE 31 DE JULHO DE 2026;Ministério do Desenvolvimento e Assistência Social, Família e Combate à Fome/Secretaria Nacional de Assistência Social/Departamento da Rede Socioassistencial Privada do Sistema Único de Assistência Social;ASSISTENCIA;07344191000158;S;INSTITUTO DE DESENVOLVIMENTO HUMANO, SOCIAL E CULTURAL GERAÇÃO DA HORA;RIO DE JANEIRO/RJ;RENOVACAO;S;;29/09/2024 a 28/09/2027;148;24;http://pesquisa.in.gov.br/imprensa/jsp/visualiza/index.jsp?data=07/08/2026&jornal=515&pagina=24;DOU_XML;Art. 2º Deferir as renovações de certificação de entidade beneficente de assistência social das seguintes entidades por atenderem os requisitos legais constante [...] 183) INSTITUTO DE DESENVOLVIMENTO HUMANO, SOCIAL E CULTURAL GERAÇÃO DA HORA, 07.344.191/0001-58, RIO DE JANEIRO/RJ, 308796.1103566/2024, de 29/09/2024 a 28/09/2027.
24204978#2;24204978;515_20260807_24204978.xml;2026-08-07;2026-07-31;PORTARIA Nº 111, DE 31 DE JULHO DE 2026;Ministério do Desenvolvimento e Assistência Social, Família e Combate à Fome/Secretaria Nacional de Assistência Social/Departamento da Rede Socioassistencial Privada do Sistema Único de Assistência Social;ASSISTENCIA;80562176000176;S;INSTITUTO DE HABILITACAO ORIENTACAO EXCEPCIONAL PARANA;CURITIBA/PR;RENOVACAO;S;;01/01/2025 a 31/12/2027;148;24;http://pesquisa.in.gov.br/imprensa/jsp/visualiza/index.jsp?data=07/08/2026&jornal=515&pagina=24;DOU_XML;Art. 2º Deferir as renovações de certificação de entidade beneficente de assistência social das seguintes entidades por atenderem os requisitos legais constante [...] 184) INSTITUTO DE HABILITACAO ORIENTACAO EXCEPCIONAL PARANA, 80.562.176/0001-76, CURITIBA/PR, 308796.1115507/2024, de 01/01/2025 a 31/12/2027.
24204978#2;24204978;515_20260807_24204978.xml;2026-08-07;2026-07-31;PORTARIA Nº 111, DE 31 DE JULHO DE 2026;Ministério do Desenvolvimento e Assistência Social, Família e Combate à Fome/Secretaria Nacional de Assistência Social/Departamento da Rede Socioassistencial Privada do Sistema Único de Assistência Social;ASSISTENCIA;22295638000130;S;INSTITUTO DOS MISSIONARIOS SACRAMENTINOS DE NOSSA SENHORA;MANHUMIRIM/MG;RENOVACAO;S;;01/01/2025 a 31/12/2027;148;24;http://pesquisa.in.gov.br/imprensa/jsp/visualiza/index.jsp?data=07/08/2026&jornal=515&pagina=24;DOU_XML;Art. 2º Deferir as renovações de certificação de entidade beneficente de assistência social das seguintes entidades por atenderem os requisitos legais constante [...] 185) INSTITUTO DOS MISSIONARIOS SACRAMENTINOS DE NOSSA SENHORA, 22.295.638/0001-30, MANHUMIRIM/MG, 308796.1150341/2024, de 01/01/2025 a 31/12/2027.
24204978#2;24204978;515_20260807_24204978.xml;2026-08-07;2026-07-31;PORTARIA Nº 111, DE 31 DE JULHO DE 2026;Ministério do Desenvolvimento e Assistência Social, Família e Combate à Fome/Secretaria Nacional de Assistência Social/Departamento da Rede Socioassistencial Privada do Sistema Único de Assistência Social;ASSISTENCIA;76623867000165;S;INSTITUTO PARANAENSE DE CEGOS;CURITIBA/PR;RENOVACAO;S;;01/01/2025 a 31/12/2027;148;24;http://pesquisa.in.gov.br/imprensa/jsp/visualiza/index.jsp?data=07/08/2026&jornal=515&pagina=24;DOU_XML;Art. 2º Deferir as renovações de certificação de entidade beneficente de assistência social das seguintes entidades por atenderem os requisitos legais constante [...] 186) INSTITUTO PARANAENSE DE CEGOS, 76.623.867/0001-65, CURITIBA/PR, 308796.1033021/2024, de 01/01/2025 a 31/12/2027.
24204978#2;24204978;515_20260807_24204978.xml;2026-08-07;2026-07-31;PORTARIA Nº 111, DE 31 DE JULHO DE 2026;Ministério do Desenvolvimento e Assistência Social, Família e Combate à Fome/Secretaria Nacional de Assistência Social/Departamento da Rede Socioassistencial Privada do Sistema Único de Assistência Social;ASSISTENCIA;08139806000177;S;INSTITUTO SOLIDARE;RECIFE/PE;RENOVACAO;S;;29/05/2024 a 28/05/2027;148;24;http://pesquisa.in.gov.br/imprensa/jsp/visualiza/index.jsp?data=07/08/2026&jornal=515&pagina=24;DOU_XML;Art. 2º Deferir as renovações de certificação de entidade beneficente de assistência social das seguintes entidades por atenderem os requisitos legais constante [...] 187) INSTITUTO SOLIDARE, 08.139.806/0001-77, RECIFE/PE, 308796.0913495/2024, de 29/05/2024 a 28/05/2027.
24204978#2;24204978;515_20260807_24204978.xml;2026-08-07;2026-07-31;PORTARIA Nº 111, DE 31 DE JULHO DE 2026;Ministério do Desenvolvimento e Assistência Social, Família e Combate à Fome/Secretaria Nacional de Assistência Social/Departamento da Rede Socioassistencial Privada do Sistema Único de Assistência Social;ASSISTENCIA;72293392000135;S;IRMANDADE DE MISERICÓRDIA DE TAUBATÉ;TAUBATÉ/SP;RENOVACAO;S;;01/01/2025 a 31/12/2027;148;24;http://pesquisa.in.gov.br/imprensa/jsp/visualiza/index.jsp?data=07/08/2026&jornal=515&pagina=24;DOU_XML;Art. 2º Deferir as renovações de certificação de entidade beneficente de assistência social das seguintes entidades por atenderem os requisitos legais constante [...] 188) IRMANDADE DE MISERICÓRDIA DE TAUBATÉ, 72.293.392/0001-35, TAUBATÉ/SP, 235874.0023555/2020, de 01/01/2025 a 31/12/2027.
24204978#2;24204978;515_20260807_24204978.xml;2026-08-07;2026-07-31;PORTARIA Nº 111, DE 31 DE JULHO DE 2026;Ministério do Desenvolvimento e Assistência Social, Família e Combate à Fome/Secretaria Nacional de Assistência Social/Departamento da Rede Socioassistencial Privada do Sistema Único de Assistência Social;ASSISTENCIA;01284707000130;S;KINDER CENTRO DE INTEGRAÇÃO DA CRIANÇA ESPECIAL;PORTO ALEGRE/RS;RENOVACAO;S;;01/01/2024 a 31/12/2026;148;24;http://pesquisa.in.gov.br/imprensa/jsp/visualiza/index.jsp?data=07/08/2026&jornal=515&pagina=24;DOU_XML;Art. 2º Deferir as renovações de certificação de entidade beneficente de assistência social das seguintes entidades por atenderem os requisitos legais constante [...] 189) KINDER CENTRO DE INTEGRAÇÃO DA CRIANÇA ESPECIAL, 01.284.707/0001-30, PORTO ALEGRE/RS, 235874.0636901/2023, de 01/01/2024 a 31/12/2026.
24204978#2;24204978;515_20260807_24204978.xml;2026-08-07;2026-07-31;PORTARIA Nº 111, DE 31 DE JULHO DE 2026;Ministério do Desenvolvimento e Assistência Social, Família e Combate à Fome/Secretaria Nacional de Assistência Social/Departamento da Rede Socioassistencial Privada do Sistema Único de Assistência Social;ASSISTENCIA;06310430000196;S;LAR BENEFICENTE VIVER BEM;VOTUPORANGA/SP;RENOVACAO;S;;01/01/2025 a 31/12/2029;148;24;http://pesquisa.in.gov.br/imprensa/jsp/visualiza/index.jsp?data=07/08/2026&jornal=515&pagina=24;DOU_XML;Art. 2º Deferir as renovações de certificação de entidade beneficente de assistência social das seguintes entidades por atenderem os requisitos legais constante [...] 190) LAR BENEFICENTE VIVER BEM, 06.310.430/0001-96, VOTUPORANGA/SP, 308796.1159179/2024, de 01/01/2025 a 31/12/2029.
24204978#2;24204978;515_20260807_24204978.xml;2026-08-07;2026-07-31;PORTARIA Nº 111, DE 31 DE JULHO DE 2026;Ministério do Desenvolvimento e Assistência Social, Família e Combate à Fome/Secretaria Nacional de Assistência Social/Departamento da Rede Socioassistencial Privada do Sistema Único de Assistência Social;ASSISTENCIA;54231691000163;S;LAR DA TERCEIRA IDADE DA ASSISTÊNCIA VICENTINA;ESPÍRITO SANTO DO PINHAL/SP;RENOVACAO;S;;17/12/2024 a 16/12/2027;148;24;http://pesquisa.in.gov.br/imprensa/jsp/visualiza/index.jsp?data=07/08/2026&jornal=515&pagina=24;DOU_XML;Art. 2º Deferir as renovações de certificação de entidade beneficente de assistência social das seguintes entidades por atenderem os requisitos legais constante [...] 191) LAR DA TERCEIRA IDADE DA ASSISTÊNCIA VICENTINA, 54.231.691/0001-63, ESPÍRITO SANTO DO PINHAL/SP, 308796.1158682/2024, de 17/12/2024 a 16/12/2027.
24204978#2;24204978;515_20260807_24204978.xml;2026-08-07;2026-07-31;PORTARIA Nº 111, DE 31 DE JULHO DE 2026;Ministério do Desenvolvimento e Assistência Social, Família e Combate à Fome/Secretaria Nacional de Assistência Social/Departamento da Rede Socioassistencial Privada do Sistema Único de Assistência Social;ASSISTENCIA;02873006000107;S;LAR DE IDOSOS EURÍPEDES BARSANULFO;FRANCA/SP;RENOVACAO;S;;01/01/2025 a 31/12/2027;148;24;http://pesquisa.in.gov.br/imprensa/jsp/visualiza/index.jsp?data=07/08/2026&jornal=515&pagina=24;DOU_XML;Art. 2º Deferir as renovações de certificação de entidade beneficente de assistência social das seguintes entidades por atenderem os requisitos legais constante [...] 192) LAR DE IDOSOS EURÍPEDES BARSANULFO, 02.873.006/0001-07, FRANCA/SP, 308796.1165252/2024, de 01/01/2025 a 31/12/2027.
24204978#2;24204978;515_20260807_24204978.xml;2026-08-07;2026-07-31;PORTARIA Nº 111, DE 31 DE JULHO DE 2026;Ministério do Desenvolvimento e Assistência Social, Família e Combate à Fome/Secretaria Nacional de Assistência Social/Departamento da Rede Socioassistencial Privada do Sistema Único de Assistência Social;ASSISTENCIA;75189498000181;S;LAR DE IDOSOS SÃO VICENTE DE PAULO;LAPA/PR;RENOVACAO;S;;01/01/2025 a 31/12/2027;148;24;http://pesquisa.in.gov.br/imprensa/jsp/visualiza/index.jsp?data=07/08/2026&jornal=515&pagina=24;DOU_XML;Art. 2º Deferir as renovações de certificação de entidade beneficente de assistência social das seguintes entidades por atenderem os requisitos legais constante [...] 193) LAR DE IDOSOS SÃO VICENTE DE PAULO, 75.189.498/0001-81, LAPA/PR, 308796.1150410/2024, de 01/01/2025 a 31/12/2027.
24204978#2;24204978;515_20260807_24204978.xml;2026-08-07;2026-07-31;PORTARIA Nº 111, DE 31 DE JULHO DE 2026;Ministério do Desenvolvimento e Assistência Social, Família e Combate à Fome/Secretaria Nacional de Assistência Social/Departamento da Rede Socioassistencial Privada do Sistema Único de Assistência Social;ASSISTENCIA;18314518000165;S;LAR DO IDOSO MARIA AUGUSTA TEIXEIRA;CAETANÓPOLIS/MG;RENOVACAO;S;;01/01/2025 a 31/12/2029;148;24;http://pesquisa.in.gov.br/imprensa/jsp/visualiza/index.jsp?data=07/08/2026&jornal=515&pagina=24;DOU_XML;Art. 2º Deferir as renovações de certificação de entidade beneficente de assistência social das seguintes entidades por atenderem os requisitos legais constante [...] 194) LAR DO IDOSO MARIA AUGUSTA TEIXEIRA, 18.314.518/0001-65, CAETANÓPOLIS/MG, 308796.1091177/2024, de 01/01/2025 a 31/12/2029.
24204978#2;24204978;515_20260807_24204978.xml;2026-08-07;2026-07-31;PORTARIA Nº 111, DE 31 DE JULHO DE 2026;Ministério do Desenvolvimento e Assistência Social, Família e Combate à Fome/Secretaria Nacional de Assistência Social/Departamento da Rede Socioassistencial Privada do Sistema Único de Assistência Social;ASSISTENCIA;22052849000141;S;LAR DOS IDOSOS SÃO VICENTE DE PAULO DE CARLOS CHAGAS/MG DA SSVP;CARLOS CHAGAS/MG;RENOVACAO;S;;01/01/2025 a 31/12/2029;148;24;http://pesquisa.in.gov.br/imprensa/jsp/visualiza/index.jsp?data=07/08/2026&jornal=515&pagina=24;DOU_XML;Art. 2º Deferir as renovações de certificação de entidade beneficente de assistência social das seguintes entidades por atenderem os requisitos legais constante [...] 195) LAR DOS IDOSOS SÃO VICENTE DE PAULO DE CARLOS CHAGAS/MG DA SSVP, 22.052.849/0001-41, CARLOS CHAGAS/MG, 308796.1165096/2024, de 01/01/2025 a 31/12/2029.
24204978#2;24204978;515_20260807_24204978.xml;2026-08-07;2026-07-31;PORTARIA Nº 111, DE 31 DE JULHO DE 2026;Ministério do Desenvolvimento e Assistência Social, Família e Combate à Fome/Secretaria Nacional de Assistência Social/Departamento da Rede Socioassistencial Privada do Sistema Único de Assistência Social;ASSISTENCIA;78251816000185;S;LAR DOS IDOSOS SAO VICENTE DE PAULO DE PRUDENTOPOLIS;PRUDENTÓPOLIS/PR;RENOVACAO;S;;01/01/2025 a 31/12/2027;148;24;http://pesquisa.in.gov.br/imprensa/jsp/visualiza/index.jsp?data=07/08/2026&jornal=515&pagina=24;DOU_XML;Art. 2º Deferir as renovações de certificação de entidade beneficente de assistência social das seguintes entidades por atenderem os requisitos legais constante [...] 196) LAR DOS IDOSOS SAO VICENTE DE PAULO DE PRUDENTOPOLIS, 78.251.816/0001-85, PRUDENTÓPOLIS/PR, 308796.1073420/2024, de 01/01/2025 a 31/12/2027.
24204978#2;24204978;515_20260807_24204978.xml;2026-08-07;2026-07-31;PORTARIA Nº 111, DE 31 DE JULHO DE 2026;Ministério do Desenvolvimento e Assistência Social, Família e Combate à Fome/Secretaria Nacional de Assistência Social/Departamento da Rede Socioassistencial Privada do Sistema Único de Assistência Social;ASSISTENCIA;78193083000170;S;LAR DOS VELHINHOS SAO JOAO BATISTA;MOREIRA SALES/PR;RENOVACAO;S;;01/01/2025 a 31/12/2029;148;24;http://pesquisa.in.gov.br/imprensa/jsp/visualiza/index.jsp?data=07/08/2026&jornal=515&pagina=24;DOU_XML;Art. 2º Deferir as renovações de certificação de entidade beneficente de assistência social das seguintes entidades por atenderem os requisitos legais constante [...] 197) LAR DOS VELHINHOS SAO JOAO BATISTA, 78.193.083/0001-70, MOREIRA SALES/PR, 308796.0924669/2024, de 01/01/2025 a 31/12/2029.
24204978#2;24204978;515_20260807_24204978.xml;2026-08-07;2026-07-31;PORTARIA Nº 111, DE 31 DE JULHO DE 2026;Ministério do Desenvolvimento e Assistência Social, Família e Combate à Fome/Secretaria Nacional de Assistência Social/Departamento da Rede Socioassistencial Privada do Sistema Único de Assistência Social;ASSISTENCIA;45160801000152;S;LAR SÃO VICENTE DE PAULO;CARDOSO/SP;RENOVACAO;S;;01/01/2025 a 31/12/2029;148;24;http://pesquisa.in.gov.br/imprensa/jsp/visualiza/index.jsp?data=07/08/2026&jornal=515&pagina=24;DOU_XML;Art. 2º Deferir as renovações de certificação de entidade beneficente de assistência social das seguintes entidades por atenderem os requisitos legais constante [...] 198) LAR SÃO VICENTE DE PAULO, 45.160.801/0001-52, CARDOSO/SP, 308796.1164532/2024, de 01/01/2025 a 31/12/2029.
24204978#2;24204978;515_20260807_24204978.xml;2026-08-07;2026-07-31;PORTARIA Nº 111, DE 31 DE JULHO DE 2026;Ministério do Desenvolvimento e Assistência Social, Família e Combate à Fome/Secretaria Nacional de Assistência Social/Departamento da Rede Socioassistencial Privada do Sistema Único de Assistência Social;ASSISTENCIA;60728250000174;S;LAR SÃO VICENTE DE PAULO DE IRACEMÁPOLIS - OBRA UNIDA À SOCIEDADE DE SÃO VICENTE DE PAULO;IRACEMÁPOLIS/SP;RENOVACAO;S;;01/01/2025 a 31/12/2027;148;24;http://pesquisa.in.gov.br/imprensa/jsp/visualiza/index.jsp?data=07/08/2026&jornal=515&pagina=24;DOU_XML;Art. 2º Deferir as renovações de certificação de entidade beneficente de assistência social das seguintes entidades por atenderem os requisitos legais constante [...] 199) LAR SÃO VICENTE DE PAULO DE IRACEMÁPOLIS - OBRA UNIDA À SOCIEDADE DE SÃO VICENTE DE PAULO, 60.728.250/0001-74, IRACEMÁPOLIS/SP, 308796.1143480/2024, de 01/01/2025 a 31/12/2027.
24204978#2;24204978;515_20260807_24204978.xml;2026-08-07;2026-07-31;PORTARIA Nº 111, DE 31 DE JULHO DE 2026;Ministério do Desenvolvimento e Assistência Social, Família e Combate à Fome/Secretaria Nacional de Assistência Social/Departamento da Rede Socioassistencial Privada do Sistema Único de Assistência Social;ASSISTENCIA;45126679000106;S;LAR SÃO VICENTE DE PAULO DE ITAJOBI;ITAJOBI/SP;RENOVACAO;S;;01/01/2025 a 31/12/2029;148;24;http://pesquisa.in.gov.br/imprensa/jsp/visualiza/index.jsp?data=07/08/2026&jornal=515&pagina=24;DOU_XML;Art. 2º Deferir as renovações de certificação de entidade beneficente de assistência social das seguintes entidades por atenderem os requisitos legais constante [...] 200) LAR SÃO VICENTE DE PAULO DE ITAJOBI, 45.126.679/0001-06, ITAJOBI/SP, 308796.1146837/2024, de 01/01/2025 a 31/12/2029.
24204978#2;24204978;515_20260807_24204978.xml;2026-08-07;2026-07-31;PORTARIA Nº 111, DE 31 DE JULHO DE 2026;Ministério do Desenvolvimento e Assistência Social, Família e Combate à Fome/Secretaria Nacional de Assistência Social/Departamento da Rede Socioassistencial Privada do Sistema Único de Assistência Social;ASSISTENCIA;72962202000125;S;LAR SÃO VICENTE DE PAULO DE VOTUPORANGA;VOTUPORANGA/SP;RENOVACAO;S;;01/01/2025 a 31/12/2027;148;24;http://pesquisa.in.gov.br/imprensa/jsp/visualiza/index.jsp?data=07/08/2026&jornal=515&pagina=24;DOU_XML;Art. 2º Deferir as renovações de certificação de entidade beneficente de assistência social das seguintes entidades por atenderem os requisitos legais constante [...] 201) LAR SÃO VICENTE DE PAULO DE VOTUPORANGA, 72.962.202/0001-25, VOTUPORANGA/SP, 308796.1162315/2024, de 01/01/2025 a 31/12/2027.
24204978#2;24204978;515_20260807_24204978.xml;2026-08-07;2026-07-31;PORTARIA Nº 111, DE 31 DE JULHO DE 2026;Ministério do Desenvolvimento e Assistência Social, Família e Combate à Fome/Secretaria Nacional de Assistência Social/Departamento da Rede Socioassistencial Privada do Sistema Único de Assistência Social;ASSISTENCIA;30417869000105;S;OBRA DO SALVADOR;CAMPOS DOS GOYTACAZES/RJ;RENOVACAO;S;;10/11/2025 a 09/11/2028;148;24;http://pesquisa.in.gov.br/imprensa/jsp/visualiza/index.jsp?data=07/08/2026&jornal=515&pagina=24;DOU_XML;Art. 2º Deferir as renovações de certificação de entidade beneficente de assistência social das seguintes entidades por atenderem os requisitos legais constante [...] 202) OBRA DO SALVADOR, 30.417.869/0001-05, CAMPOS DOS GOYTACAZES/RJ, 308796.1149883/2024, de 10/11/2025 a 09/11/2028.
24204978#2;24204978;515_20260807_24204978.xml;2026-08-07;2026-07-31;PORTARIA Nº 111, DE 31 DE JULHO DE 2026;Ministério do Desenvolvimento e Assistência Social, Família e Combate à Fome/Secretaria Nacional de Assistência Social/Departamento da Rede Socioassistencial Privada do Sistema Único de Assistência Social;ASSISTENCIA;00627927000156;S;OBRAS ASSISTENCIAIS BEZERRA DE MENEZES;BRASÍLIA/DF;RENOVACAO;S;;21/12/2024 a 20/12/2027;148;24;http://pesquisa.in.gov.br/imprensa/jsp/visualiza/index.jsp?data=07/08/2026&jornal=515&pagina=24;DOU_XML;Art. 2º Deferir as renovações de certificação de entidade beneficente de assistência social das seguintes entidades por atenderem os requisitos legais constante [...] 203) OBRAS ASSISTENCIAIS BEZERRA DE MENEZES, 00.627.927/0001-56, BRASÍLIA/DF, 308796.1170271/2024, de 21/12/2024 a 20/12/2027.
24204978#2;24204978;515_20260807_24204978.xml;2026-08-07;2026-07-31;PORTARIA Nº 111, DE 31 DE JULHO DE 2026;Ministério do Desenvolvimento e Assistência Social, Família e Combate à Fome/Secretaria Nacional de Assistência Social/Departamento da Rede Socioassistencial Privada do Sistema Único de Assistência Social;ASSISTENCIA;53970836000185;S;PARQUE FREDERICO OZANAN DE PEREIRA BARRETO;PEREIRA BARRETO/SP;RENOVACAO;S;;01/01/2025 a 31/12/2029;148;24;http://pesquisa.in.gov.br/imprensa/jsp/visualiza/index.jsp?data=07/08/2026&jornal=515&pagina=24;DOU_XML;Art. 2º Deferir as renovações de certificação de entidade beneficente de assistência social das seguintes entidades por atenderem os requisitos legais constante [...] 204) PARQUE FREDERICO OZANAN DE PEREIRA BARRETO, 53.970.836/0001-85, PEREIRA BARRETO/SP, 308796.1148265/2024, de 01/01/2025 a 31/12/2029.
24204978#2;24204978;515_20260807_24204978.xml;2026-08-07;2026-07-31;PORTARIA Nº 111, DE 31 DE JULHO DE 2026;Ministério do Desenvolvimento e Assistência Social, Família e Combate à Fome/Secretaria Nacional de Assistência Social/Departamento da Rede Socioassistencial Privada do Sistema Único de Assistência Social;ASSISTENCIA;88545199000184;S;PATRONATO AGRICOLA SANTA ROSA CENTRO DA ESPERANÇA E CIDADANIA;SANTA ROSA/RS;RENOVACAO;S;;01/01/2025 a 31/12/2029;148;24;http://pesquisa.in.gov.br/imprensa/jsp/visualiza/index.jsp?data=07/08/2026&jornal=515&pagina=24;DOU_XML;Art. 2º Deferir as renovações de certificação de entidade beneficente de assistência social das seguintes entidades por atenderem os requisitos legais constante [...] 205) PATRONATO AGRICOLA SANTA ROSA CENTRO DA ESPERANÇA E CIDADANIA, 88.545.199/0001-84, SANTA ROSA/RS, 308796.0961177/2024, de 01/01/2025 a 31/12/2029.
24204978#2;24204978;515_20260807_24204978.xml;2026-08-07;2026-07-31;PORTARIA Nº 111, DE 31 DE JULHO DE 2026;Ministério do Desenvolvimento e Assistência Social, Família e Combate à Fome/Secretaria Nacional de Assistência Social/Departamento da Rede Socioassistencial Privada do Sistema Único de Assistência Social;ASSISTENCIA;08278469000107;S;PROJETO ESPERANÇA;ARACAJU/SE;RENOVACAO;S;;01/01/2025 a 31/12/2029;148;24;http://pesquisa.in.gov.br/imprensa/jsp/visualiza/index.jsp?data=07/08/2026&jornal=515&pagina=24;DOU_XML;Art. 2º Deferir as renovações de certificação de entidade beneficente de assistência social das seguintes entidades por atenderem os requisitos legais constante [...] 206) PROJETO ESPERANÇA, 08.278.469/0001-07, ARACAJU/SE, 308796.1155542/2024, de 01/01/2025 a 31/12/2029.
24204978#2;24204978;515_20260807_24204978.xml;2026-08-07;2026-07-31;PORTARIA Nº 111, DE 31 DE JULHO DE 2026;Ministério do Desenvolvimento e Assistência Social, Família e Combate à Fome/Secretaria Nacional de Assistência Social/Departamento da Rede Socioassistencial Privada do Sistema Único de Assistência Social;ASSISTENCIA;80892474000124;S;PROMEC-ROTECAO AO MENOR CARENTE DE SARANDI;SARANDI/PR;RENOVACAO;S;;01/01/2025 a 31/12/2027;148;24;http://pesquisa.in.gov.br/imprensa/jsp/visualiza/index.jsp?data=07/08/2026&jornal=515&pagina=24;DOU_XML;Art. 2º Deferir as renovações de certificação de entidade beneficente de assistência social das seguintes entidades por atenderem os requisitos legais constante [...] 207) PROMEC-ROTECAO AO MENOR CARENTE DE SARANDI, 80.892.474/0001-24, SARANDI/PR, 308796.1040870/2024, de 01/01/2025 a 31/12/2027.
24204978#2;24204978;515_20260807_24204978.xml;2026-08-07;2026-07-31;PORTARIA Nº 111, DE 31 DE JULHO DE 2026;Ministério do Desenvolvimento e Assistência Social, Família e Combate à Fome/Secretaria Nacional de Assistência Social/Departamento da Rede Socioassistencial Privada do Sistema Único de Assistência Social;ASSISTENCIA;96506720000100;S;REDE RIO-CLARENSE CARMEM PRUDENTE-CLUBE DO SIRI;RIO CLARO/SP;RENOVACAO;S;;07/06/2025 a 06/06/2028;148;24;http://pesquisa.in.gov.br/imprensa/jsp/visualiza/index.jsp?data=07/08/2026&jornal=515&pagina=24;DOU_XML;Art. 2º Deferir as renovações de certificação de entidade beneficente de assistência social das seguintes entidades por atenderem os requisitos legais constante [...] 208) REDE RIO-CLARENSE CARMEM PRUDENTE-CLUBE DO SIRI, 96.506.720/0001-00, RIO CLARO/SP, 308796.0983230/2024, de 07/06/2025 a 06/06/2028.
24204978#2;24204978;515_20260807_24204978.xml;2026-08-07;2026-07-31;PORTARIA Nº 111, DE 31 DE JULHO DE 2026;Ministério do Desenvolvimento e Assistência Social, Família e Combate à Fome/Secretaria Nacional de Assistência Social/Departamento da Rede Socioassistencial Privada do Sistema Único de Assistência Social;ASSISTENCIA;13034517000143;S;SAME - LAR DE IDOSOS NOSSA SENHORA DA CONCEIÇÃO;ARACAJU/SE;RENOVACAO;S;;03/11/2024 a 02/11/2027;148;24;http://pesquisa.in.gov.br/imprensa/jsp/visualiza/index.jsp?data=07/08/2026&jornal=515&pagina=24;DOU_XML;Art. 2º Deferir as renovações de certificação de entidade beneficente de assistência social das seguintes entidades por atenderem os requisitos legais constante [...] 209) SAME - LAR DE IDOSOS NOSSA SENHORA DA CONCEIÇÃO, 13.034.517/0001-43, ARACAJU/SE, 308796.0968765/2024, de 03/11/2024 a 02/11/2027.
24204978#2;24204978;515_20260807_24204978.xml;2026-08-07;2026-07-31;PORTARIA Nº 111, DE 31 DE JULHO DE 2026;Ministério do Desenvolvimento e Assistência Social, Família e Combate à Fome/Secretaria Nacional de Assistência Social/Departamento da Rede Socioassistencial Privada do Sistema Único de Assistência Social;ASSISTENCIA;75438911000102;S;SASEADLA - SOCIEDADE DE ASSISTENCIA SOCIAL, EDUCACIONAL E DE APOIO AOS DESAMPARADOS DE LAGES;LAGES/SC;RENOVACAO;S;;01/01/2025 a 31/12/2027;148;24;http://pesquisa.in.gov.br/imprensa/jsp/visualiza/index.jsp?data=07/08/2026&jornal=515&pagina=24;DOU_XML;Art. 2º Deferir as renovações de certificação de entidade beneficente de assistência social das seguintes entidades por atenderem os requisitos legais constante [...] 210) SASEADLA - SOCIEDADE DE ASSISTENCIA SOCIAL, EDUCACIONAL E DE APOIO AOS DESAMPARADOS DE LAGES, 75.438.911/0001-02, LAGES/SC, 308796.1158249/2024, de 01/01/2025 a 31/12/2027.
24204978#2;24204978;515_20260807_24204978.xml;2026-08-07;2026-07-31;PORTARIA Nº 111, DE 31 DE JULHO DE 2026;Ministério do Desenvolvimento e Assistência Social, Família e Combate à Fome/Secretaria Nacional de Assistência Social/Departamento da Rede Socioassistencial Privada do Sistema Único de Assistência Social;ASSISTENCIA;89428825000115;S;SOCIEDADE BENEFICENTE JACINTO GODOY;ERECHIM/RS;RENOVACAO;S;;01/01/2025 a 31/12/2027;148;24;http://pesquisa.in.gov.br/imprensa/jsp/visualiza/index.jsp?data=07/08/2026&jornal=515&pagina=24;DOU_XML;Art. 2º Deferir as renovações de certificação de entidade beneficente de assistência social das seguintes entidades por atenderem os requisitos legais constante [...] 211) SOCIEDADE BENEFICENTE JACINTO GODOY, 89.428.825/0001-15, ERECHIM/RS, 308796.1134618/2024, de 01/01/2025 a 31/12/2027.
24204978#2;24204978;515_20260807_24204978.xml;2026-08-07;2026-07-31;PORTARIA Nº 111, DE 31 DE JULHO DE 2026;Ministério do Desenvolvimento e Assistência Social, Família e Combate à Fome/Secretaria Nacional de Assistência Social/Departamento da Rede Socioassistencial Privada do Sistema Único de Assistência Social;ASSISTENCIA;10444500000176;S;SOCIEDADE BENEFICENTE SAO JOSE DE ANDRELANDIA;ANDRELÂNDIA/MG;RENOVACAO;S;;01/01/2024 a 31/12/2028;148;24;http://pesquisa.in.gov.br/imprensa/jsp/visualiza/index.jsp?data=07/08/2026&jornal=515&pagina=24;DOU_XML;Art. 2º Deferir as renovações de certificação de entidade beneficente de assistência social das seguintes entidades por atenderem os requisitos legais constante [...] 212) SOCIEDADE BENEFICENTE SAO JOSE DE ANDRELANDIA, 10.444.500/0001-76, ANDRELÂNDIA/MG, 308796.0793342/2023, de 01/01/2024 a 31/12/2028.
24204978#2;24204978;515_20260807_24204978.xml;2026-08-07;2026-07-31;PORTARIA Nº 111, DE 31 DE JULHO DE 2026;Ministério do Desenvolvimento e Assistência Social, Família e Combate à Fome/Secretaria Nacional de Assistência Social/Departamento da Rede Socioassistencial Privada do Sistema Único de Assistência Social;ASSISTENCIA;87588067000177;S;SOCIEDADE BENEFICENTE SAO VICENTE DE PAULO;SÃO SEPÉ/RS;RENOVACAO;S;;01/01/2025 a 31/12/2027;148;24;http://pesquisa.in.gov.br/imprensa/jsp/visualiza/index.jsp?data=07/08/2026&jornal=515&pagina=24;DOU_XML;Art. 2º Deferir as renovações de certificação de entidade beneficente de assistência social das seguintes entidades por atenderem os requisitos legais constante [...] 213) SOCIEDADE BENEFICENTE SAO VICENTE DE PAULO, 87.588.067/0001-77, SÃO SEPÉ/RS, 308796.1165283/2024, de 01/01/2025 a 31/12/2027.
24204978#2;24204978;515_20260807_24204978.xml;2026-08-07;2026-07-31;PORTARIA Nº 111, DE 31 DE JULHO DE 2026;Ministério do Desenvolvimento e Assistência Social, Família e Combate à Fome/Secretaria Nacional de Assistência Social/Departamento da Rede Socioassistencial Privada do Sistema Único de Assistência Social;ASSISTENCIA;46746442000182;S;SOCIEDADE DE EDUCACAO E ASSISTENCIA FREI ORESTES;CAMPOS DO JORDÃO/SP;RENOVACAO;S;;01/01/2024 a 31/12/2026;148;24;http://pesquisa.in.gov.br/imprensa/jsp/visualiza/index.jsp?data=07/08/2026&jornal=515&pagina=24;DOU_XML;Art. 2º Deferir as renovações de certificação de entidade beneficente de assistência social das seguintes entidades por atenderem os requisitos legais constante [...] 214) SOCIEDADE DE EDUCACAO E ASSISTENCIA FREI ORESTES, 46.746.442/0001-82, CAMPOS DO JORDÃO/SP, 308796.0749128/2023, de 01/01/2024 a 31/12/2026.
24204978#2;24204978;515_20260807_24204978.xml;2026-08-07;2026-07-31;PORTARIA Nº 111, DE 31 DE JULHO DE 2026;Ministério do Desenvolvimento e Assistência Social, Família e Combate à Fome/Secretaria Nacional de Assistência Social/Departamento da Rede Socioassistencial Privada do Sistema Único de Assistência Social;ASSISTENCIA;05086163000152;S;SOCIEDADE DE FILANTROPIA COMUNITÁRIA;SUMARÉ/SP;RENOVACAO;S;;01/01/2025 a 31/12/2029;148;24;http://pesquisa.in.gov.br/imprensa/jsp/visualiza/index.jsp?data=07/08/2026&jornal=515&pagina=24;DOU_XML;Art. 2º Deferir as renovações de certificação de entidade beneficente de assistência social das seguintes entidades por atenderem os requisitos legais constante [...] 215) SOCIEDADE DE FILANTROPIA COMUNITÁRIA, 05.086.163/0001-52, SUMARÉ/SP, 235874.0026636/2020, de 01/01/2025 a 31/12/2029.
24204978#2;24204978;515_20260807_24204978.xml;2026-08-07;2026-07-31;PORTARIA Nº 111, DE 31 DE JULHO DE 2026;Ministério do Desenvolvimento e Assistência Social, Família e Combate à Fome/Secretaria Nacional de Assistência Social/Departamento da Rede Socioassistencial Privada do Sistema Único de Assistência Social;ASSISTENCIA;28610780000100;S;SOCIEDADE PESTALOZZI DE ARARUAMA;ARARUAMA/RJ;RENOVACAO;S;;01/01/2025 a 31/12/2029;148;24;http://pesquisa.in.gov.br/imprensa/jsp/visualiza/index.jsp?data=07/08/2026&jornal=515&pagina=24;DOU_XML;Art. 2º Deferir as renovações de certificação de entidade beneficente de assistência social das seguintes entidades por atenderem os requisitos legais constante [...] 216) SOCIEDADE PESTALOZZI DE ARARUAMA, 28.610.780/0001-00, ARARUAMA/RJ, 308796.1032248/2024, de 01/01/2025 a 31/12/2029.
24204978#2;24204978;515_20260807_24204978.xml;2026-08-07;2026-07-31;PORTARIA Nº 111, DE 31 DE JULHO DE 2026;Ministério do Desenvolvimento e Assistência Social, Família e Combate à Fome/Secretaria Nacional de Assistência Social/Departamento da Rede Socioassistencial Privada do Sistema Único de Assistência Social;ASSISTENCIA;45244290000157;S;VILA BEATO CONTARDO FERRINI OBRA UNIDA SOC. S. V. DE PAULO;BEBEDOURO/SP;RENOVACAO;S;;01/01/2025 a 31/12/2029;148;24;http://pesquisa.in.gov.br/imprensa/jsp/visualiza/index.jsp?data=07/08/2026&jornal=515&pagina=24;DOU_XML;Art. 2º Deferir as renovações de certificação de entidade beneficente de assistência social das seguintes entidades por atenderem os requisitos legais constante [...] 217) VILA BEATO CONTARDO FERRINI OBRA UNIDA SOC. S. V. DE PAULO, 45.244.290/0001-57, BEBEDOURO/SP, 308796.1159323/2024, de 01/01/2025 a 31/12/2029.
24204978#2;24204978;515_20260807_24204978.xml;2026-08-07;2026-07-31;PORTARIA Nº 111, DE 31 DE JULHO DE 2026;Ministério do Desenvolvimento e Assistência Social, Família e Combate à Fome/Secretaria Nacional de Assistência Social/Departamento da Rede Socioassistencial Privada do Sistema Único de Assistência Social;ASSISTENCIA;17419730000124;S;VILA SÃO FRANCISCO DE ASSIS;CAMPO DO MEIO/MG;RENOVACAO;S;;01/01/2024 a 31/12/2026;148;24;http://pesquisa.in.gov.br/imprensa/jsp/visualiza/index.jsp?data=07/08/2026&jornal=515&pagina=24;DOU_XML;Art. 2º Deferir as renovações de certificação de entidade beneficente de assistência social das seguintes entidades por atenderem os requisitos legais constante [...] 218) VILA SÃO FRANCISCO DE ASSIS, 17.419.730/0001-24, CAMPO DO MEIO/MG, 71000.000101/2024-12, de 01/01/2024 a 31/12/2026.
24204978#2;24204978;515_20260807_24204978.xml;2026-08-07;2026-07-31;PORTARIA Nº 111, DE 31 DE JULHO DE 2026;Ministério do Desenvolvimento e Assistência Social, Família e Combate à Fome/Secretaria Nacional de Assistência Social/Departamento da Rede Socioassistencial Privada do Sistema Único de Assistência Social;ASSISTENCIA;60334315000105;S;VILA VICENTINA OBRA UNIDA A SOCIEDADE DE S V DE PAULO;SÃO MANUEL/SP;RENOVACAO;S;;01/01/2025 a 31/12/2029;148;24;http://pesquisa.in.gov.br/imprensa/jsp/visualiza/index.jsp?data=07/08/2026&jornal=515&pagina=24;DOU_XML;Art. 2º Deferir as renovações de certificação de entidade beneficente de assistência social das seguintes entidades por atenderem os requisitos legais constante [...] 219) VILA VICENTINA OBRA UNIDA A SOCIEDADE DE S V DE PAULO, 60.334.315/0001-05, SÃO MANUEL/SP, 308796.0993955/2024, de 01/01/2025 a 31/12/2029.
24204978#3;24204978;515_20260807_24204978.xml;2026-08-07;2026-07-31;PORTARIA Nº 112, DE 31 DE JULHO DE 2026;Ministério do Desenvolvimento e Assistência Social, Família e Combate à Fome/Secretaria Nacional de Assistência Social/Departamento da Rede Socioassistencial Privada do Sistema Único de Assistência Social;ASSISTENCIA;27630069000155;S;ASSOCIAÇÃO DE JUVENTUDE DO MUNICÍPIO DE TERESINA - AJMT;TERESINA/PI;INDEFERIMENTO;N;concessao;;148;24;http://pesquisa.in.gov.br/imprensa/jsp/visualiza/index.jsp?data=07/08/2026&jornal=515&pagina=24;DOU_XML;"Art. 1º Indeferir o pedido de concessão da certificação de entidade beneficente de assistência social das seguintes entidades, por contrariarem requisitos legai [...] 1) ASSOCIAÇÃO DE JUVENTUDE DO MUNICÍPIO DE TERESINA - AJMT, CNPJ 27.630.069/0001-55, TERESINA/PI, processo nº 25000.090688/2021-75. Não apresentou documento(s) obrigatório(s); Não atua no âmbito da assistência social; Não está de acordo com a Política Nacional de Assistência Social - PNAS; Não demonstrou atuar preponderantemente no âmbito da Assistência Social; Não demonstrou continuidade nas ofertas; Não demonstrou planejamento nas ofertas."
24204978#3;24204978;515_20260807_24204978.xml;2026-08-07;2026-07-31;PORTARIA Nº 112, DE 31 DE JULHO DE 2026;Ministério do Desenvolvimento e Assistência Social, Família e Combate à Fome/Secretaria Nacional de Assistência Social/Departamento da Rede Socioassistencial Privada do Sistema Único de Assistência Social;ASSISTENCIA;27508431000110;S;FUNDAÇÃO CASA DO ESTUDANTE DO BRASIL;RIO DE JANEIRO/RJ;INDEFERIMENTO;N;concessao;;148;24;http://pesquisa.in.gov.br/imprensa/jsp/visualiza/index.jsp?data=07/08/2026&jornal=515&pagina=24;DOU_XML;"Art. 1º Indeferir o pedido de concessão da certificação de entidade beneficente de assistência social das seguintes entidades, por contrariarem requisitos legai [...] 2) FUNDAÇÃO CASA DO ESTUDANTE DO BRASIL, CNPJ 27.508.431/0001-10, RIO DE JANEIRO/RJ, processo nº 71000.003797/2015-30. Não apresentou documento(s) obrigatório(s); Não atua no âmbito da assistência social; Não está de acordo com a Política Nacional de Assistência Social - PNAS; Não demonstrou continuidade nas ofertas; Não demonstrou planejamento nas ofertas."
24204978#3;24204978;515_20260807_24204978.xml;2026-08-07;2026-07-31;PORTARIA Nº 112, DE 31 DE JULHO DE 2026;Ministério do Desenvolvimento e Assistência Social, Família e Combate à Fome/Secretaria Nacional de Assistência Social/Departamento da Rede Socioassistencial Privada do Sistema Único de Assistência Social;ASSISTENCIA;01476404000119;S;ACENI - INSTITUTO DE ATENCAO A SAUDE E EDUCACAO;NOVA IGUAÇU/RJ;INDEFERIMENTO;N;renovacao;;148;24;http://pesquisa.in.gov.br/imprensa/jsp/visualiza/index.jsp?data=07/08/2026&jornal=515&pagina=24;DOU_XML;"Art. 2º Indeferir o pedido de renovação da certificação de entidade beneficente de assistência social das seguintes entidades, por contrariarem requisitos legai [...] 1) ACENI - INSTITUTO DE ATENCAO A SAUDE E EDUCACAO, CNPJ 01.476.404/0001-19, NOVA IGUAÇU/RJ, processo nº 235874.0201050/2021. Não atendeu os requisitos de outra(s) área(s) da certificação; Não demonstrou atuar preponderantemente no âmbito da Assistência Social."
24204978#3;24204978;515_20260807_24204978.xml;2026-08-07;2026-07-31;PORTARIA Nº 112, DE 31 DE JULHO DE 2026;Ministério do Desenvolvimento e Assistência Social, Família e Combate à Fome/Secretaria Nacional de Assistência Social/Departamento da Rede Socioassistencial Privada do Sistema Único de Assistência Social;ASSISTENCIA;80989957000141;S;ASSOCIAÇÃO DE PAIS E AMIGOS DOS EXCEPCIONAIS DE JACINTO MACHADO;JACINTO MACHADO/SC;INDEFERIMENTO;N;renovacao;;148;24;http://pesquisa.in.gov.br/imprensa/jsp/visualiza/index.jsp?data=07/08/2026&jornal=515&pagina=24;DOU_XML;"Art. 2º Indeferir o pedido de renovação da certificação de entidade beneficente de assistência social das seguintes entidades, por contrariarem requisitos legai [...] 2) ASSOCIAÇÃO DE PAIS E AMIGOS DOS EXCEPCIONAIS DE JACINTO MACHADO, CNPJ 80.989.957/0001-41, JACINTO MACHADO/SC, processo nº 235874.0024808/2020. Não apresentou documento(s) obrigatório(s) ; Não demonstrou continuidade nas ofertas ; Não demonstrou planejamento nas ofertas."
24204978#3;24204978;515_20260807_24204978.xml;2026-08-07;2026-07-31;PORTARIA Nº 112, DE 31 DE JULHO DE 2026;Ministério do Desenvolvimento e Assistência Social, Família e Combate à Fome/Secretaria Nacional de Assistência Social/Departamento da Rede Socioassistencial Privada do Sistema Único de Assistência Social;ASSISTENCIA;17507708000136;S;ASSOCIAÇÃO SÃO VICENTE DE PAULO DE BELO HORIZONTE;BELO HORIZONTE/MG;INDEFERIMENTO;N;renovacao;;148;24;http://pesquisa.in.gov.br/imprensa/jsp/visualiza/index.jsp?data=07/08/2026&jornal=515&pagina=24;DOU_XML;"Art. 2º Indeferir o pedido de renovação da certificação de entidade beneficente de assistência social das seguintes entidades, por contrariarem requisitos legai [...] 3) ASSOCIAÇÃO SÃO VICENTE DE PAULO DE BELO HORIZONTE, CNPJ 17.507.708/0001-36, BELO HORIZONTE/MG, processo nº 71000.052363/2017-25. Não apresentou documento(s) obrigatório(s); Não atendeu os requisitos de outra(s) área(s) da certificação; Não demonstrou continuidade nas ofertas; Não demonstrou planejamento nas ofertas."
24204978#3;24204978;515_20260807_24204978.xml;2026-08-07;2026-07-31;PORTARIA Nº 112, DE 31 DE JULHO DE 2026;Ministério do Desenvolvimento e Assistência Social, Família e Combate à Fome/Secretaria Nacional de Assistência Social/Departamento da Rede Socioassistencial Privada do Sistema Único de Assistência Social;ASSISTENCIA;21078175000191;S;CASA DONA ZULMIRA DA SOCIEDADE DE SÃO VICENTE DE PAULO;GOVERNADOR VALADARES/MG;INDEFERIMENTO;N;renovacao;;148;24;http://pesquisa.in.gov.br/imprensa/jsp/visualiza/index.jsp?data=07/08/2026&jornal=515&pagina=24;DOU_XML;Art. 2º Indeferir o pedido de renovação da certificação de entidade beneficente de assistência social das seguintes entidades, por contrariarem requisitos legai [...] 4) CASA DONA ZULMIRA DA SOCIEDADE DE SÃO VICENTE DE PAULO, CNPJ 21.078.175/0001-91, GOVERNADOR VALADARES/MG, processo nº 235874.0209899/2021. Não demonstrou atuar preponderantemente no âmbito da Assistência Social.
24204978#3;24204978;515_20260807_24204978.xml;2026-08-07;2026-07-31;PORTARIA Nº 112, DE 31 DE JULHO DE 2026;Ministério do Desenvolvimento e Assistência Social, Família e Combate à Fome/Secretaria Nacional de Assistência Social/Departamento da Rede Socioassistencial Privada do Sistema Único de Assistência Social;ASSISTENCIA;50016039000175;S;FUNDAÇÃO JOÃO PAULO II;CACHOEIRA PAULISTA/SP;INDEFERIMENTO;N;renovacao;;148;24;http://pesquisa.in.gov.br/imprensa/jsp/visualiza/index.jsp?data=07/08/2026&jornal=515&pagina=24;DOU_XML;Art. 2º Indeferir o pedido de renovação da certificação de entidade beneficente de assistência social das seguintes entidades, por contrariarem requisitos legai [...] 5) FUNDAÇÃO JOÃO PAULO II, CNPJ 50.016.039/0001-75, CACHOEIRA PAULISTA/SP, processo nº 71000.003513/2015-13. Não atua preponderantemente no âmbito da assistência social.
24204978#3;24204978;515_20260807_24204978.xml;2026-08-07;2026-07-31;PORTARIA Nº 112, DE 31 DE JULHO DE 2026;Ministério do Desenvolvimento e Assistência Social, Família e Combate à Fome/Secretaria Nacional de Assistência Social/Departamento da Rede Socioassistencial Privada do Sistema Único de Assistência Social;ASSISTENCIA;78614096000175;S;LAR ANALIA FRANCO DE LONDRINA;LONDRINA/PR;INDEFERIMENTO;N;renovacao;;148;24;http://pesquisa.in.gov.br/imprensa/jsp/visualiza/index.jsp?data=07/08/2026&jornal=515&pagina=24;DOU_XML;Art. 2º Indeferir o pedido de renovação da certificação de entidade beneficente de assistência social das seguintes entidades, por contrariarem requisitos legai [...] 6) LAR ANALIA FRANCO DE LONDRINA, CNPJ 78.614.096/0001-75, LONDRINA/PR, processo nº 71000.038114/2018-16. Não atendeu os requisitos de outra(s) área(s) da certificação.
24204978#3;24204978;515_20260807_24204978.xml;2026-08-07;2026-07-31;PORTARIA Nº 112, DE 31 DE JULHO DE 2026;Ministério do Desenvolvimento e Assistência Social, Família e Combate à Fome/Secretaria Nacional de Assistência Social/Departamento da Rede Socioassistencial Privada do Sistema Único de Assistência Social;ASSISTENCIA;58198227000173;S;LAR DA MOÇAS CEGAS;SANTOS/SP;INDEFERIMENTO;N;renovacao;;148;24;http://pesquisa.in.gov.br/imprensa/jsp/visualiza/index.jsp?data=07/08/2026&jornal=515&pagina=24;DOU_XML;"Art. 2º Indeferir o pedido de renovação da certificação de entidade beneficente de assistência social das seguintes entidades, por contrariarem requisitos legai [...] 7) LAR DA MOÇAS CEGAS, CNPJ 58.198.227/0001-73, SANTOS/SP, processo nº 235874.0028033/2020. Não apresentou documento(s) obrigatório(s); Não atua preponderantemente no âmbito da assistência social; Não demonstrou continuidade nas ofertas; Não demonstrou planejamento nas ofertas."
24204978#3;24204978;515_20260807_24204978.xml;2026-08-07;2026-07-31;PORTARIA Nº 112, DE 31 DE JULHO DE 2026;Ministério do Desenvolvimento e Assistência Social, Família e Combate à Fome/Secretaria Nacional de Assistência Social/Departamento da Rede Socioassistencial Privada do Sistema Único de Assistência Social;ASSISTENCIA;45201019000134;S;OBRAS SOCIAIS DA ARQUIDIOCESE DE APARECIDA;APARECIDA/SP;INDEFERIMENTO;N;renovacao;;148;24;http://pesquisa.in.gov.br/imprensa/jsp/visualiza/index.jsp?data=07/08/2026&jornal=515&pagina=24;DOU_XML;Art. 2º Indeferir o pedido de renovação da certificação de entidade beneficente de assistência social das seguintes entidades, por contrariarem requisitos legai [...] 8) OBRAS SOCIAIS DA ARQUIDIOCESE DE APARECIDA, CNPJ 45.201.019/0001-34, APARECIDA/SP, processo nº 71000.139105/2014-18. Não atua preponderantemente no âmbito da assistência social.
24204978#4;24204978;515_20260807_24204978.xml;2026-08-07;2026-07-31;PORTARIA Nº 113, DE 31 DE JULHO DE 2026;Ministério do Desenvolvimento e Assistência Social, Família e Combate à Fome/Secretaria Nacional de Assistência Social/Departamento da Rede Socioassistencial Privada do Sistema Único de Assistência Social;ASSISTENCIA;19811334000173;S;AMA ASSOCIAÇÃO DOS AMIGOS DO AUTISTA DE JUNDIAÍ;JUNDIAÍ/SP;INDEFERIMENTO;N;concessao;;148;24;http://pesquisa.in.gov.br/imprensa/jsp/visualiza/index.jsp?data=07/08/2026&jornal=515&pagina=24;DOU_XML;Art. 1º Indeferir o pedido de concessão da Certificação de Entidade Beneficente de Assistência Social das entidades abaixo listadas, nos termos da Lei Complemen [...] 1) AMA ASSOCIAÇÃO DOS AMIGOS DO AUTISTA DE JUNDIAÍ, CNPJ 19.811.334/0001-73, JUNDIAÍ/SP, processo nº 308796.0829019/2024. Não apresentou documento(s) obrigatório(s).
24204978#4;24204978;515_20260807_24204978.xml;2026-08-07;2026-07-31;PORTARIA Nº 113, DE 31 DE JULHO DE 2026;Ministério do Desenvolvimento e Assistência Social, Família e Combate à Fome/Secretaria Nacional de Assistência Social/Departamento da Rede Socioassistencial Privada do Sistema Único de Assistência Social;ASSISTENCIA;11257119000160;S;ASSOCIAÇÃO DAS COSTUREIRAS E BORDADEIRAS DE NOVA BRASILIA DE JAGUARIBE;JAGUARIBE/CE;INDEFERIMENTO;N;concessao;;148;24;http://pesquisa.in.gov.br/imprensa/jsp/visualiza/index.jsp?data=07/08/2026&jornal=515&pagina=24;DOU_XML;Art. 1º Indeferir o pedido de concessão da Certificação de Entidade Beneficente de Assistência Social das entidades abaixo listadas, nos termos da Lei Complemen [...] 2) ASSOCIAÇÃO DAS COSTUREIRAS E BORDADEIRAS DE NOVA BRASILIA DE JAGUARIBE, CNPJ 11.257.119/0001-60, JAGUARIBE/CE, processo nº 308796.0830596/2024. Não apresentou documento(s) obrigatório(s).
24204978#4;24204978;515_20260807_24204978.xml;2026-08-07;2026-07-31;PORTARIA Nº 113, DE 31 DE JULHO DE 2026;Ministério do Desenvolvimento e Assistência Social, Família e Combate à Fome/Secretaria Nacional de Assistência Social/Departamento da Rede Socioassistencial Privada do Sistema Único de Assistência Social;ASSISTENCIA;30700372000191;S;ASSOCIAÇÃO DE PAIS E AMIGOS DOS EXCEPCIONAIS ( APAE ) DE SÃO FÉLIX DO XINGU-PARÁ;SÃO FÉLIX DO XINGU/PA;INDEFERIMENTO;N;concessao;;148;24;http://pesquisa.in.gov.br/imprensa/jsp/visualiza/index.jsp?data=07/08/2026&jornal=515&pagina=24;DOU_XML;Art. 1º Indeferir o pedido de concessão da Certificação de Entidade Beneficente de Assistência Social das entidades abaixo listadas, nos termos da Lei Complemen [...] 3) ASSOCIAÇÃO DE PAIS E AMIGOS DOS EXCEPCIONAIS ( APAE ) DE SÃO FÉLIX DO XINGU-PARÁ, CNPJ 30.700.372/0001-91, SÃO FÉLIX DO XINGU/PA, processo nº 308796.0822964/2024. Não apresentou documento(s) obrigatório(s).
24204978#4;24204978;515_20260807_24204978.xml;2026-08-07;2026-07-31;PORTARIA Nº 113, DE 31 DE JULHO DE 2026;Ministério do Desenvolvimento e Assistência Social, Família e Combate à Fome/Secretaria Nacional de Assistência Social/Departamento da Rede Socioassistencial Privada do Sistema Único de Assistência Social;ASSISTENCIA;49681194000127;S;ASSOCIAÇÃO DE PAIS E AMIGOS DOS EXCEPCIONAIS DE ÁGUA BRANCA DO PIAUÍ;ÁGUA BRANCA/PI;INDEFERIMENTO;N;concessao;;148;24;http://pesquisa.in.gov.br/imprensa/jsp/visualiza/index.jsp?data=07/08/2026&jornal=515&pagina=24;DOU_XML;Art. 1º Indeferir o pedido de concessão da Certificação de Entidade Beneficente de Assistência Social das entidades abaixo listadas, nos termos da Lei Complemen [...] 4) ASSOCIAÇÃO DE PAIS E AMIGOS DOS EXCEPCIONAIS DE ÁGUA BRANCA DO PIAUÍ, CNPJ 49.681.194/0001-27, ÁGUA BRANCA/PI, processo nº 308796.1116154/2024. Não apresentou documento(s) obrigatório(s).
24204978#4;24204978;515_20260807_24204978.xml;2026-08-07;2026-07-31;PORTARIA Nº 113, DE 31 DE JULHO DE 2026;Ministério do Desenvolvimento e Assistência Social, Família e Combate à Fome/Secretaria Nacional de Assistência Social/Departamento da Rede Socioassistencial Privada do Sistema Único de Assistência Social;ASSISTENCIA;01367181000151;S;ASSOCIAÇÃO DE PAIS E AMIGOS DOS EXCEPCIONAIS DE RIBEIRÃO DAS NEVES;RIBEIRÃO DAS NEVES/MG;INDEFERIMENTO;N;concessao;;148;24;http://pesquisa.in.gov.br/imprensa/jsp/visualiza/index.jsp?data=07/08/2026&jornal=515&pagina=24;DOU_XML;Art. 1º Indeferir o pedido de concessão da Certificação de Entidade Beneficente de Assistência Social das entidades abaixo listadas, nos termos da Lei Complemen [...] 5) ASSOCIAÇÃO DE PAIS E AMIGOS DOS EXCEPCIONAIS DE RIBEIRÃO DAS NEVES, CNPJ 01.367.181/0001-51, RIBEIRÃO DAS NEVES/MG, processo nº 308796.1155616/2024. Não apresentou documento(s) obrigatório(s).
24204978#4;24204978;515_20260807_24204978.xml;2026-08-07;2026-07-31;PORTARIA Nº 113, DE 31 DE JULHO DE 2026;Ministério do Desenvolvimento e Assistência Social, Família e Combate à Fome/Secretaria Nacional de Assistência Social/Departamento da Rede Socioassistencial Privada do Sistema Único de Assistência Social;ASSISTENCIA;39829628000130;S;ASSOCIAÇÃO REMEDIAR;BELO HORIZONTE/MG;INDEFERIMENTO;N;concessao;;148;24;http://pesquisa.in.gov.br/imprensa/jsp/visualiza/index.jsp?data=07/08/2026&jornal=515&pagina=24;DOU_XML;Art. 1º Indeferir o pedido de concessão da Certificação de Entidade Beneficente de Assistência Social das entidades abaixo listadas, nos termos da Lei Complemen [...] 6) ASSOCIAÇÃO REMEDIAR, CNPJ 39.829.628/0001-30, BELO HORIZONTE/MG, processo nº 308796.0825429/2024. Não apresentou documento(s) obrigatório(s).
24204978#4;24204978;515_20260807_24204978.xml;2026-08-07;2026-07-31;PORTARIA Nº 113, DE 31 DE JULHO DE 2026;Ministério do Desenvolvimento e Assistência Social, Família e Combate à Fome/Secretaria Nacional de Assistência Social/Departamento da Rede Socioassistencial Privada do Sistema Único de Assistência Social;ASSISTENCIA;32079775000190;S;CENTRO ESPIRITUALISTA CABOCLO TUPINAMBÁ;POSSE/GO;INDEFERIMENTO;N;concessao;;148;24;http://pesquisa.in.gov.br/imprensa/jsp/visualiza/index.jsp?data=07/08/2026&jornal=515&pagina=24;DOU_XML;Art. 1º Indeferir o pedido de concessão da Certificação de Entidade Beneficente de Assistência Social das entidades abaixo listadas, nos termos da Lei Complemen [...] 7) CENTRO ESPIRITUALISTA CABOCLO TUPINAMBÁ, CNPJ 32.079.775/0001-90, POSSE/GO, processo nº 308796.0844822/2024. Não apresentou documento(s) obrigatório(s).
24204978#4;24204978;515_20260807_24204978.xml;2026-08-07;2026-07-31;PORTARIA Nº 113, DE 31 DE JULHO DE 2026;Ministério do Desenvolvimento e Assistência Social, Família e Combate à Fome/Secretaria Nacional de Assistência Social/Departamento da Rede Socioassistencial Privada do Sistema Único de Assistência Social;ASSISTENCIA;05762263000151;S;INSTIT;SANTO ANTÔNIO DO DESCOBERTO/GO;INDEFERIMENTO;N;concessao;;148;24;http://pesquisa.in.gov.br/imprensa/jsp/visualiza/index.jsp?data=07/08/2026&jornal=515&pagina=24;DOU_XML;Art. 1º Indeferir o pedido de concessão da Certificação de Entidade Beneficente de Assistência Social das entidades abaixo listadas, nos termos da Lei Complemen [...] 8) INSTIT, CNPJ 05.762.263/0001-51, SANTO ANTÔNIO DO DESCOBERTO/GO, processo nº 308796.0839764/2024. Não apresentou documento(s) obrigatório(s).
24204978#4;24204978;515_20260807_24204978.xml;2026-08-07;2026-07-31;PORTARIA Nº 113, DE 31 DE JULHO DE 2026;Ministério do Desenvolvimento e Assistência Social, Família e Combate à Fome/Secretaria Nacional de Assistência Social/Departamento da Rede Socioassistencial Privada do Sistema Único de Assistência Social;ASSISTENCIA;31722192000173;S;INSTITUIÇÃO DAS IRMÃS MISSIONÁRIAS DE NOSSA SENHORA DE FÁTIMA;CARATINGA/MG;INDEFERIMENTO;N;concessao;;148;24;http://pesquisa.in.gov.br/imprensa/jsp/visualiza/index.jsp?data=07/08/2026&jornal=515&pagina=24;DOU_XML;Art. 1º Indeferir o pedido de concessão da Certificação de Entidade Beneficente de Assistência Social das entidades abaixo listadas, nos termos da Lei Complemen [...] 9) INSTITUIÇÃO DAS IRMÃS MISSIONÁRIAS DE NOSSA SENHORA DE FÁTIMA, CNPJ 31.722.192/0001-73, CARATINGA/MG, processo nº 235874.0023798/2020. Não apresentou documento(s) obrigatório(s).
24204978#4;24204978;515_20260807_24204978.xml;2026-08-07;2026-07-31;PORTARIA Nº 113, DE 31 DE JULHO DE 2026;Ministério do Desenvolvimento e Assistência Social, Família e Combate à Fome/Secretaria Nacional de Assistência Social/Departamento da Rede Socioassistencial Privada do Sistema Único de Assistência Social;ASSISTENCIA;06330022000104;S;INSTITUTO BATISTA BETEL;SÃO PAULO/SP;INDEFERIMENTO;N;concessao;;148;24;http://pesquisa.in.gov.br/imprensa/jsp/visualiza/index.jsp?data=07/08/2026&jornal=515&pagina=24;DOU_XML;Art. 1º Indeferir o pedido de concessão da Certificação de Entidade Beneficente de Assistência Social das entidades abaixo listadas, nos termos da Lei Complemen [...] 10) INSTITUTO BATISTA BETEL, CNPJ 06.330.022/0001-04, SÃO PAULO/SP, processo nº 308796.0823279/2024. Não apresentou documento(s) obrigatório(s).
24204978#4;24204978;515_20260807_24204978.xml;2026-08-07;2026-07-31;PORTARIA Nº 113, DE 31 DE JULHO DE 2026;Ministério do Desenvolvimento e Assistência Social, Família e Combate à Fome/Secretaria Nacional de Assistência Social/Departamento da Rede Socioassistencial Privada do Sistema Único de Assistência Social;ASSISTENCIA;09477528000120;S;INSTITUTO DE ESTUDOS SOCIOCULTURAIS E AMBIENTAIS COLIBRI;SÃO PAULO/SP;INDEFERIMENTO;N;concessao;;148;24;http://pesquisa.in.gov.br/imprensa/jsp/visualiza/index.jsp?data=07/08/2026&jornal=515&pagina=24;DOU_XML;Art. 1º Indeferir o pedido de concessão da Certificação de Entidade Beneficente de Assistência Social das entidades abaixo listadas, nos termos da Lei Complemen [...] 11) INSTITUTO DE ESTUDOS SOCIOCULTURAIS E AMBIENTAIS COLIBRI, CNPJ 09.477.528/0001-20, SÃO PAULO/SP, processo nº 308796.0820988/2024. Não apresentou documento(s) obrigatório(s).
24204978#4;24204978;515_20260807_24204978.xml;2026-08-07;2026-07-31;PORTARIA Nº 113, DE 31 DE JULHO DE 2026;Ministério do Desenvolvimento e Assistência Social, Família e Combate à Fome/Secretaria Nacional de Assistência Social/Departamento da Rede Socioassistencial Privada do Sistema Único de Assistência Social;ASSISTENCIA;38441651000190;S;INSTITUTO DE GESTAO DE PROJETOS SOCIAIS;ICATU/MA;INDEFERIMENTO;N;concessao;;148;24;http://pesquisa.in.gov.br/imprensa/jsp/visualiza/index.jsp?data=07/08/2026&jornal=515&pagina=24;DOU_XML;Art. 1º Indeferir o pedido de concessão da Certificação de Entidade Beneficente de Assistência Social das entidades abaixo listadas, nos termos da Lei Complemen [...] 12) INSTITUTO DE GESTAO DE PROJETOS SOCIAIS, CNPJ 38.441.651/0001-90, ICATU/MA, processo nº 308796.0834960/2024. Não apresentou documento(s) obrigatório(s).
24204978#4;24204978;515_20260807_24204978.xml;2026-08-07;2026-07-31;PORTARIA Nº 113, DE 31 DE JULHO DE 2026;Ministério do Desenvolvimento e Assistência Social, Família e Combate à Fome/Secretaria Nacional de Assistência Social/Departamento da Rede Socioassistencial Privada do Sistema Único de Assistência Social;ASSISTENCIA;37144253000149;S;INSTITUTO KOPHER;SÃO JOSÉ DOS PINHAIS/PR;INDEFERIMENTO;N;concessao;;148;24;http://pesquisa.in.gov.br/imprensa/jsp/visualiza/index.jsp?data=07/08/2026&jornal=515&pagina=24;DOU_XML;Art. 1º Indeferir o pedido de concessão da Certificação de Entidade Beneficente de Assistência Social das entidades abaixo listadas, nos termos da Lei Complemen [...] 13) INSTITUTO KOPHER, CNPJ 37.144.253/0001-49, SÃO JOSÉ DOS PINHAIS/PR, processo nº 308796.0823390/2024. Não apresentou documento(s) obrigatório(s).
24204978#4;24204978;515_20260807_24204978.xml;2026-08-07;2026-07-31;PORTARIA Nº 113, DE 31 DE JULHO DE 2026;Ministério do Desenvolvimento e Assistência Social, Família e Combate à Fome/Secretaria Nacional de Assistência Social/Departamento da Rede Socioassistencial Privada do Sistema Único de Assistência Social;ASSISTENCIA;35394687000171;S;ONG SOCIAL PASSOS DO FUTURO -OSPF;BREU BRANCO/PA;INDEFERIMENTO;N;concessao;;148;24;http://pesquisa.in.gov.br/imprensa/jsp/visualiza/index.jsp?data=07/08/2026&jornal=515&pagina=24;DOU_XML;Art. 1º Indeferir o pedido de concessão da Certificação de Entidade Beneficente de Assistência Social das entidades abaixo listadas, nos termos da Lei Complemen [...] 14) ONG SOCIAL PASSOS DO FUTURO -OSPF, CNPJ 35.394.687/0001-71, BREU BRANCO/PA, processo nº 235874.0019265/2020. Não apresentou documento(s) obrigatório(s).
24204978#4;24204978;515_20260807_24204978.xml;2026-08-07;2026-07-31;PORTARIA Nº 113, DE 31 DE JULHO DE 2026;Ministério do Desenvolvimento e Assistência Social, Família e Combate à Fome/Secretaria Nacional de Assistência Social/Departamento da Rede Socioassistencial Privada do Sistema Único de Assistência Social;ASSISTENCIA;78925922000105;S;UNIÃO DE PROFISSIONAIS PARA ATENDIMENTO DO EXCEPCIONAL;CURITIBA/PR;INDEFERIMENTO;N;concessao;;148;24;http://pesquisa.in.gov.br/imprensa/jsp/visualiza/index.jsp?data=07/08/2026&jornal=515&pagina=24;DOU_XML;Art. 1º Indeferir o pedido de concessão da Certificação de Entidade Beneficente de Assistência Social das entidades abaixo listadas, nos termos da Lei Complemen [...] 15) UNIÃO DE PROFISSIONAIS PARA ATENDIMENTO DO EXCEPCIONAL, CNPJ 78.925.922/0001-05, CURITIBA/PR, processo nº 308796.0841317/2024. Não apresentou documento(s) obrigatório(s).
24204978#4;24204978;515_20260807_24204978.xml;2026-08-07;2026-07-31;PORTARIA Nº 113, DE 31 DE JULHO DE 2026;Ministério do Desenvolvimento e Assistência Social, Família e Combate à Fome/Secretaria Nacional de Assistência Social/Departamento da Rede Socioassistencial Privada do Sistema Único de Assistência Social;ASSISTENCIA;06665244000170;S;ASSOCIAÇÃO DE PAIS E AMIGOS DOS EXCEPCIONAIS DE TERESINA;TERESINA/PI;INDEFERIMENTO;N;renovacao;;148;24;http://pesquisa.in.gov.br/imprensa/jsp/visualiza/index.jsp?data=07/08/2026&jornal=515&pagina=24;DOU_XML;Art. 2º Indeferir o pedido de renovação da Certificação de Entidade Beneficente de Assistência Social da entidade abaixo listada, nos termos da Lei Complementar [...] 1) ASSOCIAÇÃO DE PAIS E AMIGOS DOS EXCEPCIONAIS DE TERESINA, CNPJ 06.665.244/0001-70, TERESINA/PI, processo nº 308796.0792267/2023. Não apresentou documento(s) obrigatório(s).
24204978#5;24204978;515_20260807_24204978.xml;2026-08-07;2026-07-31;PORTARIA Nº 114, DE 31 DE JULHO DE 2026;Ministério do Desenvolvimento e Assistência Social, Família e Combate à Fome/Secretaria Nacional de Assistência Social/Departamento da Rede Socioassistencial Privada do Sistema Único de Assistência Social;ASSISTENCIA;05676385000125;S;ACAO SOCIAL DA ALIANCA DO RIO GRANDE DO SUL - ASA/RS;PORTO ALEGRE/RS;INDEFERIMENTO;N;concessao;;148;24;http://pesquisa.in.gov.br/imprensa/jsp/visualiza/index.jsp?data=07/08/2026&jornal=515&pagina=24;DOU_XML;"Art. 1º Indeferir o pedido de concessão da certificação de entidade beneficente de assistência social das seguintes entidades, por não cumprirem requisitos lega [...] 1) ACAO SOCIAL DA ALIANCA DO RIO GRANDE DO SUL - ASA/RS, CNPJ 05.676.385/0001-25, PORTO ALEGRE/RS, processo nº 235874.0447051/2022. Não apresentou documento(s) obrigatório(s) ; Não demonstrou continuidade nas ofertas ; Não demonstrou planejamento nas ofertas."
24204978#5;24204978;515_20260807_24204978.xml;2026-08-07;2026-07-31;PORTARIA Nº 114, DE 31 DE JULHO DE 2026;Ministério do Desenvolvimento e Assistência Social, Família e Combate à Fome/Secretaria Nacional de Assistência Social/Departamento da Rede Socioassistencial Privada do Sistema Único de Assistência Social;ASSISTENCIA;50790112000161;S;ABRIGO BOM JESUS DE GUAREÍ;GUAREÍ/SP;INDEFERIMENTO;N;concessao;;148;24;http://pesquisa.in.gov.br/imprensa/jsp/visualiza/index.jsp?data=07/08/2026&jornal=515&pagina=24;DOU_XML;Art. 1º Indeferir o pedido de concessão da certificação de entidade beneficente de assistência social das seguintes entidades, por não cumprirem requisitos lega [...] 2) ABRIGO BOM JESUS DE GUAREÍ, CNPJ 50.790.112/0001-61, GUAREÍ/SP, processo nº 308796.1002053/2024. Não demonstrou atuar preponderantemente no âmbito da Assistência Social.
24204978#5;24204978;515_20260807_24204978.xml;2026-08-07;2026-07-31;PORTARIA Nº 114, DE 31 DE JULHO DE 2026;Ministério do Desenvolvimento e Assistência Social, Família e Combate à Fome/Secretaria Nacional de Assistência Social/Departamento da Rede Socioassistencial Privada do Sistema Único de Assistência Social;ASSISTENCIA;13272780000170;S;AGENCIA AMAZONENSE DE DESENVOLVIMENTO ECONOMICO, SOCIAL E AMBIENTAL - AADESAM;MANAUS/AM;INDEFERIMENTO;N;concessao;;148;24;http://pesquisa.in.gov.br/imprensa/jsp/visualiza/index.jsp?data=07/08/2026&jornal=515&pagina=24;DOU_XML;Art. 1º Indeferir o pedido de concessão da certificação de entidade beneficente de assistência social das seguintes entidades, por não cumprirem requisitos lega [...] 3) AGENCIA AMAZONENSE DE DESENVOLVIMENTO ECONOMICO, SOCIAL E AMBIENTAL - AADESAM, CNPJ 13.272.780/0001-70, MANAUS/AM, processo nº 308796.1111439/2024. Não demonstrou atuar preponderantemente no âmbito da Assistência Social.
24204978#5;24204978;515_20260807_24204978.xml;2026-08-07;2026-07-31;PORTARIA Nº 114, DE 31 DE JULHO DE 2026;Ministério do Desenvolvimento e Assistência Social, Família e Combate à Fome/Secretaria Nacional de Assistência Social/Departamento da Rede Socioassistencial Privada do Sistema Único de Assistência Social;ASSISTENCIA;18312133000169;S;AMAFV ASSOCIAÇÃO DAS MÃES DOS AUTISTAS E PORTADORES DO TEA - TRANSTORNO DO ESPECTRO DO AUTISMO DE FERRAZ DE VASCONCELOS;FERRAZ DE VASCONCELOS/SP;INDEFERIMENTO;N;concessao;;148;24;http://pesquisa.in.gov.br/imprensa/jsp/visualiza/index.jsp?data=07/08/2026&jornal=515&pagina=24;DOU_XML;Art. 1º Indeferir o pedido de concessão da certificação de entidade beneficente de assistência social das seguintes entidades, por não cumprirem requisitos lega [...] 4) AMAFV ASSOCIAÇÃO DAS MÃES DOS AUTISTAS E PORTADORES DO TEA - TRANSTORNO DO ESPECTRO DO AUTISMO DE FERRAZ DE VASCONCELOS, CNPJ 18.312.133/0001-69, FERRAZ DE VASCONCELOS/SP, processo nº 308796.0792237/2023. Estatuto Social não compatível com a legislação.
24204978#5;24204978;515_20260807_24204978.xml;2026-08-07;2026-07-31;PORTARIA Nº 114, DE 31 DE JULHO DE 2026;Ministério do Desenvolvimento e Assistência Social, Família e Combate à Fome/Secretaria Nacional de Assistência Social/Departamento da Rede Socioassistencial Privada do Sistema Único de Assistência Social;ASSISTENCIA;22919363000168;S;ASSISTENCIA SOCIAL ARCA;COCALZINHO DE GOIÁS/GO;INDEFERIMENTO;N;concessao;;148;24;http://pesquisa.in.gov.br/imprensa/jsp/visualiza/index.jsp?data=07/08/2026&jornal=515&pagina=24;DOU_XML;Art. 1º Indeferir o pedido de concessão da certificação de entidade beneficente de assistência social das seguintes entidades, por não cumprirem requisitos lega [...] 5) ASSISTENCIA SOCIAL ARCA, CNPJ 22.919.363/0001-68, COCALZINHO DE GOIÁS/GO, processo nº 308796.1045312/2024. Não demonstrou atuar preponderantemente no âmbito da Assistência Social.
24204978#5;24204978;515_20260807_24204978.xml;2026-08-07;2026-07-31;PORTARIA Nº 114, DE 31 DE JULHO DE 2026;Ministério do Desenvolvimento e Assistência Social, Família e Combate à Fome/Secretaria Nacional de Assistência Social/Departamento da Rede Socioassistencial Privada do Sistema Único de Assistência Social;ASSISTENCIA;04424386000110;S;ASSOC. GOIANA DE ATUALIZAÇÃO E REALIZAÇÃO DO CIDADÃO - AGARC;GOIÂNIA/GO;INDEFERIMENTO;N;concessao;;148;24;http://pesquisa.in.gov.br/imprensa/jsp/visualiza/index.jsp?data=07/08/2026&jornal=515&pagina=24;DOU_XML;"Art. 1º Indeferir o pedido de concessão da certificação de entidade beneficente de assistência social das seguintes entidades, por não cumprirem requisitos lega [...] 6) ASSOC. GOIANA DE ATUALIZAÇÃO E REALIZAÇÃO DO CIDADÃO - AGARC, CNPJ 04.424.386/0001-10, GOIÂNIA/GO, processo nº 308796.0740195/2023. Não apresentou documento(s) obrigatório(s) ; Não demonstrou atuar preponderantemente no âmbito da Assistência Social."
24204978#5;24204978;515_20260807_24204978.xml;2026-08-07;2026-07-31;PORTARIA Nº 114, DE 31 DE JULHO DE 2026;Ministério do Desenvolvimento e Assistência Social, Família e Combate à Fome/Secretaria Nacional de Assistência Social/Departamento da Rede Socioassistencial Privada do Sistema Único de Assistência Social;ASSISTENCIA;05729527000175;S;ASSOCIAÇÃO DE PAIS E AMIGOS DOS EXCEPCIONAIS DO MUNICIPIO DE SANTA LUZIA DOESTE-RO;SANTA LUZIA DOESTE/RO;INDEFERIMENTO;N;concessao;;148;24;http://pesquisa.in.gov.br/imprensa/jsp/visualiza/index.jsp?data=07/08/2026&jornal=515&pagina=24;DOU_XML;"Art. 1º Indeferir o pedido de concessão da certificação de entidade beneficente de assistência social das seguintes entidades, por não cumprirem requisitos lega [...] 7) ASSOCIAÇÃO DE PAIS E AMIGOS DOS EXCEPCIONAIS DO MUNICIPIO DE SANTA LUZIA DOESTE-RO, CNPJ 05.729.527/0001-75, SANTA LUZIA DOESTE/RO, processo nº 235874.0388888/2022. Não apresentou documento(s) obrigatório(s) ; Não demonstrou continuidade nas ofertas ; Não demonstrou planejamento nas ofertas."
24204978#5;24204978;515_20260807_24204978.xml;2026-08-07;2026-07-31;PORTARIA Nº 114, DE 31 DE JULHO DE 2026;Ministério do Desenvolvimento e Assistência Social, Família e Combate à Fome/Secretaria Nacional de Assistência Social/Departamento da Rede Socioassistencial Privada do Sistema Único de Assistência Social;ASSISTENCIA;04348772000170;S;ASSOCIAÇÃO BENEFICENTE DIAS MELHORES - ABDM;ALEGRE/ES;INDEFERIMENTO;N;concessao;;148;24;http://pesquisa.in.gov.br/imprensa/jsp/visualiza/index.jsp?data=07/08/2026&jornal=515&pagina=24;DOU_XML;"Art. 1º Indeferir o pedido de concessão da certificação de entidade beneficente de assistência social das seguintes entidades, por não cumprirem requisitos lega [...] 8) ASSOCIAÇÃO BENEFICENTE DIAS MELHORES - ABDM, CNPJ 04.348.772/0001-70, ALEGRE/ES, processo nº 308796.0653424/2023. Não apresentou documento(s) obrigatório(s) ; Não demonstrou atuar preponderantemente no âmbito da Assistência Social ; Estatuto Social não compatível com a legislação ; Não está de acordo com a Política Nacional de Assistência Social - PNAS ; Não atua no âmbito da assistência social."
24204978#5;24204978;515_20260807_24204978.xml;2026-08-07;2026-07-31;PORTARIA Nº 114, DE 31 DE JULHO DE 2026;Ministério do Desenvolvimento e Assistência Social, Família e Combate à Fome/Secretaria Nacional de Assistência Social/Departamento da Rede Socioassistencial Privada do Sistema Único de Assistência Social;ASSISTENCIA;08925899000165;S;ASSOCIAÇÃO BRASILEIRA DE APOIO A CRIANÇA ADOLESCENTE E FAMILIA - PONTE;SÃO CAETANO DO SUL/SP;INDEFERIMENTO;N;concessao;;148;24;http://pesquisa.in.gov.br/imprensa/jsp/visualiza/index.jsp?data=07/08/2026&jornal=515&pagina=24;DOU_XML;"Art. 1º Indeferir o pedido de concessão da certificação de entidade beneficente de assistência social das seguintes entidades, por não cumprirem requisitos lega [...] 9) ASSOCIAÇÃO BRASILEIRA DE APOIO A CRIANÇA ADOLESCENTE E FAMILIA - PONTE, CNPJ 08.925.899/0001-65, SÃO CAETANO DO SUL/SP, processo nº 308796.0861332/2024. Não apresentou documento(s) obrigatório(s) ; Não demonstrou atuar preponderantemente no âmbito da Assistência Social."
24204978#5;24204978;515_20260807_24204978.xml;2026-08-07;2026-07-31;PORTARIA Nº 114, DE 31 DE JULHO DE 2026;Ministério do Desenvolvimento e Assistência Social, Família e Combate à Fome/Secretaria Nacional de Assistência Social/Departamento da Rede Socioassistencial Privada do Sistema Único de Assistência Social;ASSISTENCIA;08926821000165;S;ASSOCIAÇÃO CULTURAL E COMUNITÁRIA SORRISO DO FUTURO;SÃO PAULO/SP;INDEFERIMENTO;N;concessao;;148;24;http://pesquisa.in.gov.br/imprensa/jsp/visualiza/index.jsp?data=07/08/2026&jornal=515&pagina=24;DOU_XML;"Art. 1º Indeferir o pedido de concessão da certificação de entidade beneficente de assistência social das seguintes entidades, por não cumprirem requisitos lega [...] 10) ASSOCIAÇÃO CULTURAL E COMUNITÁRIA SORRISO DO FUTURO, CNPJ 08.926.821/0001-65, SÃO PAULO/SP, processo nº 308796.0911668/2024. Não apresentou documento(s) obrigatório(s) ; Não demonstrou continuidade nas ofertas ; Não demonstrou atuar preponderantemente no âmbito da Assistência Social."
24204978#5;24204978;515_20260807_24204978.xml;2026-08-07;2026-07-31;PORTARIA Nº 114, DE 31 DE JULHO DE 2026;Ministério do Desenvolvimento e Assistência Social, Família e Combate à Fome/Secretaria Nacional de Assistência Social/Departamento da Rede Socioassistencial Privada do Sistema Único de Assistência Social;ASSISTENCIA;68011394000117;S;ASSOCIAÇÃO DE AMIGOS DO LAR DO MENOR ASSISTIDO;GUARUJÁ/SP;INDEFERIMENTO;N;concessao;;148;24;http://pesquisa.in.gov.br/imprensa/jsp/visualiza/index.jsp?data=07/08/2026&jornal=515&pagina=24;DOU_XML;Art. 1º Indeferir o pedido de concessão da certificação de entidade beneficente de assistência social das seguintes entidades, por não cumprirem requisitos lega [...] 11) ASSOCIAÇÃO DE AMIGOS DO LAR DO MENOR ASSISTIDO, CNPJ 68.011.394/0001-17, GUARUJÁ/SP, processo nº 308796.1006092/2024. Estatuto Social não compatível com a legislação.
24204978#5;24204978;515_20260807_24204978.xml;2026-08-07;2026-07-31;PORTARIA Nº 114, DE 31 DE JULHO DE 2026;Ministério do Desenvolvimento e Assistência Social, Família e Combate à Fome/Secretaria Nacional de Assistência Social/Departamento da Rede Socioassistencial Privada do Sistema Único de Assistência Social;ASSISTENCIA;03043855000198;S;ASSOCIAÇÃO DE APOIO AOS PORTADORES DE CÂNCER DE CATALÃO;CATALÃO/GO;INDEFERIMENTO;N;concessao;;148;24;http://pesquisa.in.gov.br/imprensa/jsp/visualiza/index.jsp?data=07/08/2026&jornal=515&pagina=24;DOU_XML;"Art. 1º Indeferir o pedido de concessão da certificação de entidade beneficente de assistência social das seguintes entidades, por não cumprirem requisitos lega [...] 12) ASSOCIAÇÃO DE APOIO AOS PORTADORES DE CÂNCER DE CATALÃO, CNPJ 03.043.855/0001-98, CATALÃO/GO, processo nº 308796.0659699/2023. Não está de acordo com a Política Nacional de Assistência Social - PNAS ; Não atua no âmbito da assistência social ; Não demonstrou atuar preponderantemente no âmbito da Assistência Social ; Não demonstrou continuidade nas ofertas."
24204978#5;24204978;515_20260807_24204978.xml;2026-08-07;2026-07-31;PORTARIA Nº 114, DE 31 DE JULHO DE 2026;Ministério do Desenvolvimento e Assistência Social, Família e Combate à Fome/Secretaria Nacional de Assistência Social/Departamento da Rede Socioassistencial Privada do Sistema Único de Assistência Social;ASSISTENCIA;09329167000175;S;ASSOCIAÇÃO DE DEFICIENTES FICOS DE CAMPO ALEGRE;CAMPO ALEGRE/AL;INDEFERIMENTO;N;concessao;;148;24;http://pesquisa.in.gov.br/imprensa/jsp/visualiza/index.jsp?data=07/08/2026&jornal=515&pagina=24;DOU_XML;"Art. 1º Indeferir o pedido de concessão da certificação de entidade beneficente de assistência social das seguintes entidades, por não cumprirem requisitos lega [...] 13) ASSOCIAÇÃO DE DEFICIENTES FICOS DE CAMPO ALEGRE, CNPJ 09.329.167/0001-75, CAMPO ALEGRE/AL, processo nº 308796.0793423/2023. Não apresentou documento(s) obrigatório(s) ; Estatuto Social não compatível com a legislação ; Não demonstrou continuidade nas ofertas ; Não demonstrou planejamento nas ofertas."
24204978#5;24204978;515_20260807_24204978.xml;2026-08-07;2026-07-31;PORTARIA Nº 114, DE 31 DE JULHO DE 2026;Ministério do Desenvolvimento e Assistência Social, Família e Combate à Fome/Secretaria Nacional de Assistência Social/Departamento da Rede Socioassistencial Privada do Sistema Único de Assistência Social;ASSISTENCIA;26262061000110;S;ASSOCIAÇÃO DE PAIS E AMIGOS DOS AUTISTAS DE CACHOEIRINHA PAIS E AMOR;CACHOEIRINHA/RS;INDEFERIMENTO;N;concessao;;148;24;http://pesquisa.in.gov.br/imprensa/jsp/visualiza/index.jsp?data=07/08/2026&jornal=515&pagina=24;DOU_XML;"Art. 1º Indeferir o pedido de concessão da certificação de entidade beneficente de assistência social das seguintes entidades, por não cumprirem requisitos lega [...] 14) ASSOCIAÇÃO DE PAIS E AMIGOS DOS AUTISTAS DE CACHOEIRINHA PAIS E AMOR, CNPJ 26.262.061/0001-10, CACHOEIRINHA/RS, processo nº 308796.0739777/2023. Estatuto Social não compatível com a legislação ; Não demonstrou continuidade nas ofertas."
24204978#5;24204978;515_20260807_24204978.xml;2026-08-07;2026-07-31;PORTARIA Nº 114, DE 31 DE JULHO DE 2026;Ministério do Desenvolvimento e Assistência Social, Família e Combate à Fome/Secretaria Nacional de Assistência Social/Departamento da Rede Socioassistencial Privada do Sistema Único de Assistência Social;ASSISTENCIA;07454825000125;S;ASSOCIACAO DE PAIS E AMIGOS DOS EXCEPCIONAIS DE CAPAO DO LEAO;CAPÃO DO LEÃO/RS;INDEFERIMENTO;N;concessao;;148;24;http://pesquisa.in.gov.br/imprensa/jsp/visualiza/index.jsp?data=07/08/2026&jornal=515&pagina=24;DOU_XML;Art. 1º Indeferir o pedido de concessão da certificação de entidade beneficente de assistência social das seguintes entidades, por não cumprirem requisitos lega [...] 15) ASSOCIACAO DE PAIS E AMIGOS DOS EXCEPCIONAIS DE CAPAO DO LEAO, CNPJ 07.454.825/0001-25, CAPÃO DO LEÃO/RS, processo nº 235874.0455050/2022. Não apresentou documento(s) obrigatório(s).
24204978#5;24204978;515_20260807_24204978.xml;2026-08-07;2026-07-31;PORTARIA Nº 114, DE 31 DE JULHO DE 2026;Ministério do Desenvolvimento e Assistência Social, Família e Combate à Fome/Secretaria Nacional de Assistência Social/Departamento da Rede Socioassistencial Privada do Sistema Único de Assistência Social;ASSISTENCIA;06089315000133;S;ASSOCIAÇÃO DE PAIS E AMIGOS DOS EXCEPCIONAIS DE MAMANGUAPE;MAMANGUAPE/PB;INDEFERIMENTO;N;concessao;;148;24;http://pesquisa.in.gov.br/imprensa/jsp/visualiza/index.jsp?data=07/08/2026&jornal=515&pagina=24;DOU_XML;Art. 1º Indeferir o pedido de concessão da certificação de entidade beneficente de assistência social das seguintes entidades, por não cumprirem requisitos lega [...] 16) ASSOCIAÇÃO DE PAIS E AMIGOS DOS EXCEPCIONAIS DE MAMANGUAPE, CNPJ 06.089.315/0001-33, MAMANGUAPE/PB, processo nº 308796.1058005/2024. Não demonstrou continuidade nas ofertas.
24204978#5;24204978;515_20260807_24204978.xml;2026-08-07;2026-07-31;PORTARIA Nº 114, DE 31 DE JULHO DE 2026;Ministério do Desenvolvimento e Assistência Social, Família e Combate à Fome/Secretaria Nacional de Assistência Social/Departamento da Rede Socioassistencial Privada do Sistema Único de Assistência Social;ASSISTENCIA;14814468000124;S;ASSOCIAÇÃO DE PAIS E AMIGOS DOS EXCEPCIONAIS DE SAIRÉ - PE;SAIRÉ/PE;INDEFERIMENTO;N;concessao;;148;24;http://pesquisa.in.gov.br/imprensa/jsp/visualiza/index.jsp?data=07/08/2026&jornal=515&pagina=24;DOU_XML;"Art. 1º Indeferir o pedido de concessão da certificação de entidade beneficente de assistência social das seguintes entidades, por não cumprirem requisitos lega [...] 17) ASSOCIAÇÃO DE PAIS E AMIGOS DOS EXCEPCIONAIS DE SAIRÉ - PE, CNPJ 14.814.468/0001-24, SAIRÉ/PE, processo nº 235874.0290958/2022. Estatuto Social não compatível com a legislação ; Não possui cadastro CNEAS concluído no ano do protocolo ou do anterior."
24204978#5;24204978;515_20260807_24204978.xml;2026-08-07;2026-07-31;PORTARIA Nº 114, DE 31 DE JULHO DE 2026;Ministério do Desenvolvimento e Assistência Social, Família e Combate à Fome/Secretaria Nacional de Assistência Social/Departamento da Rede Socioassistencial Privada do Sistema Único de Assistência Social;ASSISTENCIA;40769009000186;S;ASSOCIACAO DE PAIS E AMIGOS DOS EXCEPCIONAIS DE VALENCA - BAHIA;VALENÇA/BA;INDEFERIMENTO;N;concessao;;148;24;http://pesquisa.in.gov.br/imprensa/jsp/visualiza/index.jsp?data=07/08/2026&jornal=515&pagina=24;DOU_XML;"Art. 1º Indeferir o pedido de concessão da certificação de entidade beneficente de assistência social das seguintes entidades, por não cumprirem requisitos lega [...] 18) ASSOCIACAO DE PAIS E AMIGOS DOS EXCEPCIONAIS DE VALENCA - BAHIA, CNPJ 40.769.009/0001-86, VALENÇA/BA, processo nº 235874.0337612/2022. Não apresentou documento(s) obrigatório(s) ; Não está de acordo com a Política Nacional de Assistência Social - PNAS ; Não atua no âmbito da assistência social ; Não demonstrou atuar preponderantemente no âmbito da Assistência Social."
24204978#5;24204978;515_20260807_24204978.xml;2026-08-07;2026-07-31;PORTARIA Nº 114, DE 31 DE JULHO DE 2026;Ministério do Desenvolvimento e Assistência Social, Família e Combate à Fome/Secretaria Nacional de Assistência Social/Departamento da Rede Socioassistencial Privada do Sistema Único de Assistência Social;ASSISTENCIA;30984623000107;S;ASSOCIAÇÃO DOS CAVALEIROS E AMAZONAS DE CAPINÓPOLIS - ACACAP;CAPINÓPOLIS/MG;INDEFERIMENTO;N;concessao;;148;24;http://pesquisa.in.gov.br/imprensa/jsp/visualiza/index.jsp?data=07/08/2026&jornal=515&pagina=24;DOU_XML;"Art. 1º Indeferir o pedido de concessão da certificação de entidade beneficente de assistência social das seguintes entidades, por não cumprirem requisitos lega [...] 19) ASSOCIAÇÃO DOS CAVALEIROS E AMAZONAS DE CAPINÓPOLIS - ACACAP, CNPJ 30.984.623/0001-07, CAPINÓPOLIS/MG, processo nº 308796.1091187/2024. Não atua no âmbito da assistência social ; Não está de acordo com a Política Nacional de Assistência Social - PNAS."
24204978#5;24204978;515_20260807_24204978.xml;2026-08-07;2026-07-31;PORTARIA Nº 114, DE 31 DE JULHO DE 2026;Ministério do Desenvolvimento e Assistência Social, Família e Combate à Fome/Secretaria Nacional de Assistência Social/Departamento da Rede Socioassistencial Privada do Sistema Único de Assistência Social;ASSISTENCIA;37881762000154;S;ASSOCIAÇAO DOS MORADORES DO SITIO IPANEMA;FORTALEZA/CE;INDEFERIMENTO;N;concessao;;148;24;http://pesquisa.in.gov.br/imprensa/jsp/visualiza/index.jsp?data=07/08/2026&jornal=515&pagina=24;DOU_XML;"Art. 1º Indeferir o pedido de concessão da certificação de entidade beneficente de assistência social das seguintes entidades, por não cumprirem requisitos lega [...] 20) ASSOCIAÇAO DOS MORADORES DO SITIO IPANEMA, CNPJ 37.881.762/0001-54, FORTALEZA/CE, processo nº 235874.0576137/2023. Não está de acordo com a Política Nacional de Assistência Social - PNAS ; Estatuto Social não compatível com a legislação ; Não demonstrou continuidade nas ofertas ; Não demonstrou planejamento nas ofertas ; Não atua no âmbito da assistência social ; Não demonstrou atuar preponderantemente no âmbito da Assistência Social."
24204978#5;24204978;515_20260807_24204978.xml;2026-08-07;2026-07-31;PORTARIA Nº 114, DE 31 DE JULHO DE 2026;Ministério do Desenvolvimento e Assistência Social, Família e Combate à Fome/Secretaria Nacional de Assistência Social/Departamento da Rede Socioassistencial Privada do Sistema Único de Assistência Social;ASSISTENCIA;39518337000120;S;ASSOCIAÇÃO EXPERIMENTAL DE MÍDIA COMUNITÁRIA;NITERÓI/RJ;INDEFERIMENTO;N;concessao;;148;24;http://pesquisa.in.gov.br/imprensa/jsp/visualiza/index.jsp?data=07/08/2026&jornal=515&pagina=24;DOU_XML;Art. 1º Indeferir o pedido de concessão da certificação de entidade beneficente de assistência social das seguintes entidades, por não cumprirem requisitos lega [...] 21) ASSOCIAÇÃO EXPERIMENTAL DE MÍDIA COMUNITÁRIA, CNPJ 39.518.337/0001-20, NITERÓI/RJ, processo nº 308796.1059473/2024. Estatuto Social não compatível com a legislação.
24204978#5;24204978;515_20260807_24204978.xml;2026-08-07;2026-07-31;PORTARIA Nº 114, DE 31 DE JULHO DE 2026;Ministério do Desenvolvimento e Assistência Social, Família e Combate à Fome/Secretaria Nacional de Assistência Social/Departamento da Rede Socioassistencial Privada do Sistema Único de Assistência Social;ASSISTENCIA;07902338000188;S;ASSOCIACAO GIRAO DE ARTES MARCIAIS - AGAM;PARAUAPEBAS/PA;INDEFERIMENTO;N;concessao;;148;24;http://pesquisa.in.gov.br/imprensa/jsp/visualiza/index.jsp?data=07/08/2026&jornal=515&pagina=24;DOU_XML;"Art. 1º Indeferir o pedido de concessão da certificação de entidade beneficente de assistência social das seguintes entidades, por não cumprirem requisitos lega [...] 22) ASSOCIACAO GIRAO DE ARTES MARCIAIS - AGAM, CNPJ 07.902.338/0001-88, PARAUAPEBAS/PA, processo nº 308796.0680095/2023. Não atua no âmbito da assistência social ; Não está de acordo com a Política Nacional de Assistência Social - PNAS."
24204978#5;24204978;515_20260807_24204978.xml;2026-08-07;2026-07-31;PORTARIA Nº 114, DE 31 DE JULHO DE 2026;Ministério do Desenvolvimento e Assistência Social, Família e Combate à Fome/Secretaria Nacional de Assistência Social/Departamento da Rede Socioassistencial Privada do Sistema Único de Assistência Social;ASSISTENCIA;81880130000168;S;ASSOCIACAO JAC DE REAB AO DEF. AUD E ATEND. AO DEF. VISUAL;JACAREZINHO/PR;INDEFERIMENTO;N;concessao;;148;24;http://pesquisa.in.gov.br/imprensa/jsp/visualiza/index.jsp?data=07/08/2026&jornal=515&pagina=24;DOU_XML;Art. 1º Indeferir o pedido de concessão da certificação de entidade beneficente de assistência social das seguintes entidades, por não cumprirem requisitos lega [...] 23) ASSOCIACAO JAC DE REAB AO DEF. AUD E ATEND. AO DEF. VISUAL, CNPJ 81.880.130/0001-68, JACAREZINHO/PR, processo nº 308796.1089416/2024. Estatuto Social não compatível com a legislação.
24204978#5;24204978;515_20260807_24204978.xml;2026-08-07;2026-07-31;PORTARIA Nº 114, DE 31 DE JULHO DE 2026;Ministério do Desenvolvimento e Assistência Social, Família e Combate à Fome/Secretaria Nacional de Assistência Social/Departamento da Rede Socioassistencial Privada do Sistema Único de Assistência Social;ASSISTENCIA;42773837000113;S;ASSOCIAÇÃO LAR DE IDOSOS GRANDE FAMÍLIA;BARRA VELHA/SC;INDEFERIMENTO;N;concessao;;148;24;http://pesquisa.in.gov.br/imprensa/jsp/visualiza/index.jsp?data=07/08/2026&jornal=515&pagina=24;DOU_XML;Art. 1º Indeferir o pedido de concessão da certificação de entidade beneficente de assistência social das seguintes entidades, por não cumprirem requisitos lega [...] 24) ASSOCIAÇÃO LAR DE IDOSOS GRANDE FAMÍLIA, CNPJ 42.773.837/0001-13, BARRA VELHA/SC, processo nº 308796.0703946/2023. Não apresentou documento(s) obrigatório(s).
24204978#5;24204978;515_20260807_24204978.xml;2026-08-07;2026-07-31;PORTARIA Nº 114, DE 31 DE JULHO DE 2026;Ministério do Desenvolvimento e Assistência Social, Família e Combate à Fome/Secretaria Nacional de Assistência Social/Departamento da Rede Socioassistencial Privada do Sistema Único de Assistência Social;ASSISTENCIA;06351091000196;S;CASA DO IDOSO AMOR À VIDA - CIAV;LUZIÂNIA/GO;INDEFERIMENTO;N;concessao;;148;24;http://pesquisa.in.gov.br/imprensa/jsp/visualiza/index.jsp?data=07/08/2026&jornal=515&pagina=24;DOU_XML;Art. 1º Indeferir o pedido de concessão da certificação de entidade beneficente de assistência social das seguintes entidades, por não cumprirem requisitos lega [...] 25) CASA DO IDOSO AMOR À VIDA - CIAV, CNPJ 06.351.091/0001-96, LUZIÂNIA/GO, processo nº 308796.0728927/2023. Não apresentou documento(s) obrigatório(s).
24204978#5;24204978;515_20260807_24204978.xml;2026-08-07;2026-07-31;PORTARIA Nº 114, DE 31 DE JULHO DE 2026;Ministério do Desenvolvimento e Assistência Social, Família e Combate à Fome/Secretaria Nacional de Assistência Social/Departamento da Rede Socioassistencial Privada do Sistema Único de Assistência Social;ASSISTENCIA;03525724000147;S;CIRCULO DE AMIGOS DO MENOR PATRULHEIRO DE ITANHAEM - CAMP;ITANHAÉM/SP;INDEFERIMENTO;N;concessao;;148;24;http://pesquisa.in.gov.br/imprensa/jsp/visualiza/index.jsp?data=07/08/2026&jornal=515&pagina=24;DOU_XML;Art. 1º Indeferir o pedido de concessão da certificação de entidade beneficente de assistência social das seguintes entidades, por não cumprirem requisitos lega [...] 26) CIRCULO DE AMIGOS DO MENOR PATRULHEIRO DE ITANHAEM - CAMP, CNPJ 03.525.724/0001-47, ITANHAÉM/SP, processo nº 235874.0577908/2023. Estatuto Social não compatível com a legislação.
24204978#5;24204978;515_20260807_24204978.xml;2026-08-07;2026-07-31;PORTARIA Nº 114, DE 31 DE JULHO DE 2026;Ministério do Desenvolvimento e Assistência Social, Família e Combate à Fome/Secretaria Nacional de Assistência Social/Departamento da Rede Socioassistencial Privada do Sistema Único de Assistência Social;ASSISTENCIA;47642339000155;S;CUMPRIR SOCIAL;SÃO JOSÉ DO RIO PRETO/SP;INDEFERIMENTO;N;concessao;;148;24;http://pesquisa.in.gov.br/imprensa/jsp/visualiza/index.jsp?data=07/08/2026&jornal=515&pagina=24;DOU_XML;"Art. 1º Indeferir o pedido de concessão da certificação de entidade beneficente de assistência social das seguintes entidades, por não cumprirem requisitos lega [...] 27) CUMPRIR SOCIAL, CNPJ 47.642.339/0001-55, SÃO JOSÉ DO RIO PRETO/SP, processo nº 308796.1067857/2024. Não demonstrou atuar preponderantemente no âmbito da Assistência Social ; Não está de acordo com a Política Nacional de Assistência Social - PNAS ; Não atua no âmbito da assistência social."
24204978#5;24204978;515_20260807_24204978.xml;2026-08-07;2026-07-31;PORTARIA Nº 114, DE 31 DE JULHO DE 2026;Ministério do Desenvolvimento e Assistência Social, Família e Combate à Fome/Secretaria Nacional de Assistência Social/Departamento da Rede Socioassistencial Privada do Sistema Único de Assistência Social;ASSISTENCIA;55241763000116;S;EZEQUIEL DOS SANTOS OLIVEIRA;TUBARÃO/SC;INDEFERIMENTO;N;concessao;;148;24;http://pesquisa.in.gov.br/imprensa/jsp/visualiza/index.jsp?data=07/08/2026&jornal=515&pagina=24;DOU_XML;Art. 1º Indeferir o pedido de concessão da certificação de entidade beneficente de assistência social das seguintes entidades, por não cumprirem requisitos lega [...] 28) EZEQUIEL DOS SANTOS OLIVEIRA, CNPJ 55.241.763/0001-16, TUBARÃO/SC, processo nº 308796.1332933/2025. Não demonstrou período mínimo de doze meses de constituição da entidade no exercício fiscal anterior ao do requerimento.
24204978#5;24204978;515_20260807_24204978.xml;2026-08-07;2026-07-31;PORTARIA Nº 114, DE 31 DE JULHO DE 2026;Ministério do Desenvolvimento e Assistência Social, Família e Combate à Fome/Secretaria Nacional de Assistência Social/Departamento da Rede Socioassistencial Privada do Sistema Único de Assistência Social;ASSISTENCIA;01241361000192;S;FUNDACAO ANTONIO FRANCISCO LISBOA O ALEIJADINHO;OURO PRETO/MG;INDEFERIMENTO;N;concessao;;148;24;http://pesquisa.in.gov.br/imprensa/jsp/visualiza/index.jsp?data=07/08/2026&jornal=515&pagina=24;DOU_XML;"Art. 1º Indeferir o pedido de concessão da certificação de entidade beneficente de assistência social das seguintes entidades, por não cumprirem requisitos lega [...] 29) FUNDACAO ANTONIO FRANCISCO LISBOA O ALEIJADINHO, CNPJ 01.241.361/0001-92, OURO PRETO/MG, processo nº 308796.0934012/2024. Não apresentou documento(s) obrigatório(s) ; Não está de acordo com a Política Nacional de Assistência Social - PNAS ; Não demonstrou continuidade nas ofertas ; Não atua preponderantemente no âmbito da assistência social."
24204978#5;24204978;515_20260807_24204978.xml;2026-08-07;2026-07-31;PORTARIA Nº 114, DE 31 DE JULHO DE 2026;Ministério do Desenvolvimento e Assistência Social, Família e Combate à Fome/Secretaria Nacional de Assistência Social/Departamento da Rede Socioassistencial Privada do Sistema Único de Assistência Social;ASSISTENCIA;23778639000106;S;FUNDAÇÃO DE INTEGRAÇÃO AMAZÔNICA;SANTARÉM/PA;INDEFERIMENTO;N;concessao;;148;24;http://pesquisa.in.gov.br/imprensa/jsp/visualiza/index.jsp?data=07/08/2026&jornal=515&pagina=24;DOU_XML;"Art. 1º Indeferir o pedido de concessão da certificação de entidade beneficente de assistência social das seguintes entidades, por não cumprirem requisitos lega [...] 30) FUNDAÇÃO DE INTEGRAÇÃO AMAZÔNICA, CNPJ 23.778.639/0001-06, SANTARÉM/PA, processo nº 308796.0905600/2024. Não apresentou documento(s) obrigatório(s) ; Estatuto Social não compatível com a legislação ; Não demonstrou atuar preponderantemente no âmbito da Assistência Social."
24204978#5;24204978;515_20260807_24204978.xml;2026-08-07;2026-07-31;PORTARIA Nº 114, DE 31 DE JULHO DE 2026;Ministério do Desenvolvimento e Assistência Social, Família e Combate à Fome/Secretaria Nacional de Assistência Social/Departamento da Rede Socioassistencial Privada do Sistema Único de Assistência Social;ASSISTENCIA;60295841000103;S;FUNDACAO NACIONAL DE DESNVOLVIMENTO ECONOMICO E SOCIOAMBIENTAL - FNDESA;ANANÁS/TO;INDEFERIMENTO;N;concessao;;148;24;http://pesquisa.in.gov.br/imprensa/jsp/visualiza/index.jsp?data=07/08/2026&jornal=515&pagina=24;DOU_XML;Art. 1º Indeferir o pedido de concessão da certificação de entidade beneficente de assistência social das seguintes entidades, por não cumprirem requisitos lega [...] 31) FUNDACAO NACIONAL DE DESNVOLVIMENTO ECONOMICO E SOCIOAMBIENTAL - FNDESA, CNPJ 60.295.841/0001-03, ANANÁS/TO, processo nº 308796.1332211/2025. Não demonstrou período mínimo de doze meses de constituição da entidade no exercício fiscal anterior ao do requerimento.
24204978#5;24204978;515_20260807_24204978.xml;2026-08-07;2026-07-31;PORTARIA Nº 114, DE 31 DE JULHO DE 2026;Ministério do Desenvolvimento e Assistência Social, Família e Combate à Fome/Secretaria Nacional de Assistência Social/Departamento da Rede Socioassistencial Privada do Sistema Único de Assistência Social;ASSISTENCIA;17982835000197;S;FUNDAÇÃO SOBREVIVI;BRASÍLIA/DF;INDEFERIMENTO;N;concessao;;148;24;http://pesquisa.in.gov.br/imprensa/jsp/visualiza/index.jsp?data=07/08/2026&jornal=515&pagina=24;DOU_XML;"Art. 1º Indeferir o pedido de concessão da certificação de entidade beneficente de assistência social das seguintes entidades, por não cumprirem requisitos lega [...] 32) FUNDAÇÃO SOBREVIVI, CNPJ 17.982.835/0001-97, BRASÍLIA/DF, processo nº 308796.1098892/2024. Não demonstrou atuar preponderantemente no âmbito da Assistência Social ; Não demonstrou continuidade nas ofertas."
24204978#5;24204978;515_20260807_24204978.xml;2026-08-07;2026-07-31;PORTARIA Nº 114, DE 31 DE JULHO DE 2026;Ministério do Desenvolvimento e Assistência Social, Família e Combate à Fome/Secretaria Nacional de Assistência Social/Departamento da Rede Socioassistencial Privada do Sistema Único de Assistência Social;ASSISTENCIA;28843501000159;S;INSTITUTO ARTES SEM LIMITES;VILA VELHA/ES;INDEFERIMENTO;N;concessao;;148;24;http://pesquisa.in.gov.br/imprensa/jsp/visualiza/index.jsp?data=07/08/2026&jornal=515&pagina=24;DOU_XML;Art. 1º Indeferir o pedido de concessão da certificação de entidade beneficente de assistência social das seguintes entidades, por não cumprirem requisitos lega [...] 33) INSTITUTO ARTES SEM LIMITES, CNPJ 28.843.501/0001-59, VILA VELHA/ES, processo nº 235874.0608458/2023. Estatuto Social não compatível com a legislação.
24204978#5;24204978;515_20260807_24204978.xml;2026-08-07;2026-07-31;PORTARIA Nº 114, DE 31 DE JULHO DE 2026;Ministério do Desenvolvimento e Assistência Social, Família e Combate à Fome/Secretaria Nacional de Assistência Social/Departamento da Rede Socioassistencial Privada do Sistema Único de Assistência Social;ASSISTENCIA;34467868000118;S;INSTITUTO BRASILEIRO BENEDITO AGUIAR;PAULÍNIA/SP;INDEFERIMENTO;N;concessao;;148;24;http://pesquisa.in.gov.br/imprensa/jsp/visualiza/index.jsp?data=07/08/2026&jornal=515&pagina=24;DOU_XML;Art. 1º Indeferir o pedido de concessão da certificação de entidade beneficente de assistência social das seguintes entidades, por não cumprirem requisitos lega [...] 34) INSTITUTO BRASILEIRO BENEDITO AGUIAR, CNPJ 34.467.868/0001-18, PAULÍNIA/SP, processo nº 308796.1001329/2024. Não apresentou documento(s) obrigatório(s)Estatuto Social não compatível com a legislaçãoNão está de acordo com a Política Nacional de Assistência Social - PNASNão demonstrou atuar preponderantemente no âmbito da Assistência SocialNão demonstrou continuidade nas ofertasNão possui cadastro CNEAS concluído no ano do protocolo ou do anteriorNão atua no âmbito da assistência socialNão demonstrou planejamento nas ofertas.
24204978#5;24204978;515_20260807_24204978.xml;2026-08-07;2026-07-31;PORTARIA Nº 114, DE 31 DE JULHO DE 2026;Ministério do Desenvolvimento e Assistência Social, Família e Combate à Fome/Secretaria Nacional de Assistência Social/Departamento da Rede Socioassistencial Privada do Sistema Único de Assistência Social;ASSISTENCIA;04426533000190;S;INSTITUTO CRISTÃO E SOLIDÁRIO DE CEILÂNIDA;BRASÍLIA/DF;INDEFERIMENTO;N;concessao;;148;24;http://pesquisa.in.gov.br/imprensa/jsp/visualiza/index.jsp?data=07/08/2026&jornal=515&pagina=24;DOU_XML;"Art. 1º Indeferir o pedido de concessão da certificação de entidade beneficente de assistência social das seguintes entidades, por não cumprirem requisitos lega [...] 35) INSTITUTO CRISTÃO E SOLIDÁRIO DE CEILÂNIDA, CNPJ 04.426.533/0001-90, BRASÍLIA/DF, processo nº 235874.0579833/2023. Não apresentou documento(s) obrigatório(s) ; Não está de acordo com a Política Nacional de Assistência Social - PNAS ; Não possui cadastro CNEAS concluído no ano do protocolo ou do anterior ; Não demonstrou continuidade nas ofertas ; Não demonstrou atuar preponderantemente no âmbito da Assistência Social ; Não atua no âmbito da assistência social."
24204978#5;24204978;515_20260807_24204978.xml;2026-08-07;2026-07-31;PORTARIA Nº 114, DE 31 DE JULHO DE 2026;Ministério do Desenvolvimento e Assistência Social, Família e Combate à Fome/Secretaria Nacional de Assistência Social/Departamento da Rede Socioassistencial Privada do Sistema Único de Assistência Social;ASSISTENCIA;19323266000101;S;INSTITUTO DA CRIANÇA LÉO DE SÁ;SÃO GONÇALO/RJ;INDEFERIMENTO;N;concessao;;148;24;http://pesquisa.in.gov.br/imprensa/jsp/visualiza/index.jsp?data=07/08/2026&jornal=515&pagina=24;DOU_XML;"Art. 1º Indeferir o pedido de concessão da certificação de entidade beneficente de assistência social das seguintes entidades, por não cumprirem requisitos lega [...] 36) INSTITUTO DA CRIANÇA LÉO DE SÁ, CNPJ 19.323.266/0001-01, SÃO GONÇALO/RJ, processo nº 235874.0576554/2023. Não demonstrou atuar preponderantemente no âmbito da Assistência Social ; Não demonstrou continuidade nas ofertas."
24204978#5;24204978;515_20260807_24204978.xml;2026-08-07;2026-07-31;PORTARIA Nº 114, DE 31 DE JULHO DE 2026;Ministério do Desenvolvimento e Assistência Social, Família e Combate à Fome/Secretaria Nacional de Assistência Social/Departamento da Rede Socioassistencial Privada do Sistema Único de Assistência Social;ASSISTENCIA;03205638000157;S;INSTITUTO DE ACAO SOCIAL VIDA E SAUDE DO AMAZONAS - IASVISAM;MANAUS/AM;INDEFERIMENTO;N;concessao;;148;24;http://pesquisa.in.gov.br/imprensa/jsp/visualiza/index.jsp?data=07/08/2026&jornal=515&pagina=24;DOU_XML;Art. 1º Indeferir o pedido de concessão da certificação de entidade beneficente de assistência social das seguintes entidades, por não cumprirem requisitos lega [...] 37) INSTITUTO DE ACAO SOCIAL VIDA E SAUDE DO AMAZONAS - IASVISAM, CNPJ 03.205.638/0001-57, MANAUS/AM, processo nº 308796.0888583/2024. Não demonstrou atuar preponderantemente no âmbito da Assistência Social.
24204978#5;24204978;515_20260807_24204978.xml;2026-08-07;2026-07-31;PORTARIA Nº 114, DE 31 DE JULHO DE 2026;Ministério do Desenvolvimento e Assistência Social, Família e Combate à Fome/Secretaria Nacional de Assistência Social/Departamento da Rede Socioassistencial Privada do Sistema Único de Assistência Social;ASSISTENCIA;01832903000100;S;INSTITUTO DE DESENVOLVIMENTO SOCIOAMBIENTAL;CACHOEIRAS DE MACACU/RJ;INDEFERIMENTO;N;concessao;;148;24;http://pesquisa.in.gov.br/imprensa/jsp/visualiza/index.jsp?data=07/08/2026&jornal=515&pagina=24;DOU_XML;"Art. 1º Indeferir o pedido de concessão da certificação de entidade beneficente de assistência social das seguintes entidades, por não cumprirem requisitos lega [...] 38) INSTITUTO DE DESENVOLVIMENTO SOCIOAMBIENTAL, CNPJ 01.832.903/0001-00, CACHOEIRAS DE MACACU/RJ, processo nº 308796.0980468/2024. Não apresentou documento(s) obrigatório(s) ; Não está de acordo com a Política Nacional de Assistência Social - PNAS ; Não demonstrou continuidade nas ofertas ; Não atua no âmbito da assistência social."
24204978#5;24204978;515_20260807_24204978.xml;2026-08-07;2026-07-31;PORTARIA Nº 114, DE 31 DE JULHO DE 2026;Ministério do Desenvolvimento e Assistência Social, Família e Combate à Fome/Secretaria Nacional de Assistência Social/Departamento da Rede Socioassistencial Privada do Sistema Único de Assistência Social;ASSISTENCIA;05932216000109;S;INSTITUTO DE ESTUDOS SOCIAIS E TERAPIAS INTEGRATIVAS - IESTI;SÃO LUÍS/MA;INDEFERIMENTO;N;concessao;;148;24;http://pesquisa.in.gov.br/imprensa/jsp/visualiza/index.jsp?data=07/08/2026&jornal=515&pagina=24;DOU_XML;Art. 1º Indeferir o pedido de concessão da certificação de entidade beneficente de assistência social das seguintes entidades, por não cumprirem requisitos lega [...] 39) INSTITUTO DE ESTUDOS SOCIAIS E TERAPIAS INTEGRATIVAS - IESTI, CNPJ 05.932.216/0001-09, SÃO LUÍS/MA, processo nº 308796.0855608/2024. Não demonstrou continuidade nas ofertas.
24204978#5;24204978;515_20260807_24204978.xml;2026-08-07;2026-07-31;PORTARIA Nº 114, DE 31 DE JULHO DE 2026;Ministério do Desenvolvimento e Assistência Social, Família e Combate à Fome/Secretaria Nacional de Assistência Social/Departamento da Rede Socioassistencial Privada do Sistema Único de Assistência Social;ASSISTENCIA;07397963000110;S;INSTITUTO EQUOSOUZA;FERRAZ DE VASCONCELOS/SP;INDEFERIMENTO;N;concessao;;148;24;http://pesquisa.in.gov.br/imprensa/jsp/visualiza/index.jsp?data=07/08/2026&jornal=515&pagina=24;DOU_XML;"Art. 1º Indeferir o pedido de concessão da certificação de entidade beneficente de assistência social das seguintes entidades, por não cumprirem requisitos lega [...] 40) INSTITUTO EQUOSOUZA, CNPJ 07.397.963/0001-10, FERRAZ DE VASCONCELOS/SP, processo nº 308796.0920362/2024. Não apresentou documento(s) obrigatório(s) ; Estatuto Social não compatível com a legislação ; Não atua preponderantemente no âmbito da assistência social ; Não está de acordo com a Política Nacional de Assistência Social - PNAS ; Não demonstrou continuidade nas ofertas ; Não atua no âmbito da assistência social ; Não demonstrou planejamento nas ofertas."
24204978#5;24204978;515_20260807_24204978.xml;2026-08-07;2026-07-31;PORTARIA Nº 114, DE 31 DE JULHO DE 2026;Ministério do Desenvolvimento e Assistência Social, Família e Combate à Fome/Secretaria Nacional de Assistência Social/Departamento da Rede Socioassistencial Privada do Sistema Único de Assistência Social;ASSISTENCIA;12985967000159;S;INSTITUTO GERAÇÃO TRICOLOR;PORTO ALEGRE/RS;INDEFERIMENTO;N;concessao;;148;24;http://pesquisa.in.gov.br/imprensa/jsp/visualiza/index.jsp?data=07/08/2026&jornal=515&pagina=24;DOU_XML;"Art. 1º Indeferir o pedido de concessão da certificação de entidade beneficente de assistência social das seguintes entidades, por não cumprirem requisitos lega [...] 41) INSTITUTO GERAÇÃO TRICOLOR, CNPJ 12.985.967/0001-59, PORTO ALEGRE/RS, processo nº 235874.0607998/2023. Estatuto Social não compatível com a legislação ; Não está de acordo com a Política Nacional de Assistência Social - PNAS ; Não atua no âmbito da assistência social."
24204978#5;24204978;515_20260807_24204978.xml;2026-08-07;2026-07-31;PORTARIA Nº 114, DE 31 DE JULHO DE 2026;Ministério do Desenvolvimento e Assistência Social, Família e Combate à Fome/Secretaria Nacional de Assistência Social/Departamento da Rede Socioassistencial Privada do Sistema Único de Assistência Social;ASSISTENCIA;31302545000186;S;INSTITUTO PASSARELA ALTERNATIVA;SÃO PAULO/SP;INDEFERIMENTO;N;concessao;;148;24;http://pesquisa.in.gov.br/imprensa/jsp/visualiza/index.jsp?data=07/08/2026&jornal=515&pagina=24;DOU_XML;Art. 1º Indeferir o pedido de concessão da certificação de entidade beneficente de assistência social das seguintes entidades, por não cumprirem requisitos lega [...] 42) INSTITUTO PASSARELA ALTERNATIVA, CNPJ 31.302.545/0001-86, SÃO PAULO/SP, processo nº 308796.1051773/2024. Não demonstrou atuar preponderantemente no âmbito da Assistência Social.
24204978#5;24204978;515_20260807_24204978.xml;2026-08-07;2026-07-31;PORTARIA Nº 114, DE 31 DE JULHO DE 2026;Ministério do Desenvolvimento e Assistência Social, Família e Combate à Fome/Secretaria Nacional de Assistência Social/Departamento da Rede Socioassistencial Privada do Sistema Único de Assistência Social;ASSISTENCIA;09469988000107;S;INSTITUTO SOCIAL DE ACOLHIMENTO DA MULHER INFANCIA E DA JUVENTUDE;GUARULHOS/SP;INDEFERIMENTO;N;concessao;;148;24;http://pesquisa.in.gov.br/imprensa/jsp/visualiza/index.jsp?data=07/08/2026&jornal=515&pagina=24;DOU_XML;"Art. 1º Indeferir o pedido de concessão da certificação de entidade beneficente de assistência social das seguintes entidades, por não cumprirem requisitos lega [...] 43) INSTITUTO SOCIAL DE ACOLHIMENTO DA MULHER INFANCIA E DA JUVENTUDE, CNPJ 09.469.988/0001-07, GUARULHOS/SP, processo nº 235874.0505922/2023. Não apresentou documento(s) obrigatório(s) ; Não demonstrou atuar preponderantemente no âmbito da Assistência Social ; Não está de acordo com a Política Nacional de Assistência Social - PNAS ; Não demonstrou continuidade nas ofertas ; Estatuto Social não compatível com a legislação ; Não atua no âmbito da assistência social."
24204978#5;24204978;515_20260807_24204978.xml;2026-08-07;2026-07-31;PORTARIA Nº 114, DE 31 DE JULHO DE 2026;Ministério do Desenvolvimento e Assistência Social, Família e Combate à Fome/Secretaria Nacional de Assistência Social/Departamento da Rede Socioassistencial Privada do Sistema Único de Assistência Social;ASSISTENCIA;57163078000144;S;INSTITUTO VIDA VERDE;SÃO PAULO/SP;INDEFERIMENTO;N;concessao;;148;24;http://pesquisa.in.gov.br/imprensa/jsp/visualiza/index.jsp?data=07/08/2026&jornal=515&pagina=24;DOU_XML;Art. 1º Indeferir o pedido de concessão da certificação de entidade beneficente de assistência social das seguintes entidades, por não cumprirem requisitos lega [...] 44) INSTITUTO VIDA VERDE, CNPJ 57.163.078/0001-44, SÃO PAULO/SP, processo nº 308796.1091992/2024. Não demonstrou período mínimo de doze meses de constituição da entidade no exercício fiscal anterior ao do requerimento.
24204978#5;24204978;515_20260807_24204978.xml;2026-08-07;2026-07-31;PORTARIA Nº 114, DE 31 DE JULHO DE 2026;Ministério do Desenvolvimento e Assistência Social, Família e Combate à Fome/Secretaria Nacional de Assistência Social/Departamento da Rede Socioassistencial Privada do Sistema Único de Assistência Social;ASSISTENCIA;07741748000194;S;JUNIOR ACHIEVEMENT BAHIA - JA BAHIA;SALVADOR/BA;INDEFERIMENTO;N;concessao;;148;24;http://pesquisa.in.gov.br/imprensa/jsp/visualiza/index.jsp?data=07/08/2026&jornal=515&pagina=24;DOU_XML;"Art. 1º Indeferir o pedido de concessão da certificação de entidade beneficente de assistência social das seguintes entidades, por não cumprirem requisitos lega [...] 45) JUNIOR ACHIEVEMENT BAHIA - JA BAHIA, CNPJ 07.741.748/0001-94, SALVADOR/BA, processo nº 235874.0255879/2022. Não apresentou documento(s) obrigatório(s) ; Não está de acordo com a Política Nacional de Assistência Social - PNAS ; Estatuto Social não compatível com a legislação ; Não demonstrou continuidade nas ofertas ; Não demonstrou planejamento nas ofertas ; Não atua no âmbito da assistência social."
24204978#5;24204978;515_20260807_24204978.xml;2026-08-07;2026-07-31;PORTARIA Nº 114, DE 31 DE JULHO DE 2026;Ministério do Desenvolvimento e Assistência Social, Família e Combate à Fome/Secretaria Nacional de Assistência Social/Departamento da Rede Socioassistencial Privada do Sistema Único de Assistência Social;ASSISTENCIA;25263242000107;S;MMA - MINISTERIO DE MISSOES E ADORACAO INTERDENOMINACIONAL DO BRASIL;LONDRINA/PR;INDEFERIMENTO;N;concessao;;148;24;http://pesquisa.in.gov.br/imprensa/jsp/visualiza/index.jsp?data=07/08/2026&jornal=515&pagina=24;DOU_XML;"Art. 1º Indeferir o pedido de concessão da certificação de entidade beneficente de assistência social das seguintes entidades, por não cumprirem requisitos lega [...] 46) MMA - MINISTERIO DE MISSOES E ADORACAO INTERDENOMINACIONAL DO BRASIL, CNPJ 25.263.242/0001-07, LONDRINA/PR, processo nº 308796.0784810/2023. Não apresentou documento(s) obrigatório(s); Não demonstrou atuar preponderantemente no âmbito da Assistência Social; Não está de acordo com a Política Nacional de Assistência Social - PNAS; Não atua no âmbito da assistência social; Estatuto Social não compatível com a legislação."
24204978#5;24204978;515_20260807_24204978.xml;2026-08-07;2026-07-31;PORTARIA Nº 114, DE 31 DE JULHO DE 2026;Ministério do Desenvolvimento e Assistência Social, Família e Combate à Fome/Secretaria Nacional de Assistência Social/Departamento da Rede Socioassistencial Privada do Sistema Único de Assistência Social;ASSISTENCIA;09405204000187;S;NÚCLEO DE APOIO A CRIANÇA COM CÂNCER - NACC;PORTO VELHO/RO;INDEFERIMENTO;N;concessao;;148;24;http://pesquisa.in.gov.br/imprensa/jsp/visualiza/index.jsp?data=07/08/2026&jornal=515&pagina=24;DOU_XML;Art. 1º Indeferir o pedido de concessão da certificação de entidade beneficente de assistência social das seguintes entidades, por não cumprirem requisitos lega [...] 47) NÚCLEO DE APOIO A CRIANÇA COM CÂNCER - NACC, CNPJ 09.405.204/0001-87, PORTO VELHO/RO, processo nº 235874.0620832/2023. Estatuto Social não compatível com a legislação.
24204978#5;24204978;515_20260807_24204978.xml;2026-08-07;2026-07-31;PORTARIA Nº 114, DE 31 DE JULHO DE 2026;Ministério do Desenvolvimento e Assistência Social, Família e Combate à Fome/Secretaria Nacional de Assistência Social/Departamento da Rede Socioassistencial Privada do Sistema Único de Assistência Social;ASSISTENCIA;20863268000164;S;ONG BELEM CASA DO PAO;DUQUE DE CAXIAS/RJ;INDEFERIMENTO;N;concessao;;148;24;http://pesquisa.in.gov.br/imprensa/jsp/visualiza/index.jsp?data=07/08/2026&jornal=515&pagina=24;DOU_XML;"Art. 1º Indeferir o pedido de concessão da certificação de entidade beneficente de assistência social das seguintes entidades, por não cumprirem requisitos lega [...] 48) ONG BELEM CASA DO PAO, CNPJ 20.863.268/0001-64, DUQUE DE CAXIAS/RJ, processo nº 235874.0176868/2021. Não apresentou documento(s) obrigatório(s) ; Estatuto Social não compatível com a legislação ; Não está de acordo com a Política Nacional de Assistência Social - PNAS ; Não atua no âmbito da assistência social."
24204978#5;24204978;515_20260807_24204978.xml;2026-08-07;2026-07-31;PORTARIA Nº 114, DE 31 DE JULHO DE 2026;Ministério do Desenvolvimento e Assistência Social, Família e Combate à Fome/Secretaria Nacional de Assistência Social/Departamento da Rede Socioassistencial Privada do Sistema Único de Assistência Social;ASSISTENCIA;04171165000187;S;APAE - ASSOCIAÇÃO DOS PAIS E AMIGOS DOS EXCEPCIONAIS DE JATAI;JATAÍ/GO;INDEFERIMENTO;N;renovacao;;148;24;http://pesquisa.in.gov.br/imprensa/jsp/visualiza/index.jsp?data=07/08/2026&jornal=515&pagina=24;DOU_XML;"Art. 2º Indeferir o pedido de renovação da certificação de entidade beneficente de assistência social das seguintes entidades, por não cumprirem requisitos lega [...] 1) APAE - ASSOCIAÇÃO DOS PAIS E AMIGOS DOS EXCEPCIONAIS DE JATAI, CNPJ 04.171.165/0001-87, JATAÍ/GO, processo nº 235874.0015530/2020. Não apresentou documento(s) obrigatório(s); Não demonstrou continuidade nas ofertas."
24204978#5;24204978;515_20260807_24204978.xml;2026-08-07;2026-07-31;PORTARIA Nº 114, DE 31 DE JULHO DE 2026;Ministério do Desenvolvimento e Assistência Social, Família e Combate à Fome/Secretaria Nacional de Assistência Social/Departamento da Rede Socioassistencial Privada do Sistema Único de Assistência Social;ASSISTENCIA;91101451000170;S;APAE DE SÃO JOSÉ DO NORTE;SÃO JOSÉ DO NORTE/RS;INDEFERIMENTO;N;renovacao;;148;24;http://pesquisa.in.gov.br/imprensa/jsp/visualiza/index.jsp?data=07/08/2026&jornal=515&pagina=24;DOU_XML;"Art. 2º Indeferir o pedido de renovação da certificação de entidade beneficente de assistência social das seguintes entidades, por não cumprirem requisitos lega [...] 2) APAE DE SÃO JOSÉ DO NORTE, CNPJ 91.101.451/0001-70, SÃO JOSÉ DO NORTE/RS, processo nº 235874.0650183/2023. Estatuto Social não compatível com a legislação ; Não demonstrou continuidade nas ofertas."
24204978#5;24204978;515_20260807_24204978.xml;2026-08-07;2026-07-31;PORTARIA Nº 114, DE 31 DE JULHO DE 2026;Ministério do Desenvolvimento e Assistência Social, Família e Combate à Fome/Secretaria Nacional de Assistência Social/Departamento da Rede Socioassistencial Privada do Sistema Único de Assistência Social;ASSISTENCIA;00839387000174;S;ASSOC DE PAIS E AMIGOS DOS EXCEPCIONAIS;BALSAS/MA;INDEFERIMENTO;N;renovacao;;148;24;http://pesquisa.in.gov.br/imprensa/jsp/visualiza/index.jsp?data=07/08/2026&jornal=515&pagina=24;DOU_XML;"Art. 2º Indeferir o pedido de renovação da certificação de entidade beneficente de assistência social das seguintes entidades, por não cumprirem requisitos lega [...] 3) ASSOC DE PAIS E AMIGOS DOS EXCEPCIONAIS, CNPJ 00.839.387/0001-74, BALSAS/MA, processo nº 308796.0900728/2024. Não apresentou documento(s) obrigatório(s) ; Não demonstrou atuar preponderantemente no âmbito da Assistência Social."
24204978#5;24204978;515_20260807_24204978.xml;2026-08-07;2026-07-31;PORTARIA Nº 114, DE 31 DE JULHO DE 2026;Ministério do Desenvolvimento e Assistência Social, Família e Combate à Fome/Secretaria Nacional de Assistência Social/Departamento da Rede Socioassistencial Privada do Sistema Único de Assistência Social;ASSISTENCIA;78599651000137;S;ASSOCIAÇÃO ARTESANAL DO EXCEPCIONAL DE PONTA GROSSA;PONTA GROSSA/PR;INDEFERIMENTO;N;renovacao;;148;24;http://pesquisa.in.gov.br/imprensa/jsp/visualiza/index.jsp?data=07/08/2026&jornal=515&pagina=24;DOU_XML;"Art. 2º Indeferir o pedido de renovação da certificação de entidade beneficente de assistência social das seguintes entidades, por não cumprirem requisitos lega [...] 4) ASSOCIAÇÃO ARTESANAL DO EXCEPCIONAL DE PONTA GROSSA, CNPJ 78.599.651/0001-37, PONTA GROSSA/PR, processo nº 308796.0774387/2023. Não está de acordo com a Política Nacional de Assistência Social - PNAS ; Não atua no âmbito da assistência social ; Não demonstrou atuar preponderantemente no âmbito da Assistência Social."
24204978#5;24204978;515_20260807_24204978.xml;2026-08-07;2026-07-31;PORTARIA Nº 114, DE 31 DE JULHO DE 2026;Ministério do Desenvolvimento e Assistência Social, Família e Combate à Fome/Secretaria Nacional de Assistência Social/Departamento da Rede Socioassistencial Privada do Sistema Único de Assistência Social;ASSISTENCIA;06078484000178;S;ASSOCIAÇÃO ASSISTENCIAL MEIMEI;ITABERÁ/SP;INDEFERIMENTO;N;renovacao;;148;24;http://pesquisa.in.gov.br/imprensa/jsp/visualiza/index.jsp?data=07/08/2026&jornal=515&pagina=24;DOU_XML;"Art. 2º Indeferir o pedido de renovação da certificação de entidade beneficente de assistência social das seguintes entidades, por não cumprirem requisitos lega [...] 5) ASSOCIAÇÃO ASSISTENCIAL MEIMEI, CNPJ 06.078.484/0001-78, ITABERÁ/SP, processo nº 308796.0860800/2024. Não apresentou documento(s) obrigatório(s) ; Não demonstrou atuar preponderantemente no âmbito da Assistência Social."
24204978#5;24204978;515_20260807_24204978.xml;2026-08-07;2026-07-31;PORTARIA Nº 114, DE 31 DE JULHO DE 2026;Ministério do Desenvolvimento e Assistência Social, Família e Combate à Fome/Secretaria Nacional de Assistência Social/Departamento da Rede Socioassistencial Privada do Sistema Único de Assistência Social;ASSISTENCIA;55038467000112;S;ASSOCIAÇÃO BENEFICENTE LAR DO PROGREDIR INFINITO;SÃO BERNARDO DO CAMPO/SP;INDEFERIMENTO;N;renovacao;;148;24;http://pesquisa.in.gov.br/imprensa/jsp/visualiza/index.jsp?data=07/08/2026&jornal=515&pagina=24;DOU_XML;"Art. 2º Indeferir o pedido de renovação da certificação de entidade beneficente de assistência social das seguintes entidades, por não cumprirem requisitos lega [...] 6) ASSOCIAÇÃO BENEFICENTE LAR DO PROGREDIR INFINITO, CNPJ 55.038.467/0001-12, SÃO BERNARDO DO CAMPO/SP, processo nº 308796.1060172/2024. Não demonstrou atuar preponderantemente no âmbito da Assistência Social ; Estatuto Social não compatível com a legislação."
24204978#5;24204978;515_20260807_24204978.xml;2026-08-07;2026-07-31;PORTARIA Nº 114, DE 31 DE JULHO DE 2026;Ministério do Desenvolvimento e Assistência Social, Família e Combate à Fome/Secretaria Nacional de Assistência Social/Departamento da Rede Socioassistencial Privada do Sistema Único de Assistência Social;ASSISTENCIA;55756480000107;S;ASSOCIAÇÃO BENEFICENTE LAR DO VOVÔ DE GLICERIO;GLICÉRIO/SP;INDEFERIMENTO;N;renovacao;;148;24;http://pesquisa.in.gov.br/imprensa/jsp/visualiza/index.jsp?data=07/08/2026&jornal=515&pagina=24;DOU_XML;"Art. 2º Indeferir o pedido de renovação da certificação de entidade beneficente de assistência social das seguintes entidades, por não cumprirem requisitos lega [...] 7) ASSOCIAÇÃO BENEFICENTE LAR DO VOVÔ DE GLICERIO, CNPJ 55.756.480/0001-07, GLICÉRIO/SP, processo nº 308796.1035799/2024. Não apresentou documento(s) obrigatório(s) ; Não atua preponderantemente no âmbito da assistência social ; Não demonstrou atuar preponderantemente no âmbito da Assistência Social."
24204978#5;24204978;515_20260807_24204978.xml;2026-08-07;2026-07-31;PORTARIA Nº 114, DE 31 DE JULHO DE 2026;Ministério do Desenvolvimento e Assistência Social, Família e Combate à Fome/Secretaria Nacional de Assistência Social/Departamento da Rede Socioassistencial Privada do Sistema Único de Assistência Social;ASSISTENCIA;13665784000119;S;ASSOCIAÇÃO CASA DE APOIO INFANTIL MARIA AUGUSTA DO AMARAL CESARINO;JAÚ/SP;INDEFERIMENTO;N;renovacao;;148;24;http://pesquisa.in.gov.br/imprensa/jsp/visualiza/index.jsp?data=07/08/2026&jornal=515&pagina=24;DOU_XML;Art. 2º Indeferir o pedido de renovação da certificação de entidade beneficente de assistência social das seguintes entidades, por não cumprirem requisitos lega [...] 8) ASSOCIAÇÃO CASA DE APOIO INFANTIL MARIA AUGUSTA DO AMARAL CESARINO, CNPJ 13.665.784/0001-19, JAÚ/SP, processo nº 308796.1040098/2024. Não demonstrou atuar preponderantemente no âmbito da Assistência Social.
24204978#5;24204978;515_20260807_24204978.xml;2026-08-07;2026-07-31;PORTARIA Nº 114, DE 31 DE JULHO DE 2026;Ministério do Desenvolvimento e Assistência Social, Família e Combate à Fome/Secretaria Nacional de Assistência Social/Departamento da Rede Socioassistencial Privada do Sistema Único de Assistência Social;ASSISTENCIA;49880727000108;S;ASSOCIAÇÃO CASA DO CAMINHO;MARÍLIA/SP;INDEFERIMENTO;N;renovacao;;148;24;http://pesquisa.in.gov.br/imprensa/jsp/visualiza/index.jsp?data=07/08/2026&jornal=515&pagina=24;DOU_XML;"Art. 2º Indeferir o pedido de renovação da certificação de entidade beneficente de assistência social das seguintes entidades, por não cumprirem requisitos lega [...] 9) ASSOCIAÇÃO CASA DO CAMINHO, CNPJ 49.880.727/0001-08, MARÍLIA/SP, processo nº 308796.0898676/2024. Não está de acordo com a Política Nacional de Assistência Social - PNAS ; Não atua preponderantemente no âmbito da assistência social."
24204978#5;24204978;515_20260807_24204978.xml;2026-08-07;2026-07-31;PORTARIA Nº 114, DE 31 DE JULHO DE 2026;Ministério do Desenvolvimento e Assistência Social, Família e Combate à Fome/Secretaria Nacional de Assistência Social/Departamento da Rede Socioassistencial Privada do Sistema Único de Assistência Social;ASSISTENCIA;02620604000166;S;ASSOCIAÇÃO COMUNITÁRIA SÃO MATEUS;SÃO PAULO/SP;INDEFERIMENTO;N;renovacao;;148;24;http://pesquisa.in.gov.br/imprensa/jsp/visualiza/index.jsp?data=07/08/2026&jornal=515&pagina=24;DOU_XML;Art. 2º Indeferir o pedido de renovação da certificação de entidade beneficente de assistência social das seguintes entidades, por não cumprirem requisitos lega [...] 10) ASSOCIAÇÃO COMUNITÁRIA SÃO MATEUS, CNPJ 02.620.604/0001-66, SÃO PAULO/SP, processo nº 308796.0755961/2023. Estatuto Social não compatível com a legislação.
24204978#5;24204978;515_20260807_24204978.xml;2026-08-07;2026-07-31;PORTARIA Nº 114, DE 31 DE JULHO DE 2026;Ministério do Desenvolvimento e Assistência Social, Família e Combate à Fome/Secretaria Nacional de Assistência Social/Departamento da Rede Socioassistencial Privada do Sistema Único de Assistência Social;ASSISTENCIA;07900769000105;S;ASSOCIAÇÃO DA PESSOA COM DEFICIÊNCIA FÍSICA DE DRACENA - SUPERANDO LIMITES;DRACENA/SP;INDEFERIMENTO;N;renovacao;;148;24;http://pesquisa.in.gov.br/imprensa/jsp/visualiza/index.jsp?data=07/08/2026&jornal=515&pagina=24;DOU_XML;"Art. 2º Indeferir o pedido de renovação da certificação de entidade beneficente de assistência social das seguintes entidades, por não cumprirem requisitos lega [...] 11) ASSOCIAÇÃO DA PESSOA COM DEFICIÊNCIA FÍSICA DE DRACENA - SUPERANDO LIMITES, CNPJ 07.900.769/0001-05, DRACENA/SP, processo nº 308796.0811235/2023. Não apresentou documento(s) obrigatório(s) ; Não demonstrou continuidade nas ofertas ; Não demonstrou planejamento nas ofertas."
24204978#5;24204978;515_20260807_24204978.xml;2026-08-07;2026-07-31;PORTARIA Nº 114, DE 31 DE JULHO DE 2026;Ministério do Desenvolvimento e Assistência Social, Família e Combate à Fome/Secretaria Nacional de Assistência Social/Departamento da Rede Socioassistencial Privada do Sistema Único de Assistência Social;ASSISTENCIA;49892425000141;S;ASSOCIAÇÃO DE PAIS E AMIGO DOS EXCEPCIONAIS DE MACATUBA;MACATUBA/SP;INDEFERIMENTO;N;renovacao;;148;24;http://pesquisa.in.gov.br/imprensa/jsp/visualiza/index.jsp?data=07/08/2026&jornal=515&pagina=24;DOU_XML;Art. 2º Indeferir o pedido de renovação da certificação de entidade beneficente de assistência social das seguintes entidades, por não cumprirem requisitos lega [...] 12) ASSOCIAÇÃO DE PAIS E AMIGO DOS EXCEPCIONAIS DE MACATUBA, CNPJ 49.892.425/0001-41, MACATUBA/SP, processo nº 308796.0749223/2023. Não apresentou documento(s) obrigatório(s).
24204978#5;24204978;515_20260807_24204978.xml;2026-08-07;2026-07-31;PORTARIA Nº 114, DE 31 DE JULHO DE 2026;Ministério do Desenvolvimento e Assistência Social, Família e Combate à Fome/Secretaria Nacional de Assistência Social/Departamento da Rede Socioassistencial Privada do Sistema Único de Assistência Social;ASSISTENCIA;25041054000126;S;ASSOCIAÇÃO DE PAIS E AMIGOS DOS EXCEPCIONAIS DE SÃO MIGUEL DO ARAGUAIA;SÃO MIGUEL DO ARAGUAIA/GO;INDEFERIMENTO;N;renovacao;;148;24;http://pesquisa.in.gov.br/imprensa/jsp/visualiza/index.jsp?data=07/08/2026&jornal=515&pagina=24;DOU_XML;"Art. 2º Indeferir o pedido de renovação da certificação de entidade beneficente de assistência social das seguintes entidades, por não cumprirem requisitos lega [...] 13) ASSOCIAÇÃO DE PAIS E AMIGOS DOS EXCEPCIONAIS DE SÃO MIGUEL DO ARAGUAIA, CNPJ 25.041.054/0001-26, SÃO MIGUEL DO ARAGUAIA/GO, processo nº 308796.0761587/2023. Não atua no âmbito da assistência social ; Não está de acordo com a Política Nacional de Assistência Social - PNAS ; Não apresentou documento(s) obrigatório(s)."
24204978#5;24204978;515_20260807_24204978.xml;2026-08-07;2026-07-31;PORTARIA Nº 114, DE 31 DE JULHO DE 2026;Ministério do Desenvolvimento e Assistência Social, Família e Combate à Fome/Secretaria Nacional de Assistência Social/Departamento da Rede Socioassistencial Privada do Sistema Único de Assistência Social;ASSISTENCIA;82829284000198;S;ASSOCIACAO DE PAIS E AMIGOS DOS EXCEPCIONAIS;VIDEIRA/SC;INDEFERIMENTO;N;renovacao;;148;24;http://pesquisa.in.gov.br/imprensa/jsp/visualiza/index.jsp?data=07/08/2026&jornal=515&pagina=24;DOU_XML;Art. 2º Indeferir o pedido de renovação da certificação de entidade beneficente de assistência social das seguintes entidades, por não cumprirem requisitos lega [...] 14) ASSOCIACAO DE PAIS E AMIGOS DOS EXCEPCIONAIS, CNPJ 82.829.284/0001-98, VIDEIRA/SC, processo nº 308796.0857218/2024. Não apresentou documento(s) obrigatório(s).
24204978#5;24204978;515_20260807_24204978.xml;2026-08-07;2026-07-31;PORTARIA Nº 114, DE 31 DE JULHO DE 2026;Ministério do Desenvolvimento e Assistência Social, Família e Combate à Fome/Secretaria Nacional de Assistência Social/Departamento da Rede Socioassistencial Privada do Sistema Único de Assistência Social;ASSISTENCIA;64929706000115;S;ASSOCIAÇÃO DE PAIS E AMIGOS DOS EXCEPCIONAIS - APAE DE ITUVERAVA;ITUVERAVA/SP;INDEFERIMENTO;N;renovacao;;148;24;http://pesquisa.in.gov.br/imprensa/jsp/visualiza/index.jsp?data=07/08/2026&jornal=515&pagina=24;DOU_XML;Art. 2º Indeferir o pedido de renovação da certificação de entidade beneficente de assistência social das seguintes entidades, por não cumprirem requisitos lega [...] 15) ASSOCIAÇÃO DE PAIS E AMIGOS DOS EXCEPCIONAIS - APAE DE ITUVERAVA, CNPJ 64.929.706/0001-15, ITUVERAVA/SP, processo nº 308796.0892909/2024. Não apresentou documento(s) obrigatório(s).
24204978#5;24204978;515_20260807_24204978.xml;2026-08-07;2026-07-31;PORTARIA Nº 114, DE 31 DE JULHO DE 2026;Ministério do Desenvolvimento e Assistência Social, Família e Combate à Fome/Secretaria Nacional de Assistência Social/Departamento da Rede Socioassistencial Privada do Sistema Único de Assistência Social;ASSISTENCIA;01269862000187;S;ASSOCIACAO DE PAIS E AMIGOS DOS EXCEPCIONAIS A.MORNAS;ÁGUAS MORNAS/SC;INDEFERIMENTO;N;renovacao;;148;24;http://pesquisa.in.gov.br/imprensa/jsp/visualiza/index.jsp?data=07/08/2026&jornal=515&pagina=24;DOU_XML;"Art. 2º Indeferir o pedido de renovação da certificação de entidade beneficente de assistência social das seguintes entidades, por não cumprirem requisitos lega [...] 16) ASSOCIACAO DE PAIS E AMIGOS DOS EXCEPCIONAIS A.MORNAS, CNPJ 01.269.862/0001-87, ÁGUAS MORNAS/SC, processo nº 235874.0390514/2022. Não apresentou documento(s) obrigatório(s) ; Estatuto Social não compatível com a legislação ; Não demonstrou continuidade nas ofertas."
24204978#5;24204978;515_20260807_24204978.xml;2026-08-07;2026-07-31;PORTARIA Nº 114, DE 31 DE JULHO DE 2026;Ministério do Desenvolvimento e Assistência Social, Família e Combate à Fome/Secretaria Nacional de Assistência Social/Departamento da Rede Socioassistencial Privada do Sistema Único de Assistência Social;ASSISTENCIA;03025707000140;S;ASSOCIAÇÃO DE PAIS E AMIGOS DOS EXCEPCIONAIS DE CAMPO GRANDE MS;CAMPO GRANDE/MS;INDEFERIMENTO;N;renovacao;;148;24;http://pesquisa.in.gov.br/imprensa/jsp/visualiza/index.jsp?data=07/08/2026&jornal=515&pagina=24;DOU_XML;"Art. 2º Indeferir o pedido de renovação da certificação de entidade beneficente de assistência social das seguintes entidades, por não cumprirem requisitos lega [...] 17) ASSOCIAÇÃO DE PAIS E AMIGOS DOS EXCEPCIONAIS DE CAMPO GRANDE MS, CNPJ 03.025.707/0001-40, CAMPO GRANDE/MS, processo nº 308796.0971032/2024. Não apresentou documento(s) obrigatório(s) ; Estatuto Social não compatível com a legislação."
24204978#5;24204978;515_20260807_24204978.xml;2026-08-07;2026-07-31;PORTARIA Nº 114, DE 31 DE JULHO DE 2026;Ministério do Desenvolvimento e Assistência Social, Família e Combate à Fome/Secretaria Nacional de Assistência Social/Departamento da Rede Socioassistencial Privada do Sistema Único de Assistência Social;ASSISTENCIA;38150371000122;S;ASSOCIAÇÃO DE PAIS E AMIGOS DOS EXCEPCIONAIS DE GUARAI TO;GUARAÍ/TO;INDEFERIMENTO;N;renovacao;;148;24;http://pesquisa.in.gov.br/imprensa/jsp/visualiza/index.jsp?data=07/08/2026&jornal=515&pagina=24;DOU_XML;"Art. 2º Indeferir o pedido de renovação da certificação de entidade beneficente de assistência social das seguintes entidades, por não cumprirem requisitos lega [...] 18) ASSOCIAÇÃO DE PAIS E AMIGOS DOS EXCEPCIONAIS DE GUARAI TO, CNPJ 38.150.371/0001-22, GUARAÍ/TO, processo nº 308796.0806496/2023. Não apresentou documento(s) obrigatório(s) ; Não está de acordo com a Política Nacional de Assistência Social - PNAS ; Estatuto Social não compatível com a legislação ; Não atua no âmbito da assistência social ; Não demonstrou atuar preponderantemente no."
24204978#5;24204978;515_20260807_24204978.xml;2026-08-07;2026-07-31;PORTARIA Nº 114, DE 31 DE JULHO DE 2026;Ministério do Desenvolvimento e Assistência Social, Família e Combate à Fome/Secretaria Nacional de Assistência Social/Departamento da Rede Socioassistencial Privada do Sistema Único de Assistência Social;ASSISTENCIA;46149043000134;S;ASSOCIAÇÃO DE PAIS E AMIGOS DOS EXCEPCIONAIS DE IACANGA;IACANGA/SP;INDEFERIMENTO;N;renovacao;;148;24;http://pesquisa.in.gov.br/imprensa/jsp/visualiza/index.jsp?data=07/08/2026&jornal=515&pagina=24;DOU_XML;Art. 2º Indeferir o pedido de renovação da certificação de entidade beneficente de assistência social das seguintes entidades, por não cumprirem requisitos lega [...] 19) ASSOCIAÇÃO DE PAIS E AMIGOS DOS EXCEPCIONAIS DE IACANGA, CNPJ 46.149.043/0001-34, IACANGA/SP, processo nº 308796.0706774/2023. Não apresentou documento(s) obrigatório(s).
24204978#5;24204978;515_20260807_24204978.xml;2026-08-07;2026-07-31;PORTARIA Nº 114, DE 31 DE JULHO DE 2026;Ministério do Desenvolvimento e Assistência Social, Família e Combate à Fome/Secretaria Nacional de Assistência Social/Departamento da Rede Socioassistencial Privada do Sistema Único de Assistência Social;ASSISTENCIA;92405208000109;S;ASSOCIACAO DE PAIS E AMIGOS DOS EXCEPCIONAIS DE IRAI;IRAÍ/RS;INDEFERIMENTO;N;renovacao;;148;24;http://pesquisa.in.gov.br/imprensa/jsp/visualiza/index.jsp?data=07/08/2026&jornal=515&pagina=24;DOU_XML;Art. 2º Indeferir o pedido de renovação da certificação de entidade beneficente de assistência social das seguintes entidades, por não cumprirem requisitos lega [...] 20) ASSOCIACAO DE PAIS E AMIGOS DOS EXCEPCIONAIS DE IRAI, CNPJ 92.405.208/0001-09, IRAÍ/RS, processo nº 308796.1015464/2024. Estatuto Social não compatível com a legislação.
24204978#5;24204978;515_20260807_24204978.xml;2026-08-07;2026-07-31;PORTARIA Nº 114, DE 31 DE JULHO DE 2026;Ministério do Desenvolvimento e Assistência Social, Família e Combate à Fome/Secretaria Nacional de Assistência Social/Departamento da Rede Socioassistencial Privada do Sistema Único de Assistência Social;ASSISTENCIA;45445095000195;S;ASSOCIAÇÃO DE PAIS E AMIGOS DOS EXCEPCIONAIS DE ITAPETININGA;ITAPETININGA/SP;INDEFERIMENTO;N;renovacao;;148;24;http://pesquisa.in.gov.br/imprensa/jsp/visualiza/index.jsp?data=07/08/2026&jornal=515&pagina=24;DOU_XML;Art. 2º Indeferir o pedido de renovação da certificação de entidade beneficente de assistência social das seguintes entidades, por não cumprirem requisitos lega [...] 21) ASSOCIAÇÃO DE PAIS E AMIGOS DOS EXCEPCIONAIS DE ITAPETININGA, CNPJ 45.445.095/0001-95, ITAPETININGA/SP, processo nº 308796.0718593/2023. Estatuto Social não compatível com a legislação.
24204978#5;24204978;515_20260807_24204978.xml;2026-08-07;2026-07-31;PORTARIA Nº 114, DE 31 DE JULHO DE 2026;Ministério do Desenvolvimento e Assistência Social, Família e Combate à Fome/Secretaria Nacional de Assistência Social/Departamento da Rede Socioassistencial Privada do Sistema Único de Assistência Social;ASSISTENCIA;04296788000186;S;ASSOCIAÇÃO DE PAIS E AMIGOS DOS EXCEPCIONAIS DE LUZIÂNIA - APAE;LUZIÂNIA/GO;INDEFERIMENTO;N;renovacao;;148;24;http://pesquisa.in.gov.br/imprensa/jsp/visualiza/index.jsp?data=07/08/2026&jornal=515&pagina=24;DOU_XML;"Art. 2º Indeferir o pedido de renovação da certificação de entidade beneficente de assistência social das seguintes entidades, por não cumprirem requisitos lega [...] 22) ASSOCIAÇÃO DE PAIS E AMIGOS DOS EXCEPCIONAIS DE LUZIÂNIA - APAE, CNPJ 04.296.788/0001-86, LUZIÂNIA/GO, processo nº 308796.0728983/2023. Não apresentou documento(s) obrigatório(s) ; Estatuto Social não compatível com a legislação."
24204978#5;24204978;515_20260807_24204978.xml;2026-08-07;2026-07-31;PORTARIA Nº 114, DE 31 DE JULHO DE 2026;Ministério do Desenvolvimento e Assistência Social, Família e Combate à Fome/Secretaria Nacional de Assistência Social/Departamento da Rede Socioassistencial Privada do Sistema Único de Assistência Social;ASSISTENCIA;54678594000113;S;ASSOCIAÇÃO DE PAIS E AMIGOS DOS EXCEPCIONAIS DE PAULÍNIA;PAULÍNIA/SP;INDEFERIMENTO;N;renovacao;;148;24;http://pesquisa.in.gov.br/imprensa/jsp/visualiza/index.jsp?data=07/08/2026&jornal=515&pagina=24;DOU_XML;"Art. 2º Indeferir o pedido de renovação da certificação de entidade beneficente de assistência social das seguintes entidades, por não cumprirem requisitos lega [...] 23) ASSOCIAÇÃO DE PAIS E AMIGOS DOS EXCEPCIONAIS DE PAULÍNIA, CNPJ 54.678.594/0001-13, PAULÍNIA/SP, processo nº 308796.0804026/2023. Não demonstrou continuidade nas ofertas ; Não apresentou documento(s) obrigatório(s) ; Estatuto Social não compatível com a legislação."
24204978#5;24204978;515_20260807_24204978.xml;2026-08-07;2026-07-31;PORTARIA Nº 114, DE 31 DE JULHO DE 2026;Ministério do Desenvolvimento e Assistência Social, Família e Combate à Fome/Secretaria Nacional de Assistência Social/Departamento da Rede Socioassistencial Privada do Sistema Único de Assistência Social;ASSISTENCIA;46410080000154;S;ASSOCIAÇÃO DE PAIS E AMIGOS DOS EXCEPCIONAIS DE PEDREIRA;PEDREIRA/SP;INDEFERIMENTO;N;renovacao;;148;24;http://pesquisa.in.gov.br/imprensa/jsp/visualiza/index.jsp?data=07/08/2026&jornal=515&pagina=24;DOU_XML;Art. 2º Indeferir o pedido de renovação da certificação de entidade beneficente de assistência social das seguintes entidades, por não cumprirem requisitos lega [...] 24) ASSOCIAÇÃO DE PAIS E AMIGOS DOS EXCEPCIONAIS DE PEDREIRA, CNPJ 46.410.080/0001-54, PEDREIRA/SP, processo nº 308796.0917033/2024. Estatuto Social não compatível com a legislação.
24204978#5;24204978;515_20260807_24204978.xml;2026-08-07;2026-07-31;PORTARIA Nº 114, DE 31 DE JULHO DE 2026;Ministério do Desenvolvimento e Assistência Social, Família e Combate à Fome/Secretaria Nacional de Assistência Social/Departamento da Rede Socioassistencial Privada do Sistema Único de Assistência Social;ASSISTENCIA;01499217000150;S;ASSOCIAÇÃO DE PAIS E AMIGOS DOS EXCEPCIONAIS DE PORTEIRINHA - APAE;PORTEIRINHA/MG;INDEFERIMENTO;N;renovacao;;148;24;http://pesquisa.in.gov.br/imprensa/jsp/visualiza/index.jsp?data=07/08/2026&jornal=515&pagina=24;DOU_XML;Art. 2º Indeferir o pedido de renovação da certificação de entidade beneficente de assistência social das seguintes entidades, por não cumprirem requisitos lega [...] 25) ASSOCIAÇÃO DE PAIS E AMIGOS DOS EXCEPCIONAIS DE PORTEIRINHA - APAE, CNPJ 01.499.217/0001-50, PORTEIRINHA/MG, processo nº 308796.1018355/2024. Não apresentou documento(s) obrigatório(s).
24204978#5;24204978;515_20260807_24204978.xml;2026-08-07;2026-07-31;PORTARIA Nº 114, DE 31 DE JULHO DE 2026;Ministério do Desenvolvimento e Assistência Social, Família e Combate à Fome/Secretaria Nacional de Assistência Social/Departamento da Rede Socioassistencial Privada do Sistema Único de Assistência Social;ASSISTENCIA;14769217000175;S;ASSOCIACAO DE PAIS E AMIGOS DOS EXCEPCIONAIS DE POSSE;POSSE/GO;INDEFERIMENTO;N;renovacao;;148;24;http://pesquisa.in.gov.br/imprensa/jsp/visualiza/index.jsp?data=07/08/2026&jornal=515&pagina=24;DOU_XML;"Art. 2º Indeferir o pedido de renovação da certificação de entidade beneficente de assistência social das seguintes entidades, por não cumprirem requisitos lega [...] 26) ASSOCIACAO DE PAIS E AMIGOS DOS EXCEPCIONAIS DE POSSE, CNPJ 14.769.217/0001-75, POSSE/GO, processo nº 308796.0800409/2023. Não apresentou documento(s) obrigatório(s) ; Não demonstrou continuidade nas ofertas ; Não demonstrou planejamento nas ofertas ; Estatuto Social não compatível com a legislação ; Não demonstrou atuar preponderantemente no âmbito da Assistência Social."
24204978#5;24204978;515_20260807_24204978.xml;2026-08-07;2026-07-31;PORTARIA Nº 114, DE 31 DE JULHO DE 2026;Ministério do Desenvolvimento e Assistência Social, Família e Combate à Fome/Secretaria Nacional de Assistência Social/Departamento da Rede Socioassistencial Privada do Sistema Único de Assistência Social;ASSISTENCIA;33153156000161;S;ASSOCIAÇAO DE PAIS E AMIGOS DOS EXCEPCIONAIS DE SIDROLANDIA MS;SIDROLÂNDIA/MS;INDEFERIMENTO;N;renovacao;;148;24;http://pesquisa.in.gov.br/imprensa/jsp/visualiza/index.jsp?data=07/08/2026&jornal=515&pagina=24;DOU_XML;"Art. 2º Indeferir o pedido de renovação da certificação de entidade beneficente de assistência social das seguintes entidades, por não cumprirem requisitos lega [...] 27) ASSOCIAÇAO DE PAIS E AMIGOS DOS EXCEPCIONAIS DE SIDROLANDIA MS, CNPJ 33.153.156/0001-61, SIDROLÂNDIA/MS, processo nº 308796.0941753/2024. Não apresentou documento(s) obrigatório(s) ; Não está de acordo com a Política Nacional de Assistência Social - PNAS ; Não demonstrou continuidade nas ofertas ; Não demonstrou planejamento nas ofertas."
24204978#5;24204978;515_20260807_24204978.xml;2026-08-07;2026-07-31;PORTARIA Nº 114, DE 31 DE JULHO DE 2026;Ministério do Desenvolvimento e Assistência Social, Família e Combate à Fome/Secretaria Nacional de Assistência Social/Departamento da Rede Socioassistencial Privada do Sistema Único de Assistência Social;ASSISTENCIA;10647541000160;S;ASSOCIAÇÃO DE PAIS E AMIGOS DOS EXCEPCIONAIS SÃO BERNARDINO;SÃO BERNARDINO/SC;INDEFERIMENTO;N;renovacao;;148;24;http://pesquisa.in.gov.br/imprensa/jsp/visualiza/index.jsp?data=07/08/2026&jornal=515&pagina=24;DOU_XML;"Art. 2º Indeferir o pedido de renovação da certificação de entidade beneficente de assistência social das seguintes entidades, por não cumprirem requisitos lega [...] 28) ASSOCIAÇÃO DE PAIS E AMIGOS DOS EXCEPCIONAIS SÃO BERNARDINO, CNPJ 10.647.541/0001-60, SÃO BERNARDINO/SC, processo nº 235874.0570977/2023. Não apresentou documento(s) obrigatório(s) ; Não atua no âmbito da assistência social ; Não está de acordo com a Política Nacional de Assistência Social - PNAS ; Estatuto Social não compatível com a legislação ; Não demonstrou planejamento nas ofertas ; N."
24204978#5;24204978;515_20260807_24204978.xml;2026-08-07;2026-07-31;PORTARIA Nº 114, DE 31 DE JULHO DE 2026;Ministério do Desenvolvimento e Assistência Social, Família e Combate à Fome/Secretaria Nacional de Assistência Social/Departamento da Rede Socioassistencial Privada do Sistema Único de Assistência Social;ASSISTENCIA;45490802000165;S;ASSOCIAÇÃO DOS AMIGOS DA POUSADA DA COLINA;SÃO MANUEL/SP;INDEFERIMENTO;N;renovacao;;148;24;http://pesquisa.in.gov.br/imprensa/jsp/visualiza/index.jsp?data=07/08/2026&jornal=515&pagina=24;DOU_XML;"Art. 2º Indeferir o pedido de renovação da certificação de entidade beneficente de assistência social das seguintes entidades, por não cumprirem requisitos lega [...] 29) ASSOCIAÇÃO DOS AMIGOS DA POUSADA DA COLINA, CNPJ 45.490.802/0001-65, SÃO MANUEL/SP, processo nº 308796.0836496/2024. Não apresentou documento(s) obrigatório(s) ; Não demonstrou atuar preponderantemente no âmbito da Assistência Social."
24204978#5;24204978;515_20260807_24204978.xml;2026-08-07;2026-07-31;PORTARIA Nº 114, DE 31 DE JULHO DE 2026;Ministério do Desenvolvimento e Assistência Social, Família e Combate à Fome/Secretaria Nacional de Assistência Social/Departamento da Rede Socioassistencial Privada do Sistema Único de Assistência Social;ASSISTENCIA;05084507000194;S;ASSOCIACAO DOS VOLUNTARIOS VIDA VIVA DE ALFENAS;ALFENAS/MG;INDEFERIMENTO;N;renovacao;;148;24;http://pesquisa.in.gov.br/imprensa/jsp/visualiza/index.jsp?data=07/08/2026&jornal=515&pagina=24;DOU_XML;Art. 2º Indeferir o pedido de renovação da certificação de entidade beneficente de assistência social das seguintes entidades, por não cumprirem requisitos lega [...] 30) ASSOCIACAO DOS VOLUNTARIOS VIDA VIVA DE ALFENAS, CNPJ 05.084.507/0001-94, ALFENAS/MG, processo nº 308796.0931000/2024. Não demonstrou atuar preponderantemente no âmbito da Assistência Social.
24204978#5;24204978;515_20260807_24204978.xml;2026-08-07;2026-07-31;PORTARIA Nº 114, DE 31 DE JULHO DE 2026;Ministério do Desenvolvimento e Assistência Social, Família e Combate à Fome/Secretaria Nacional de Assistência Social/Departamento da Rede Socioassistencial Privada do Sistema Único de Assistência Social;ASSISTENCIA;08128532000110;S;ASSOCIAÇÃO ESPAÇO ADOLESCENTE;TEÓFILO OTONI/MG;INDEFERIMENTO;N;renovacao;;148;24;http://pesquisa.in.gov.br/imprensa/jsp/visualiza/index.jsp?data=07/08/2026&jornal=515&pagina=24;DOU_XML;Art. 2º Indeferir o pedido de renovação da certificação de entidade beneficente de assistência social das seguintes entidades, por não cumprirem requisitos lega [...] 31) ASSOCIAÇÃO ESPAÇO ADOLESCENTE, CNPJ 08.128.532/0001-10, TEÓFILO OTONI/MG, processo nº 308796.0819085/2024. Estatuto Social não compatível com a legislação.
24204978#5;24204978;515_20260807_24204978.xml;2026-08-07;2026-07-31;PORTARIA Nº 114, DE 31 DE JULHO DE 2026;Ministério do Desenvolvimento e Assistência Social, Família e Combate à Fome/Secretaria Nacional de Assistência Social/Departamento da Rede Socioassistencial Privada do Sistema Único de Assistência Social;ASSISTENCIA;07208982000150;S;ASSOCIAÇÃO LUDOCRIARTE;BRASÍLIA/DF;INDEFERIMENTO;N;renovacao;;148;24;http://pesquisa.in.gov.br/imprensa/jsp/visualiza/index.jsp?data=07/08/2026&jornal=515&pagina=24;DOU_XML;Art. 2º Indeferir o pedido de renovação da certificação de entidade beneficente de assistência social das seguintes entidades, por não cumprirem requisitos lega [...] 32) ASSOCIAÇÃO LUDOCRIARTE, CNPJ 07.208.982/0001-50, BRASÍLIA/DF, processo nº 308796.0990072/2024. Não apresentou documento(s) obrigatório(s).
24204978#5;24204978;515_20260807_24204978.xml;2026-08-07;2026-07-31;PORTARIA Nº 114, DE 31 DE JULHO DE 2026;Ministério do Desenvolvimento e Assistência Social, Família e Combate à Fome/Secretaria Nacional de Assistência Social/Departamento da Rede Socioassistencial Privada do Sistema Único de Assistência Social;ASSISTENCIA;10488161000120;S;ASSOCIACAO PROJETO PAZ E UNIAO;LIMOEIRO DO NORTE/CE;INDEFERIMENTO;N;renovacao;;148;24;http://pesquisa.in.gov.br/imprensa/jsp/visualiza/index.jsp?data=07/08/2026&jornal=515&pagina=24;DOU_XML;Art. 2º Indeferir o pedido de renovação da certificação de entidade beneficente de assistência social das seguintes entidades, por não cumprirem requisitos lega [...] 33) ASSOCIACAO PROJETO PAZ E UNIAO, CNPJ 10.488.161/0001-20, LIMOEIRO DO NORTE/CE, processo nº 308796.0994071/2024. Estatuto Social não compatível com a legislação.
24204978#5;24204978;515_20260807_24204978.xml;2026-08-07;2026-07-31;PORTARIA Nº 114, DE 31 DE JULHO DE 2026;Ministério do Desenvolvimento e Assistência Social, Família e Combate à Fome/Secretaria Nacional de Assistência Social/Departamento da Rede Socioassistencial Privada do Sistema Único de Assistência Social;ASSISTENCIA;05905719000195;S;CASA ANJOS VOLUNTÁRIOS;CAXIAS DO SUL/RS;INDEFERIMENTO;N;renovacao;;148;24;http://pesquisa.in.gov.br/imprensa/jsp/visualiza/index.jsp?data=07/08/2026&jornal=515&pagina=24;DOU_XML;Art. 2º Indeferir o pedido de renovação da certificação de entidade beneficente de assistência social das seguintes entidades, por não cumprirem requisitos lega [...] 34) CASA ANJOS VOLUNTÁRIOS, CNPJ 05.905.719/0001-95, CAXIAS DO SUL/RS, processo nº 308796.0859395/2024. Estatuto Social não compatível com a legislação.
24204978#5;24204978;515_20260807_24204978.xml;2026-08-07;2026-07-31;PORTARIA Nº 114, DE 31 DE JULHO DE 2026;Ministério do Desenvolvimento e Assistência Social, Família e Combate à Fome/Secretaria Nacional de Assistência Social/Departamento da Rede Socioassistencial Privada do Sistema Único de Assistência Social;ASSISTENCIA;08046337000141;S;CENTRO COMUNITÁRIO JOÃO PAULO II;SALVADOR/BA;INDEFERIMENTO;N;renovacao;;148;24;http://pesquisa.in.gov.br/imprensa/jsp/visualiza/index.jsp?data=07/08/2026&jornal=515&pagina=24;DOU_XML;Art. 2º Indeferir o pedido de renovação da certificação de entidade beneficente de assistência social das seguintes entidades, por não cumprirem requisitos lega [...] 35) CENTRO COMUNITÁRIO JOÃO PAULO II, CNPJ 08.046.337/0001-41, SALVADOR/BA, processo nº 308796.1101182/2024. Estatuto Social não compatível com a legislação.
24204978#5;24204978;515_20260807_24204978.xml;2026-08-07;2026-07-31;PORTARIA Nº 114, DE 31 DE JULHO DE 2026;Ministério do Desenvolvimento e Assistência Social, Família e Combate à Fome/Secretaria Nacional de Assistência Social/Departamento da Rede Socioassistencial Privada do Sistema Único de Assistência Social;ASSISTENCIA;49656978000103;S;CEPIM SANTA TEREZINHA;TABOÃO DA SERRA/SP;INDEFERIMENTO;N;renovacao;;148;24;http://pesquisa.in.gov.br/imprensa/jsp/visualiza/index.jsp?data=07/08/2026&jornal=515&pagina=24;DOU_XML;Art. 2º Indeferir o pedido de renovação da certificação de entidade beneficente de assistência social das seguintes entidades, por não cumprirem requisitos lega [...] 36) CEPIM SANTA TEREZINHA, CNPJ 49.656.978/0001-03, TABOÃO DA SERRA/SP, processo nº 308796.0930342/2024. Não atua preponderantemente no âmbito da assistência social.
24204978#5;24204978;515_20260807_24204978.xml;2026-08-07;2026-07-31;PORTARIA Nº 114, DE 31 DE JULHO DE 2026;Ministério do Desenvolvimento e Assistência Social, Família e Combate à Fome/Secretaria Nacional de Assistência Social/Departamento da Rede Socioassistencial Privada do Sistema Único de Assistência Social;ASSISTENCIA;03935660000152;S;CIDE CAPACITAÇÃO INSERÇÃO E DESENVOLVIMENTO;SALVADOR/BA;INDEFERIMENTO;N;renovacao;;148;24;http://pesquisa.in.gov.br/imprensa/jsp/visualiza/index.jsp?data=07/08/2026&jornal=515&pagina=24;DOU_XML;Art. 2º Indeferir o pedido de renovação da certificação de entidade beneficente de assistência social das seguintes entidades, por não cumprirem requisitos lega [...] 37) CIDE CAPACITAÇÃO INSERÇÃO E DESENVOLVIMENTO, CNPJ 03.935.660/0001-52, SALVADOR/BA, processo nº 308796.1072008/2024. Não atua preponderantemente no âmbito da assistência social.
24204978#5;24204978;515_20260807_24204978.xml;2026-08-07;2026-07-31;PORTARIA Nº 114, DE 31 DE JULHO DE 2026;Ministério do Desenvolvimento e Assistência Social, Família e Combate à Fome/Secretaria Nacional de Assistência Social/Departamento da Rede Socioassistencial Privada do Sistema Único de Assistência Social;ASSISTENCIA;43266378000144;S;COASSEJE - CASA DE ORIENTAÇÃO E ASSISTENCIA SOCIAL SEAREIROS DE JESUS;AMERICANA/SP;INDEFERIMENTO;N;renovacao;;148;24;http://pesquisa.in.gov.br/imprensa/jsp/visualiza/index.jsp?data=07/08/2026&jornal=515&pagina=24;DOU_XML;"Art. 2º Indeferir o pedido de renovação da certificação de entidade beneficente de assistência social das seguintes entidades, por não cumprirem requisitos lega [...] 38) COASSEJE - CASA DE ORIENTAÇÃO E ASSISTENCIA SOCIAL SEAREIROS DE JESUS, CNPJ 43.266.378/0001-44, AMERICANA/SP, processo nº 308796.1076250/2024. Não apresentou documento(s) obrigatório(s) ; Não atua preponderantemente no âmbito da assistência social."
24204978#5;24204978;515_20260807_24204978.xml;2026-08-07;2026-07-31;PORTARIA Nº 114, DE 31 DE JULHO DE 2026;Ministério do Desenvolvimento e Assistência Social, Família e Combate à Fome/Secretaria Nacional de Assistência Social/Departamento da Rede Socioassistencial Privada do Sistema Único de Assistência Social;ASSISTENCIA;02539959000125;S;ESPACO CIDADANIA E OPORTUNIDADES SOCIAIS;RIO DE JANEIRO/RJ;INDEFERIMENTO;N;renovacao;;148;24;http://pesquisa.in.gov.br/imprensa/jsp/visualiza/index.jsp?data=07/08/2026&jornal=515&pagina=24;DOU_XML;Art. 2º Indeferir o pedido de renovação da certificação de entidade beneficente de assistência social das seguintes entidades, por não cumprirem requisitos lega [...] 39) ESPACO CIDADANIA E OPORTUNIDADES SOCIAIS, CNPJ 02.539.959/0001-25, RIO DE JANEIRO/RJ, processo nº 308796.0777884/2023. Não demonstrou atuar preponderantemente no âmbito da Assistência Social.
24204978#5;24204978;515_20260807_24204978.xml;2026-08-07;2026-07-31;PORTARIA Nº 114, DE 31 DE JULHO DE 2026;Ministério do Desenvolvimento e Assistência Social, Família e Combate à Fome/Secretaria Nacional de Assistência Social/Departamento da Rede Socioassistencial Privada do Sistema Único de Assistência Social;ASSISTENCIA;01593844000156;S;FUNDAÇÃO DE ASSISTÊNCIA A CRIANÇA E AO ADOLESCENTE DE SÃO LEOPOLDO;SÃO LEOPOLDO/RS;INDEFERIMENTO;N;renovacao;;148;24;http://pesquisa.in.gov.br/imprensa/jsp/visualiza/index.jsp?data=07/08/2026&jornal=515&pagina=24;DOU_XML;Art. 2º Indeferir o pedido de renovação da certificação de entidade beneficente de assistência social das seguintes entidades, por não cumprirem requisitos lega [...] 40) FUNDAÇÃO DE ASSISTÊNCIA A CRIANÇA E AO ADOLESCENTE DE SÃO LEOPOLDO, CNPJ 01.593.844/0001-56, SÃO LEOPOLDO/RS, processo nº 235874.0611567/2023. Estatuto Social não compatível com a legislação.
24204978#5;24204978;515_20260807_24204978.xml;2026-08-07;2026-07-31;PORTARIA Nº 114, DE 31 DE JULHO DE 2026;Ministério do Desenvolvimento e Assistência Social, Família e Combate à Fome/Secretaria Nacional de Assistência Social/Departamento da Rede Socioassistencial Privada do Sistema Único de Assistência Social;ASSISTENCIA;14158802000139;S;FUNDAÇÃO LEUR BRITTO - ABRIGO DOS IDOSOS;JEQUIÉ/BA;INDEFERIMENTO;N;renovacao;;148;24;http://pesquisa.in.gov.br/imprensa/jsp/visualiza/index.jsp?data=07/08/2026&jornal=515&pagina=24;DOU_XML;"Art. 2º Indeferir o pedido de renovação da certificação de entidade beneficente de assistência social das seguintes entidades, por não cumprirem requisitos lega [...] 41) FUNDAÇÃO LEUR BRITTO - ABRIGO DOS IDOSOS, CNPJ 14.158.802/0001-39, JEQUIÉ/BA, processo nº 308796.1041766/2024. Não apresentou documento(s) obrigatório(s) ; Não demonstrou atuar preponderantemente no âmbito da Assistência Social."
24204978#5;24204978;515_20260807_24204978.xml;2026-08-07;2026-07-31;PORTARIA Nº 114, DE 31 DE JULHO DE 2026;Ministério do Desenvolvimento e Assistência Social, Família e Combate à Fome/Secretaria Nacional de Assistência Social/Departamento da Rede Socioassistencial Privada do Sistema Único de Assistência Social;ASSISTENCIA;11776929000123;S;FUNDAÇÃO MARANHENSE DE ASSISTÊNCIA COMUNITARIA;SÃO LUÍS/MA;INDEFERIMENTO;N;renovacao;;148;24;http://pesquisa.in.gov.br/imprensa/jsp/visualiza/index.jsp?data=07/08/2026&jornal=515&pagina=24;DOU_XML;"Art. 2º Indeferir o pedido de renovação da certificação de entidade beneficente de assistência social das seguintes entidades, por não cumprirem requisitos lega [...] 42) FUNDAÇÃO MARANHENSE DE ASSISTÊNCIA COMUNITARIA, CNPJ 11.776.929/0001-23, SÃO LUÍS/MA, processo nº 308796.0726899/2023. Não está de acordo com a Política Nacional de Assistência Social - PNAS ; Não atua no âmbito da assistência social."
24204978#5;24204978;515_20260807_24204978.xml;2026-08-07;2026-07-31;PORTARIA Nº 114, DE 31 DE JULHO DE 2026;Ministério do Desenvolvimento e Assistência Social, Família e Combate à Fome/Secretaria Nacional de Assistência Social/Departamento da Rede Socioassistencial Privada do Sistema Único de Assistência Social;ASSISTENCIA;13898819000160;S;INSTITUTO DO CARINHO;BRASÍLIA/DF;INDEFERIMENTO;N;renovacao;;148;24;http://pesquisa.in.gov.br/imprensa/jsp/visualiza/index.jsp?data=07/08/2026&jornal=515&pagina=24;DOU_XML;Art. 2º Indeferir o pedido de renovação da certificação de entidade beneficente de assistência social das seguintes entidades, por não cumprirem requisitos lega [...] 43) INSTITUTO DO CARINHO, CNPJ 13.898.819/0001-60, BRASÍLIA/DF, processo nº 308796.0855912/2024. Não demonstrou atuar preponderantemente no âmbito da Assistência Social.
24204978#5;24204978;515_20260807_24204978.xml;2026-08-07;2026-07-31;PORTARIA Nº 114, DE 31 DE JULHO DE 2026;Ministério do Desenvolvimento e Assistência Social, Família e Combate à Fome/Secretaria Nacional de Assistência Social/Departamento da Rede Socioassistencial Privada do Sistema Único de Assistência Social;ASSISTENCIA;08544349000104;S;INSTITUTO LENON JOEL PELA PAZ;SÃO LEOPOLDO/RS;INDEFERIMENTO;N;renovacao;;148;24;http://pesquisa.in.gov.br/imprensa/jsp/visualiza/index.jsp?data=07/08/2026&jornal=515&pagina=24;DOU_XML;Art. 2º Indeferir o pedido de renovação da certificação de entidade beneficente de assistência social das seguintes entidades, por não cumprirem requisitos lega [...] 44) INSTITUTO LENON JOEL PELA PAZ, CNPJ 08.544.349/0001-04, SÃO LEOPOLDO/RS, processo nº 308796.0822265/2024. Estatuto Social não compatível com a legislação.
24204978#5;24204978;515_20260807_24204978.xml;2026-08-07;2026-07-31;PORTARIA Nº 114, DE 31 DE JULHO DE 2026;Ministério do Desenvolvimento e Assistência Social, Família e Combate à Fome/Secretaria Nacional de Assistência Social/Departamento da Rede Socioassistencial Privada do Sistema Único de Assistência Social;ASSISTENCIA;00568444000128;S;INSTITUTO LUCIMAR MALAQUIAS;BRASÍLIA/DF;INDEFERIMENTO;N;renovacao;;148;24;http://pesquisa.in.gov.br/imprensa/jsp/visualiza/index.jsp?data=07/08/2026&jornal=515&pagina=24;DOU_XML;Art. 2º Indeferir o pedido de renovação da certificação de entidade beneficente de assistência social das seguintes entidades, por não cumprirem requisitos lega [...] 45) INSTITUTO LUCIMAR MALAQUIAS, CNPJ 00.568.444/0001-28, BRASÍLIA/DF, processo nº 308796.0939562/2024. Não demonstrou atuar preponderantemente no âmbito da Assistência Social.
24204978#5;24204978;515_20260807_24204978.xml;2026-08-07;2026-07-31;PORTARIA Nº 114, DE 31 DE JULHO DE 2026;Ministério do Desenvolvimento e Assistência Social, Família e Combate à Fome/Secretaria Nacional de Assistência Social/Departamento da Rede Socioassistencial Privada do Sistema Único de Assistência Social;ASSISTENCIA;88744347000190;S;LAR DA VELHICE ISABEL OLIVEIRA RODRIGUES;SANTO ÂNGELO/RS;INDEFERIMENTO;N;renovacao;;148;24;http://pesquisa.in.gov.br/imprensa/jsp/visualiza/index.jsp?data=07/08/2026&jornal=515&pagina=24;DOU_XML;Art. 2º Indeferir o pedido de renovação da certificação de entidade beneficente de assistência social das seguintes entidades, por não cumprirem requisitos lega [...] 46) LAR DA VELHICE ISABEL OLIVEIRA RODRIGUES, CNPJ 88.744.347/0001-90, SANTO ÂNGELO/RS, processo nº 308796.0838582/2024. Não apresentou documento(s) obrigatório(s).
24204978#5;24204978;515_20260807_24204978.xml;2026-08-07;2026-07-31;PORTARIA Nº 114, DE 31 DE JULHO DE 2026;Ministério do Desenvolvimento e Assistência Social, Família e Combate à Fome/Secretaria Nacional de Assistência Social/Departamento da Rede Socioassistencial Privada do Sistema Único de Assistência Social;ASSISTENCIA;18382095000110;S;LAR FRANCISCO DE ASSIS GRUPO ESPIRITA IRMAO SARMENTO;MACEIÓ/AL;INDEFERIMENTO;N;renovacao;;148;24;http://pesquisa.in.gov.br/imprensa/jsp/visualiza/index.jsp?data=07/08/2026&jornal=515&pagina=24;DOU_XML;"Art. 2º Indeferir o pedido de renovação da certificação de entidade beneficente de assistência social das seguintes entidades, por não cumprirem requisitos lega [...] 47) LAR FRANCISCO DE ASSIS GRUPO ESPIRITA IRMAO SARMENTO, CNPJ 18.382.095/0001-10, MACEIÓ/AL, processo nº 235874.0315487/2022. Não apresentou documento(s) obrigatório(s) ; Não atua preponderantemente no âmbito da assistência social."
24204978#5;24204978;515_20260807_24204978.xml;2026-08-07;2026-07-31;PORTARIA Nº 114, DE 31 DE JULHO DE 2026;Ministério do Desenvolvimento e Assistência Social, Família e Combate à Fome/Secretaria Nacional de Assistência Social/Departamento da Rede Socioassistencial Privada do Sistema Único de Assistência Social;ASSISTENCIA;14882686000104;S;NUCAP- NÚCLEO DE CAPACITAÇÃO PARA A PAZ;VARGINHA/MG;INDEFERIMENTO;N;renovacao;;148;24;http://pesquisa.in.gov.br/imprensa/jsp/visualiza/index.jsp?data=07/08/2026&jornal=515&pagina=24;DOU_XML;Art. 2º Indeferir o pedido de renovação da certificação de entidade beneficente de assistência social das seguintes entidades, por não cumprirem requisitos lega [...] 48) NUCAP- NÚCLEO DE CAPACITAÇÃO PARA A PAZ, CNPJ 14.882.686/0001-04, VARGINHA/MG, processo nº 308796.1064762/2024. Estatuto Social não compatível com a legislação.
24204978#5;24204978;515_20260807_24204978.xml;2026-08-07;2026-07-31;PORTARIA Nº 114, DE 31 DE JULHO DE 2026;Ministério do Desenvolvimento e Assistência Social, Família e Combate à Fome/Secretaria Nacional de Assistência Social/Departamento da Rede Socioassistencial Privada do Sistema Único de Assistência Social;ASSISTENCIA;19557636000167;S;OBRAS SOCIAIS SANTO ANTONIO;BARBACENA/MG;INDEFERIMENTO;N;renovacao;;148;24;http://pesquisa.in.gov.br/imprensa/jsp/visualiza/index.jsp?data=07/08/2026&jornal=515&pagina=24;DOU_XML;Art. 2º Indeferir o pedido de renovação da certificação de entidade beneficente de assistência social das seguintes entidades, por não cumprirem requisitos lega [...] 49) OBRAS SOCIAIS SANTO ANTONIO, CNPJ 19.557.636/0001-67, BARBACENA/MG, processo nº 308796.0965607/2024. Estatuto Social não compatível com a legislação.
24204978#5;24204978;515_20260807_24204978.xml;2026-08-07;2026-07-31;PORTARIA Nº 114, DE 31 DE JULHO DE 2026;Ministério do Desenvolvimento e Assistência Social, Família e Combate à Fome/Secretaria Nacional de Assistência Social/Departamento da Rede Socioassistencial Privada do Sistema Único de Assistência Social;ASSISTENCIA;18302722000166;S;ONG FENIX JABOTICABAL;JABOTICABAL/SP;INDEFERIMENTO;N;renovacao;;148;24;http://pesquisa.in.gov.br/imprensa/jsp/visualiza/index.jsp?data=07/08/2026&jornal=515&pagina=24;DOU_XML;"Art. 2º Indeferir o pedido de renovação da certificação de entidade beneficente de assistência social das seguintes entidades, por não cumprirem requisitos lega [...] 50) ONG FENIX JABOTICABAL, CNPJ 18.302.722/0001-66, JABOTICABAL/SP, processo nº 235874.0186452/2021. Não apresentou documento(s) obrigatório(s); Estatuto Social não compatível com a legislação."
24204978#5;24204978;515_20260807_24204978.xml;2026-08-07;2026-07-31;PORTARIA Nº 114, DE 31 DE JULHO DE 2026;Ministério do Desenvolvimento e Assistência Social, Família e Combate à Fome/Secretaria Nacional de Assistência Social/Departamento da Rede Socioassistencial Privada do Sistema Único de Assistência Social;ASSISTENCIA;13962154000106;S;PARQUE SOCIAL EMPREENDEDORISMO E DESENVOLVIMENTO SOCIAL;SALVADOR/BA;INDEFERIMENTO;N;renovacao;;148;24;http://pesquisa.in.gov.br/imprensa/jsp/visualiza/index.jsp?data=07/08/2026&jornal=515&pagina=24;DOU_XML;Art. 2º Indeferir o pedido de renovação da certificação de entidade beneficente de assistência social das seguintes entidades, por não cumprirem requisitos lega [...] 51) PARQUE SOCIAL EMPREENDEDORISMO E DESENVOLVIMENTO SOCIAL, CNPJ 13.962.154/0001-06, SALVADOR/BA, processo nº 308796.0924312/2024. Estatuto Social não compatível com a legislação.
24204978#5;24204978;515_20260807_24204978.xml;2026-08-07;2026-07-31;PORTARIA Nº 114, DE 31 DE JULHO DE 2026;Ministério do Desenvolvimento e Assistência Social, Família e Combate à Fome/Secretaria Nacional de Assistência Social/Departamento da Rede Socioassistencial Privada do Sistema Único de Assistência Social;ASSISTENCIA;51091296000134;S;RECANTO DO VOVO;BIRIGUI/SP;INDEFERIMENTO;N;renovacao;;148;24;http://pesquisa.in.gov.br/imprensa/jsp/visualiza/index.jsp?data=07/08/2026&jornal=515&pagina=24;DOU_XML;Art. 2º Indeferir o pedido de renovação da certificação de entidade beneficente de assistência social das seguintes entidades, por não cumprirem requisitos lega [...] 52) RECANTO DO VOVO, CNPJ 51.091.296/0001-34, BIRIGUI/SP, processo nº 308796.0991269/2024. Não demonstrou atuar preponderantemente no âmbito da Assistência Social.
24204978#5;24204978;515_20260807_24204978.xml;2026-08-07;2026-07-31;PORTARIA Nº 114, DE 31 DE JULHO DE 2026;Ministério do Desenvolvimento e Assistência Social, Família e Combate à Fome/Secretaria Nacional de Assistência Social/Departamento da Rede Socioassistencial Privada do Sistema Único de Assistência Social;ASSISTENCIA;54709316000186;S;RESIDÊNCIA DO AMOR FRATERNAL DE AVARÉ;AVARÉ/SP;INDEFERIMENTO;N;renovacao;;148;24;http://pesquisa.in.gov.br/imprensa/jsp/visualiza/index.jsp?data=07/08/2026&jornal=515&pagina=24;DOU_XML;Art. 2º Indeferir o pedido de renovação da certificação de entidade beneficente de assistência social das seguintes entidades, por não cumprirem requisitos lega [...] 53) RESIDÊNCIA DO AMOR FRATERNAL DE AVARÉ, CNPJ 54.709.316/0001-86, AVARÉ/SP, processo nº 308796.0983635/2024. Não atua preponderantemente no âmbito da assistência social.
24204978#5;24204978;515_20260807_24204978.xml;2026-08-07;2026-07-31;PORTARIA Nº 114, DE 31 DE JULHO DE 2026;Ministério do Desenvolvimento e Assistência Social, Família e Combate à Fome/Secretaria Nacional de Assistência Social/Departamento da Rede Socioassistencial Privada do Sistema Único de Assistência Social;ASSISTENCIA;05162747000160;S;SEMEA - SEMENTES DO AMANHÃ / INSTITUIÇÃO DE ASSISTÊNCIA SOCIAL;SÃO BERNARDO DO CAMPO/SP;INDEFERIMENTO;N;renovacao;;148;24;http://pesquisa.in.gov.br/imprensa/jsp/visualiza/index.jsp?data=07/08/2026&jornal=515&pagina=24;DOU_XML;Art. 2º Indeferir o pedido de renovação da certificação de entidade beneficente de assistência social das seguintes entidades, por não cumprirem requisitos lega [...] 54) SEMEA - SEMENTES DO AMANHÃ / INSTITUIÇÃO DE ASSISTÊNCIA SOCIAL, CNPJ 05.162.747/0001-60, SÃO BERNARDO DO CAMPO/SP, processo nº 308796.0874224/2024. Estatuto Social não compatível com a legislação.
24204978#5;24204978;515_20260807_24204978.xml;2026-08-07;2026-07-31;PORTARIA Nº 114, DE 31 DE JULHO DE 2026;Ministério do Desenvolvimento e Assistência Social, Família e Combate à Fome/Secretaria Nacional de Assistência Social/Departamento da Rede Socioassistencial Privada do Sistema Único de Assistência Social;ASSISTENCIA;00393834000104;S;SOS CRIANCA;BARRA DO BUGRES/MT;INDEFERIMENTO;N;renovacao;;148;24;http://pesquisa.in.gov.br/imprensa/jsp/visualiza/index.jsp?data=07/08/2026&jornal=515&pagina=24;DOU_XML;"Art. 2º Indeferir o pedido de renovação da certificação de entidade beneficente de assistência social das seguintes entidades, por não cumprirem requisitos lega [...] 55) SOS CRIANCA, CNPJ 00.393.834/0001-04, BARRA DO BUGRES/MT, processo nº 308796.0993125/2024. Estatuto Social não compatível com a legislação ; Não possui cadastro CNEAS concluído no ano do protocolo ou do anterior."
24204978#5;24204978;515_20260807_24204978.xml;2026-08-07;2026-07-31;PORTARIA Nº 114, DE 31 DE JULHO DE 2026;Ministério do Desenvolvimento e Assistência Social, Família e Combate à Fome/Secretaria Nacional de Assistência Social/Departamento da Rede Socioassistencial Privada do Sistema Único de Assistência Social;ASSISTENCIA;01363167000180;S;SOS CRIANCA;BARRA DO BUGRES/MT;INDEFERIMENTO;N;renovacao;;148;24;http://pesquisa.in.gov.br/imprensa/jsp/visualiza/index.jsp?data=07/08/2026&jornal=515&pagina=24;DOU_XML;Art. 2º Indeferir o pedido de renovação da certificação de entidade beneficente de assistência social das seguintes entidades, por não cumprirem requisitos lega [...] 56) SOS CRIANCA, CNPJ 01.363.167/0001-80, BARRA DO BUGRES/MT, processo nº 308796.0983241/2024. Não apresentou documento(s) obrigatório(s).
24204978#5;24204978;515_20260807_24204978.xml;2026-08-07;2026-07-31;PORTARIA Nº 114, DE 31 DE JULHO DE 2026;Ministério do Desenvolvimento e Assistência Social, Família e Combate à Fome/Secretaria Nacional de Assistência Social/Departamento da Rede Socioassistencial Privada do Sistema Único de Assistência Social;ASSISTENCIA;55050090000117;S;TRANSITÓRIA CASA DO CAMINHO;DIADEMA/SP;INDEFERIMENTO;N;renovacao;;148;24;http://pesquisa.in.gov.br/imprensa/jsp/visualiza/index.jsp?data=07/08/2026&jornal=515&pagina=24;DOU_XML;"Art. 2º Indeferir o pedido de renovação da certificação de entidade beneficente de assistência social das seguintes entidades, por não cumprirem requisitos lega [...] 57) TRANSITÓRIA CASA DO CAMINHO, CNPJ 55.050.090/0001-17, DIADEMA/SP, processo nº 71000.055906/2024-95. Não apresentou documento(s) obrigatório(s); Não atua no âmbito da assistência social; Não está de acordo com a Política Nacional de Assistência Social - PNAS; Estatuto Social não compatível com a legislação; Não demonstrou continuidade nas ofertas; Não demonstrou planejamento nas ofertas."
24233125#1;24233125;515_20260814_24233125.xml;2026-08-14;2026-08-13;Despacho GM/MS Nº 77, DE 13 DE agosto DE 2026;Ministério da Saúde/Gabinete do Ministro;SAUDE;80612294000141;S;HOSPITAL SANTA CASA DE MISERICÓRDIA DE CAMPO MOURÃO;PR;OUTRO;;prazo para sanar pendencias (recurso em andamento);;153;97;http://pesquisa.in.gov.br/imprensa/jsp/visualiza/index.jsp?data=14/08/2026&jornal=515&pagina=97;DOU_XML;Decisão: À vista do que consta dos autos, adoto como razões os fundamentos de mérito e de fato apresentados na Nota Técnica nº 189/2026-CGCER/DCEBAS/SAES/MS para CONCEDER o prazo de 30 (trinta) dias para que a entidade interessada possa apresentar novas considerações e fazer juntada de documentos com vistas a sanar impropriedades identificadas pela autoridade julgadora nas razões do Indeferimento do Requerimento de Renovação conforme estabelece o § 2º, do artigo 39 da Lei Complementar nº 187, de 16 de dezembro de 2021.
24233342#1;24233342;515_20260814_24233342.xml;2026-08-14;2026-08-13;Despacho GM/MS Nº 79, DE 13 DE agosto DE 2026;Ministério da Saúde/Gabinete do Ministro;SAUDE;11103931000131;S;CLÍNICA DE ARTE HOMEOPÁTICA DE CURAR ENFERMOS;MG;INDEFERIMENTO;N;recurso negado;;153;97;http://pesquisa.in.gov.br/imprensa/jsp/visualiza/index.jsp?data=14/08/2026&jornal=515&pagina=97;DOU_XML;"Decisão: À vista do que consta dos autos, adoto como razões de decidir os fundamentos de mérito e de fato apresentados no Parecer Técnico nº 35/2026-CGCER/DCEBAS/SAES/MS; na Nota Técnica nº 82/2026-CGCER/DCEBAS/SAES/MS e na Nota Técnica nº 178/2026-CGCER/DCEBAS/SAES/MS, bem como as razões de direito expostas pela Consultoria Jurídica, nos termos do Parecer Referencial nº 00003/2021/CONJUR-MS/CGU/AGU, ratificado pelo Parecer nº 00683/2022/CONJUR-MS/CGU/AGU, e NEGO PROVIMENTO ao recurso administrativo interposto pela Entidade em epígrafe."
24234742#1;24234742;515_20260814_24234742.xml;2026-08-14;2026-08-12;Portaria SAES/MS Nº 4.687, DE 12 DE agosto DE 2026;Ministério da Saúde/Secretaria de Atenção Especializada à Saúde;SAUDE;04935409000150;S;Venerável Ordem Terceira de São Francisco;Belém/PA;RENOVACAO;S;;1º de janeiro de 2025 a 31 de dezembro de 2027;153;115;http://pesquisa.in.gov.br/imprensa/jsp/visualiza/index.jsp?data=14/08/2026&jornal=515&pagina=115;DOU_XML;Defere a Renovação do CEBAS da Venerável Ordem Terceira de São Francisco, com sede em Belém (PA).
24234744#1;24234744;515_20260814_24234744.xml;2026-08-14;2026-08-07;Portaria SAES/MS Nº 4.670, DE 7 DE agosto DE 2026;Ministério da Saúde/Secretaria de Atenção Especializada à Saúde;SAUDE;05866492000116;S;Associação Beneficente de Saúde do Noroeste do Paraná;Umuarama/PR;RENOVACAO;S;;1º de janeiro de 2025 a 31 de dezembro de 2027;153;114;http://pesquisa.in.gov.br/imprensa/jsp/visualiza/index.jsp?data=14/08/2026&jornal=515&pagina=114;DOU_XML;Defere a Renovação do CEBAS da Associação Beneficente de Saúde do Noroeste do Paraná, com sede em Umuarama (PR).
24234745#1;24234745;515_20260814_24234745.xml;2026-08-14;2026-08-07;Portaria SAES/MS Nº 4.668, DE 7 DE agosto DE 2026;Ministério da Saúde/Secretaria de Atenção Especializada à Saúde;SAUDE;20410740000103;S;Odontopark Odontologia Especializada Ltda;Brasília/DF;INDEFERIMENTO;N;concessao;;153;114;http://pesquisa.in.gov.br/imprensa/jsp/visualiza/index.jsp?data=14/08/2026&jornal=515&pagina=114;DOU_XML;Indefere a Concessão do CEBAS do Odontopark Odontologia Especializada Ltda, com sede em Brasília (DF).
24234746#1;24234746;515_20260814_24234746.xml;2026-08-14;2026-08-07;Portaria SAES/MS Nº 4.669, DE 7 DE agosto DE 2026;Ministério da Saúde/Secretaria de Atenção Especializada à Saúde;SAUDE;76562198000169;S;Hospital Nossa Senhora das Graças;Curitiba/PR;RENOVACAO;S;;1º de janeiro de 2025 a 31 de dezembro de 2027;153;114;http://pesquisa.in.gov.br/imprensa/jsp/visualiza/index.jsp?data=14/08/2026&jornal=515&pagina=114;DOU_XML;Defere a Renovação do CEBAS do Hospital Nossa Senhora das Graças, com sede em Curitiba (PR).
24234747#1;24234747;515_20260814_24234747.xml;2026-08-14;2026-08-07;Portaria SAES/MS Nº 4.666, DE 7 DE agosto DE 2026;Ministério da Saúde/Secretaria de Atenção Especializada à Saúde;SAUDE;27193705000129;S;Hospital Evangélico de Cachoeiro de Itapemirim;Cachoeiro de Itapemirim/ES;RENOVACAO;S;;21 de setembro de 2024 a 20 de setembro de 2027;153;114;http://pesquisa.in.gov.br/imprensa/jsp/visualiza/index.jsp?data=14/08/2026&jornal=515&pagina=114;DOU_XML;Defere a Renovação do CEBAS do Hospital Evangélico de Cachoeiro de Itapemirim, com sede em Cachoeiro de Itapemirim (ES).
24234789#1;24234789;515_20260814_24234789.xml;2026-08-14;2026-08-07;Portaria SAES/MS Nº 4.667, DE 7 DE agosto DE 2026;Ministério da Saúde/Secretaria de Atenção Especializada à Saúde;SAUDE;81609091000169;S;Casa de Caridade Hospital São Vicente de Paulo;Tomazina/PR;RECONSIDERACAO;S;renovacao;1º de janeiro 2025 a 31 de dezembro de 2027;153;114;http://pesquisa.in.gov.br/imprensa/jsp/visualiza/index.jsp?data=14/08/2026&jornal=515&pagina=114;DOU_XML;Defere, em grau de Reconsideração, a Renovação do CEBAS da Casa de Caridade Hospital São Vicente de Paulo, com sede em Tomazina (PR).
24234790#1;24234790;515_20260814_24234790.xml;2026-08-14;2026-08-07;Portaria SAES/MS Nº 4.665, DE 7 DE agosto DE 2026;Ministério da Saúde/Secretaria de Atenção Especializada à Saúde;SAUDE;49067614000180;S;Irmandade da Santa Casa de Misericórdia de Guarulhos;Guarulhos/SP;RENOVACAO;S;;27 de junho de 2026 a 26 de junho de 2029;153;114;http://pesquisa.in.gov.br/imprensa/jsp/visualiza/index.jsp?data=14/08/2026&jornal=515&pagina=114;DOU_XML;Defere a Renovação do CEBAS da Irmandade da Santa Casa de Misericórdia de Guarulhos, com sede em Guarulhos (SP).
24234791#1;24234791;515_20260814_24234791.xml;2026-08-14;2026-08-07;Portaria SAES/MS Nº 4.664, DE 7 DE agosto DE 2026;Ministério da Saúde/Secretaria de Atenção Especializada à Saúde;SAUDE;06950310000153;S;Associação Beneficente Ebenezer;São Paulo/SP;RENOVACAO;S;;1º de janeiro de 2025 a 31 de dezembro de 2027;153;114;http://pesquisa.in.gov.br/imprensa/jsp/visualiza/index.jsp?data=14/08/2026&jornal=515&pagina=114;DOU_XML;Defere a Renovação do CEBAS da Associação Beneficente Ebenezer, com sede em São Paulo (SP).
24234792#1;24234792;515_20260814_24234792.xml;2026-08-14;2026-08-07;Portaria SAES/MS Nº 4.663, DE 7 DE agosto DE 2026;Ministério da Saúde/Secretaria de Atenção Especializada à Saúde;SAUDE;02160922000191;S;Associação Comunitária São Judas Tadeu de Meleiro;Meleiro/SC;RENOVACAO;S;;1º de janeiro de 2025 a 31 de dezembro de 2027;153;113;http://pesquisa.in.gov.br/imprensa/jsp/visualiza/index.jsp?data=14/08/2026&jornal=515&pagina=113;DOU_XML;Defere a Renovação do CEBAS da Associação Comunitária São Judas Tadeu de Meleiro, com sede em Meleiro (SC).
24234793#1;24234793;515_20260814_24234793.xml;2026-08-14;2026-08-06;Portaria SAES/MS Nº 4.646, DE 6 DE agosto DE 2026;Ministério da Saúde/Secretaria de Atenção Especializada à Saúde;SAUDE;22228571000110;S;Irmandade da Santa Casa de Caridade de Machado;Machado/MG;RENOVACAO;S;;1º de janeiro de 2025 a 31 de dezembro de 2027;153;112;http://pesquisa.in.gov.br/imprensa/jsp/visualiza/index.jsp?data=14/08/2026&jornal=515&pagina=112;DOU_XML;Defere a Renovação do CEBAS da Irmandade da Santa Casa de Caridade de Machado, com sede em Machado (MG).
24234794#1;24234794;515_20260814_24234794.xml;2026-08-14;2026-08-12;Portaria SAES/MS Nº 4.686, DE 12 DE agosto DE 2026;Ministério da Saúde/Secretaria de Atenção Especializada à Saúde;SAUDE;48517932000132;S;Santa Casa de Misericórdia de Guararema;Guararema/SP;RENOVACAO;S;;1º de janeiro de 2025 a 31 de dezembro de 2027;153;115;http://pesquisa.in.gov.br/imprensa/jsp/visualiza/index.jsp?data=14/08/2026&jornal=515&pagina=115;DOU_XML;Defere a Renovação do CEBAS da Santa Casa de Misericórdia de Guararema, com sede em Guararema (SP).
24234796#1;24234796;515_20260814_24234796.xml;2026-08-14;2026-08-06;Portaria SAES/MS Nº 4.645, DE 6 DE agosto DE 2026;Ministério da Saúde/Secretaria de Atenção Especializada à Saúde;SAUDE;91983874000161;S;Sociedade Hospital Beneficente de Condor;Condor/RS;RENOVACAO;S;;24 de novembro de 2024 a 23 de novembro de 2027;153;112;http://pesquisa.in.gov.br/imprensa/jsp/visualiza/index.jsp?data=14/08/2026&jornal=515&pagina=112;DOU_XML;Defere a Renovação do CEBAS da Sociedade Hospital Beneficente de Condor, com sede em Condor (RS).
24234797#1;24234797;515_20260814_24234797.xml;2026-08-14;2026-08-06;Portaria SAES/MS Nº 4.644, DE 6 DE agosto DE 2026;Ministério da Saúde/Secretaria de Atenção Especializada à Saúde;SAUDE;19911312000185;S;Associação Hospital Vale do Jequitinhonha;Itaobim/MG;RENOVACAO;S;;28 de março de 2025 a 27 de março de 2028;153;112;http://pesquisa.in.gov.br/imprensa/jsp/visualiza/index.jsp?data=14/08/2026&jornal=515&pagina=112;DOU_XML;Defere a Renovação do CEBAS da Associação Hospital Vale do Jequitinhonha, com sede em Itaobim (MG).
24234798#1;24234798;515_20260814_24234798.xml;2026-08-14;2026-08-06;Portaria SAES/MS Nº 4.643, DE 6 DE agosto DE 2026;Ministério da Saúde/Secretaria de Atenção Especializada à Saúde;SAUDE;89931760000126;S;Associação Hospitalar de Caridade Beneficente São Miguel;São Miguel das Missões/RS;RENOVACAO;S;;1º de janeiro de 2027 a 31 de dezembro de 2029;153;112;http://pesquisa.in.gov.br/imprensa/jsp/visualiza/index.jsp?data=14/08/2026&jornal=515&pagina=112;DOU_XML;Defere a Renovação do CEBAS da Associação Hospitalar de Caridade Beneficente São Miguel, com sede em São Miguel das Missões (RS).
24234799#1;24234799;515_20260814_24234799.xml;2026-08-14;2026-08-05;Portaria SAES/MS Nº 4.634, DE 5 DE agosto DE 2026;Ministério da Saúde/Secretaria de Atenção Especializada à Saúde;SAUDE;07503313000101;S;Fundação Amélia Dias de Assistência ao Menor e Adolescente Portador de Necessidades Especiais - FAMAD;Rio de Janeiro/RJ;CANCELAMENTO;N;;09 de abril de 2021 a 08 de abril de 2026;153;111;http://pesquisa.in.gov.br/imprensa/jsp/visualiza/index.jsp?data=14/08/2026&jornal=515&pagina=111;DOU_XML;Cancela o CEBAS da Fundação Amélia Dias de Assistência ao Menor e Adolescente Portador de Necessidades Especiais - FAMAD, com sede no Rio de Janeiro (RJ).
24234800#1;24234800;515_20260814_24234800.xml;2026-08-14;2026-08-05;Portaria SAES/MS Nº 4.633, DE 5 DE agosto DE 2026;Ministério da Saúde/Secretaria de Atenção Especializada à Saúde;SAUDE;42702977000109;S;Associação dos Diabéticos e Tecnologias do Vale do Paraopeba;Brumadinho/MG;INDEFERIMENTO;N;concessao;;153;111;http://pesquisa.in.gov.br/imprensa/jsp/visualiza/index.jsp?data=14/08/2026&jornal=515&pagina=111;DOU_XML;Indefere a Concessão do CEBAS da Associação dos Diabéticos e Tecnologias do Vale do Paraopeba, com sede em Brumadinho (MG).
24234801#1;24234801;515_20260814_24234801.xml;2026-08-14;2026-08-05;Portaria SAES/MS Nº 4.632, DE 5 DE agosto DE 2026;Ministério da Saúde/Secretaria de Atenção Especializada à Saúde;SAUDE;15415694000103;S;Hospital Nossa Senhora da Oliveira;Vacaria/RS;RENOVACAO;S;;1º de janeiro de 2027 a 31 de dezembro de 2029;153;111;http://pesquisa.in.gov.br/imprensa/jsp/visualiza/index.jsp?data=14/08/2026&jornal=515&pagina=111;DOU_XML;Defere a Renovação do CEBAS do Hospital Nossa Senhora da Oliveira, com sede em Vacaria (RS).
24234802#1;24234802;515_20260814_24234802.xml;2026-08-14;2026-08-05;Portaria SAES/MS Nº 4.631, DE 5 DE agosto DE 2026;Ministério da Saúde/Secretaria de Atenção Especializada à Saúde;SAUDE;71071666000189;S;Santa Casa de Misericórdia de São Simão;São Simão/SP;INDEFERIMENTO;N;renovacao;;153;110;http://pesquisa.in.gov.br/imprensa/jsp/visualiza/index.jsp?data=14/08/2026&jornal=515&pagina=110;DOU_XML;Indefere a Renovação do CEBAS da Santa Casa de Misericórdia de São Simão, com sede em São Simão (SP).
24234803#1;24234803;515_20260814_24234803.xml;2026-08-14;2026-08-05;Portaria SAES/MS Nº 4.630, DE 5 DE agosto DE 2026;Ministério da Saúde/Secretaria de Atenção Especializada à Saúde;SAUDE;19014786000124;S;Santa Casa de Misericórdia de Caldas;Caldas/MG;RENOVACAO;S;;1º de janeiro de 2025 a 31 de dezembro de 2027;153;110;http://pesquisa.in.gov.br/imprensa/jsp/visualiza/index.jsp?data=14/08/2026&jornal=515&pagina=110;DOU_XML;Defere a Renovação do CEBAS da Santa Casa de Misericórdia de Caldas, com sede em Caldas (MG).
24234804#1;24234804;515_20260814_24234804.xml;2026-08-14;2026-08-05;Portaria SAES/MS Nº 4.629, DE 5 DE agosto DE 2026;Ministério da Saúde/Secretaria de Atenção Especializada à Saúde;SAUDE;57932131000124;S;Instituto Social e Cultural Ramos;Rondon do Pará/PA;INDEFERIMENTO;N;concessao;;153;110;http://pesquisa.in.gov.br/imprensa/jsp/visualiza/index.jsp?data=14/08/2026&jornal=515&pagina=110;DOU_XML;Indefere a Concessão do CEBAS do Instituto Social e Cultural Ramos, com sede em Rondon do Pará (PA).
24234806#1;24234806;515_20260814_24234806.xml;2026-08-14;2026-08-12;Portaria SAES/MS Nº 4.685, DE 12 DE agosto DE 2026;Ministério da Saúde/Secretaria de Atenção Especializada à Saúde;SAUDE;90167107000111;S;Associação Hospitalar de Caridade de Campo Novo;Campo Novo/RS;INDEFERIMENTO;N;concessao;;153;115;http://pesquisa.in.gov.br/imprensa/jsp/visualiza/index.jsp?data=14/08/2026&jornal=515&pagina=115;DOU_XML;Indefere a Concessão do CEBAS da Associação Hospitalar de Caridade de Campo Novo, com sede em Campo Novo (RS).
24234815#1;24234815;515_20260814_24234815.xml;2026-08-14;2026-08-03;Portaria SAES/MS Nº 4.609, DE 3 DE agosto DE 2026;Ministério da Saúde/Secretaria de Atenção Especializada à Saúde;SAUDE;51598377000125;S;Movimento Internacional para à Saúde e Serviço Social - MISS;;INDEFERIMENTO;N;concessao;;153;110;http://pesquisa.in.gov.br/imprensa/jsp/visualiza/index.jsp?data=14/08/2026&jornal=515&pagina=110;DOU_XML;Indefere a Concessão do CEBAS do Movimento Internacional para à Saúde e Serviço Social - MISS, com sede em Belford Roxo, (RJ).
24234816#1;24234816;515_20260814_24234816.xml;2026-08-14;2026-08-03;Portaria SAES/MS Nº 4.608, DE 3 DE agosto DE 2026;Ministério da Saúde/Secretaria de Atenção Especializada à Saúde;SAUDE;87768735000148;S;Hospital de Caridade e Beneficência;Cachoeira do Sul/RS;RENOVACAO;S;;1º de janeiro de 2025 a 31 de dezembro de 2027;153;110;http://pesquisa.in.gov.br/imprensa/jsp/visualiza/index.jsp?data=14/08/2026&jornal=515&pagina=110;DOU_XML;Defere a Renovação do CEBAS do Hospital de Caridade e Beneficência, com sede em Cachoeira do Sul (RS).
24234817#1;24234817;515_20260814_24234817.xml;2026-08-14;2026-08-12;Portaria SAES/MS Nº 4.684, DE 12 DE agosto DE 2026;Ministério da Saúde/Secretaria de Atenção Especializada à Saúde;SAUDE;84712991000125;S;Associação Corpo de Bombeiros Voluntários de Joinville;Joinville/SC;RENOVACAO;S;;1º de janeiro de 2025 a 31 de dezembro de 2027;153;115;http://pesquisa.in.gov.br/imprensa/jsp/visualiza/index.jsp?data=14/08/2026&jornal=515&pagina=115;DOU_XML;Defere a Renovação do CEBAS da Associação Corpo de Bombeiros Voluntários de Joinville, com sede em Joinville (SC).
24234818#1;24234818;515_20260814_24234818.xml;2026-08-14;2026-07-31;Portaria SAES/MS Nº 4.606, DE 31 DE julho DE 2026;Ministério da Saúde/Secretaria de Atenção Especializada à Saúde;SAUDE;71305635000145;S;Sociedade Beneficente e Hospitalar Santa Casa de Misericórdia de Serrana;Serrana/SP;INDEFERIMENTO;N;renovacao;;153;110;http://pesquisa.in.gov.br/imprensa/jsp/visualiza/index.jsp?data=14/08/2026&jornal=515&pagina=110;DOU_XML;Indefere a Renovação do CEBAS da Sociedade Beneficente e Hospitalar Santa Casa de Misericórdia de Serrana, com sede em Serrana (SP).
24234819#1;24234819;515_20260814_24234819.xml;2026-08-14;2026-07-31;Portaria SAES/MS Nº 4.603, DE 31 DE julho DE 2026;Ministério da Saúde/Secretaria de Atenção Especializada à Saúde;SAUDE;27868835000114;S;Hospital Apóstolo Pedro;Mimoso do Sul/ES;RENOVACAO;S;;1º de janeiro de 2027 a 31 de dezembro de 2029;153;110;http://pesquisa.in.gov.br/imprensa/jsp/visualiza/index.jsp?data=14/08/2026&jornal=515&pagina=110;DOU_XML;Defere a Renovação do CEBAS do Hospital Apóstolo Pedro, com sede em Mimoso do Sul (ES).
24234820#1;24234820;515_20260814_24234820.xml;2026-08-14;2026-07-31;Portaria SAES/MS Nº 4.602, DE 31 DE julho DE 2026;Ministério da Saúde/Secretaria de Atenção Especializada à Saúde;SAUDE;48626493000104;S;Irmandade de Misericórdia de Tapiratiba;Tapiratiba/SP;INDEFERIMENTO;N;concessao;;153;110;http://pesquisa.in.gov.br/imprensa/jsp/visualiza/index.jsp?data=14/08/2026&jornal=515&pagina=110;DOU_XML;Indefere a Concessão do CEBAS da Irmandade de Misericórdia de Tapiratiba, com sede em Tapiratiba (SP).
24234821#1;24234821;515_20260814_24234821.xml;2026-08-14;2026-07-31;Portaria SAES/MS Nº 4.601, DE 31 DE julho DE 2026;Ministério da Saúde/Secretaria de Atenção Especializada à Saúde;SAUDE;03747268000180;S;Missão Evangélica Caiuá;Dourados/MS;CONCESSAO;S;;3 (Três) anos a contar da data de publicação no Diário Oficial da União - DOU;153;110;http://pesquisa.in.gov.br/imprensa/jsp/visualiza/index.jsp?data=14/08/2026&jornal=515&pagina=110;DOU_XML;Defere a Concessão do CEBAS da Missão Evangélica Caiuá, com sede em Dourados (MS).
24234822#1;24234822;515_20260814_24234822.xml;2026-08-14;2026-07-30;Portaria SAES/MS Nº 4.595, DE 30 DE julho DE 2026;Ministério da Saúde/Secretaria de Atenção Especializada à Saúde;SAUDE;15175839000138;S;Fundação Colombo Spínola;Salvador/BA;RENOVACAO;S;;25 de fevereiro de 2027 a 24 de fevereiro de 2030;153;110;http://pesquisa.in.gov.br/imprensa/jsp/visualiza/index.jsp?data=14/08/2026&jornal=515&pagina=110;DOU_XML;Defere a Renovação do CEBAS da Fundação Colombo Spínola, com sede em Salvador (BA).
24234823#1;24234823;515_20260814_24234823.xml;2026-08-14;2026-07-30;Portaria SAES/MS Nº 4.594, DE 30 DE julho DE 2026;Ministério da Saúde/Secretaria de Atenção Especializada à Saúde;SAUDE;13069877000180;S;Beneficência Social do Brasil;Petrolina/PE;INDEFERIMENTO;N;concessao;;153;110;http://pesquisa.in.gov.br/imprensa/jsp/visualiza/index.jsp?data=14/08/2026&jornal=515&pagina=110;DOU_XML;Indefere a Concessão do CEBAS da Beneficência Social do Brasil, sede em Petrolina (PE).
24234824#1;24234824;515_20260814_24234824.xml;2026-08-14;2026-07-29;Portaria SAES/MS Nº 4.593, DE 29 DE julho DE 2026;Ministério da Saúde/Secretaria de Atenção Especializada à Saúde;SAUDE;33981408000140;S;Instituto de Psicologia Clínica Educacional e Profissional;Rio de Janeiro/RJ;INDEFERIMENTO;N;renovacao;;153;110;http://pesquisa.in.gov.br/imprensa/jsp/visualiza/index.jsp?data=14/08/2026&jornal=515&pagina=110;DOU_XML;Indefere a Renovação do CEBAS do Instituto de Psicologia Clínica Educacional e Profissional, com sede no Rio de Janeiro (RJ).
24234825#1;24234825;515_20260814_24234825.xml;2026-08-14;2026-08-11;Portaria SAES/MS Nº 4.683, DE 11 DE agosto DE 2026;Ministério da Saúde/Secretaria de Atenção Especializada à Saúde;SAUDE;50798453000183;S;Santa Casa de Misericórdia de Cerquilho;Cerquilho/SP;RECONSIDERACAO;S;renovacao;1º de janeiro 2024 a 31 de dezembro de 2026;153;115;http://pesquisa.in.gov.br/imprensa/jsp/visualiza/index.jsp?data=14/08/2026&jornal=515&pagina=115;DOU_XML;Defere, em grau de Reconsideração, a Renovação do CEBAS da Santa Casa de Misericórdia de Cerquilho, com sede em Cerquilho (SP).
24234826#1;24234826;515_20260814_24234826.xml;2026-08-14;2026-08-11;Portaria SAES/MS Nº 4.682, DE 11 DE agosto DE 2026;Ministério da Saúde/Secretaria de Atenção Especializada à Saúde;SAUDE;08936119000182;S;Associação de Gestão Médica Profissionais da Saúde e Hospitalar Centro Oeste - AGESMEPRO-SAÚDE;Brasília/DF;INDEFERIMENTO;N;concessao;;153;114;http://pesquisa.in.gov.br/imprensa/jsp/visualiza/index.jsp?data=14/08/2026&jornal=515&pagina=114;DOU_XML;Indefere a Concessão do CEBAS da Associação de Gestão Médica Profissionais da Saúde e Hospitalar Centro Oeste - AGESMEPRO-SAÚDE, sede em Brasília (DF).
24234827#1;24234827;515_20260814_24234827.xml;2026-08-14;2026-08-11;Portaria SAES/MS Nº 4.681, DE 11 DE agosto DE 2026;Ministério da Saúde/Secretaria de Atenção Especializada à Saúde;SAUDE;24378986000104;S;Santa Casa Nossa Senhora das Mercês;Santa Bárbara/MG;RENOVACAO;S;;1º de janeiro de 2025 a 31 de dezembro de 2027;153;114;http://pesquisa.in.gov.br/imprensa/jsp/visualiza/index.jsp?data=14/08/2026&jornal=515&pagina=114;DOU_XML;Defere a Renovação do CEBAS da Santa Casa Nossa Senhora das Mercês, com sede em Santa Bárbara (MG).
24234828#1;24234828;515_20260814_24234828.xml;2026-08-14;2026-08-11;Portaria SAES/MS Nº 4.680, DE 11 DE agosto DE 2026;Ministério da Saúde/Secretaria de Atenção Especializada à Saúde;SAUDE;04079079000149;S;Fundação Hospitalar de Paraguaçu - FHOP;Paraguaçu/MG;RENOVACAO;S;;1º de janeiro de 2027 a 31 de dezembro de 2029;153;114;http://pesquisa.in.gov.br/imprensa/jsp/visualiza/index.jsp?data=14/08/2026&jornal=515&pagina=114;DOU_XML;Defere a Renovação do CEBAS da Fundação Hospitalar de Paraguaçu - FHOP, com sede em Paraguaçu (MG).
24234829#1;24234829;515_20260814_24234829.xml;2026-08-14;2026-08-10;Portaria SAES/MS Nº 4.679, DE 10 DE agosto DE 2026;Ministério da Saúde/Secretaria de Atenção Especializada à Saúde;SAUDE;54731377000140;S;Irmandade da Santa Casa de Misericórdia de Pirajuí;Pirajuí/SP;CONCESSAO;S;;3 (Três) anos a contar da data de publicação no Diário Oficial da União - DOU;153;114;http://pesquisa.in.gov.br/imprensa/jsp/visualiza/index.jsp?data=14/08/2026&jornal=515&pagina=114;DOU_XML;Defere a Concessão do CEBAS da Irmandade da Santa Casa de Misericórdia de Pirajuí, com sede em Pirajuí (SP).
24235373#1;24235373;515_20260814_24235373.xml;2026-08-14;2026-08-13;Despacho gm/ms Nº 78, DE 13 DE agosto DE 2026;Ministério da Saúde/Gabinete do Ministro;SAUDE;44420926000101;S;INSTITUTO DE ESTUDOS E INCENTIVO A NOVAS TECNOLOGIAS DA SAÚDE, POLÍTICAS SOCIAIS E SOLUÇÕES AMBIENTAIS E DIGITAIS;RS;INDEFERIMENTO;N;recurso negado;;153;97;http://pesquisa.in.gov.br/imprensa/jsp/visualiza/index.jsp?data=14/08/2026&jornal=515&pagina=97;DOU_XML;"Decisão: À vista do que consta dos autos, adoto como razões de decidir os fundamentos de mérito e de fato apresentados no Parecer Técnico nº 392/2025-CGCER/DCEBAS/SAES/MS; na Nota Técnica nº 40/2026-CGCER/DCEBAS/SAES/MS e na Nota Técnica nº 179/2026-CGCER/DCEBAS/SAES/MS, bem como as razões de direito expostas pela Consultoria Jurídica, nos termos do Parecer Referencial nº 00003/2021/CONJUR-MS/CGU/AGU, ratificado pelo Parecer nº 00683/2022/CONJUR-MS/CGU/AGU, e NEGO PROVIMENTO ao recurso administrativo interposto pela Entidade em epígrafe."
24235823#1;24235823;515_20260814_24235823.xml;2026-08-14;2026-08-13;DESPACHO GM/MS Nº 81, DE 13 DE AGOSTO DE 2026;Ministério da Saúde/Gabinete do Ministro;SAUDE;37818927000143;S;INSTITUTO DE CIRURGIAS MINIMAMENTE INVASIVAS CAROLINA BANDEIRA - ICB;PB;OUTRO;;prazo para sanar pendencias (recurso em andamento);;153;98;http://pesquisa.in.gov.br/imprensa/jsp/visualiza/index.jsp?data=14/08/2026&jornal=515&pagina=98;DOU_XML;Decisão: À vista do que consta dos autos, adoto como razões os fundamentos de mérito e de fato apresentados na Nota Técnica nº 180/2026-CGCER/DCEBAS/SAES/MS para CONCEDER o prazo de 30 (trinta) dias para que a entidade interessada possa apresentar novas considerações e fazer juntada de documentos com vistas a sanar impropriedades identificadas pela autoridade julgadora nas razões do Indeferimento do Requerimento de Concessão, conforme estabelece o § 2º, do artigo 39 da Lei Complementar nº 187, de 16 de dezembro de 2021.
24235856#1;24235856;515_20260814_24235856.xml;2026-08-14;2026-08-13;Despacho gm/ms Nº 82, DE 13 DE agosto DE 2026;Ministério da Saúde/Gabinete do Ministro;SAUDE;48548184000155;S;GRUPO DA FRATERNIDADE IRMÃO ALTINO;SP;INDEFERIMENTO;N;recurso negado;;153;98;http://pesquisa.in.gov.br/imprensa/jsp/visualiza/index.jsp?data=14/08/2026&jornal=515&pagina=98;DOU_XML;"Decisão: À vista do que consta dos autos, adoto como razões de decidir os fundamentos de mérito e de fato apresentados no Parecer Técnico nº 612/2025-CGCER/DCEBAS/SAES/MS; na Nota Técnica nº 39/2026-CGCER/DCEBAS/SAES/MS e na Nota Técnica nº 177/2026-CGCER/DCEBAS/SAES/MS, bem como as razões de direito expostas pela Consultoria Jurídica, nos termos do Parecer Referencial nº 00003/2021/CONJUR-MS/CGU/AGU, ratificado pelo Parecer nº 00683/2022/CONJUR-MS/CGU/AGU, e NEGO PROVIMENTO ao recurso administrativo interposto pela Entidade em epígrafe."
24235965#1;24235965;515_20260814_24235965.xml;2026-08-14;2026-08-13;Despacho GM/MS Nº 80, DE 13 DE agosto DE 2026;Ministério da Saúde/Gabinete do Ministro;SAUDE;47937463000148;S;INSTITUTO HAYSSA SOARES;PE;OUTRO;;prazo para sanar pendencias (recurso em andamento);;153;97;http://pesquisa.in.gov.br/imprensa/jsp/visualiza/index.jsp?data=14/08/2026&jornal=515&pagina=97;DOU_XML;Decisão: À vista do que consta dos autos, adoto como razões os fundamentos de mérito e de fato apresentados na Nota Técnica nº 174/2026-CGCER/DCEBAS/SAES/MS para CONCEDER o prazo de 30 (trinta) dias para que a entidade interessada possa apresentar novas considerações e fazer juntada de documentos com vistas a sanar impropriedades identificadas pela autoridade julgadora nas razões do Indeferimento do Requerimento de Concessão, conforme estabelece o § 2º, do artigo 39 da Lei Complementar nº 187, de 16 de dezembro de 2021.
24236115#1;24236115;515_20260814_24236115.xml;2026-08-14;2026-08-13;Despacho GM/MS Nº 76, DE 13 DE agosto DE 2026;Ministério da Saúde/Gabinete do Ministro;SAUDE;34424073000122;S;INSTITUTO DE DESENVOLVIMENTO GILMAR RODRIGUES;RJ;INDEFERIMENTO;N;recurso negado;;153;97;http://pesquisa.in.gov.br/imprensa/jsp/visualiza/index.jsp?data=14/08/2026&jornal=515&pagina=97;DOU_XML;"Decisão: À vista do que consta dos autos, adoto como razões de decidir os fundamentos de mérito e de fato apresentados no Parecer Técnico nº 458/2025-CGCER/DCEBAS/SAES/MS; na Nota Técnica nº 349/2025-CGCER/DCEBAS/SAES/MS e na Nota Técnica nº 186/2026-CGCER/DCEBAS/SAES/MS, bem como as razões de direito expostas pela Consultoria Jurídica, nos termos do Parecer Referencial nº 00003/2021/CONJUR-MS/CGU/AGU, ratificado pelo Parecer nº 00683/2022/CONJUR-MS/CGU/AGU, e NEGO PROVIMENTO ao recurso administrativo interposto pela Entidade em epígrafe."
24236510#1;24236510;515_20260814_24236510-3.xml;2026-08-14;;;Ministério da Saúde/Secretaria Executiva;SAUDE;;;;;OUTRO;;sem decisao de certificacao (mencao incidental);;153;101;http://pesquisa.in.gov.br/imprensa/jsp/visualiza/index.jsp?data=14/08/2026&jornal=515&pagina=101;DOU_XML;SECRETARIA-EXECUTIVA (SE) Meta global: Aprimorar a gestão do Ministério da Saúde visando ao acesso de bens e serviços de saúde no SUS Unidade Responsável | Meta Intermediária | Meta Física | Nome do Indicador | Fórmula de cálculo do alcance da meta
24237011#1;24237011;515_20260814_24237011.xml;2026-08-14;2026-08-13;Despacho GM/MS Nº 83, DE 13 DE agosto DE 2026;Ministério da Saúde/Gabinete do Ministro;SAUDE;07698767000185;S;INSTITUTO BRASILEIRO DE GESTÃO;RJ;OUTRO;;prazo para sanar pendencias (recurso em andamento);;153;98;http://pesquisa.in.gov.br/imprensa/jsp/visualiza/index.jsp?data=14/08/2026&jornal=515&pagina=98;DOU_XML;Decisão: À vista do que consta dos autos, adoto como razões os fundamentos de mérito e de fato apresentados na Nota Técnica nº 175/2026-CGCER/DCEBAS/SAES/MS para CONCEDER o prazo de 30 (trinta) dias para que a entidade interessada possa apresentar novas considerações e fazer juntada de documentos com vistas a sanar impropriedades identificadas pela autoridade julgadora nas razões do Indeferimento do Requerimento de Concessão, conforme estabelece o § 2º, do artigo 39 da Lei Complementar nº 187, de 16 de dezembro de 2021.
24240060#1;24240060;515_20260817_24240060.xml;2026-08-17;2026-08-13;Portaria SAES/MS Nº 4.693, DE 13 DE agosto DE 2026;Ministério da Saúde/Secretaria de Atenção Especializada à Saúde;SAUDE;60499365000134;S;Fundação Leonor de Barros Camargo;São Paulo/SP;RENOVACAO;S;;1º de janeiro de 2025 a 31 de dezembro de 2027;154;89;http://pesquisa.in.gov.br/imprensa/jsp/visualiza/index.jsp?data=17/08/2026&jornal=515&pagina=89;DOU_XML;Defere a Renovação do CEBAS da Fundação Leonor de Barros Camargo, com sede em São Paulo (SP).
24240061#1;24240061;515_20260817_24240061.xml;2026-08-17;2026-08-13;Portaria SAES/MS Nº 4.692, DE 13 DE agosto DE 2026;Ministério da Saúde/Secretaria de Atenção Especializada à Saúde;SAUDE;53046023000101;S;Associação dos Terapeutas das Práticas Integrativas e Complementares em Saúde -ATPICS;Guaíba/RS;INDEFERIMENTO;N;concessao;;154;89;http://pesquisa.in.gov.br/imprensa/jsp/visualiza/index.jsp?data=17/08/2026&jornal=515&pagina=89;DOU_XML;Indefere a Concessão do CEBAS da Associação dos Terapeutas das Práticas Integrativas e Complementares em Saúde -ATPICS, sede em Guaíba (RS).
24240062#1;24240062;515_20260817_24240062.xml;2026-08-17;2026-08-13;Portaria SAES/MS Nº 4.691, DE 13 DE agosto DE 2026;Ministério da Saúde/Secretaria de Atenção Especializada à Saúde;SAUDE;50958859000186;S;Instituto Jundiaiense Luiz Braille;Jundiaí/SP;RENOVACAO;S;;15 de fevereiro de 2025 a 14 de fevereiro de 2028;154;89;http://pesquisa.in.gov.br/imprensa/jsp/visualiza/index.jsp?data=17/08/2026&jornal=515&pagina=89;DOU_XML;Defere a Renovação do CEBAS do Instituto Jundiaiense Luiz Braille, com sede em Jundiaí (SP).
24240063#1;24240063;515_20260817_24240063.xml;2026-08-17;2026-08-12;Portaria SAES/MS Nº 4.690, DE 12 DE agosto DE 2026;Ministério da Saúde/Secretaria de Atenção Especializada à Saúde;SAUDE;21142203000192;S;Associação São Vicente de Paulo de João Monlevade;João Monlevade/MG;RENOVACAO;S;;1º de janeiro de 2025 a 31 de dezembro de 2027;154;89;http://pesquisa.in.gov.br/imprensa/jsp/visualiza/index.jsp?data=17/08/2026&jornal=515&pagina=89;DOU_XML;Defere a Renovação do CEBAS da Associação São Vicente de Paulo de João Monlevade, com sede em João Monlevade (MG).
24240064#1;24240064;515_20260817_24240064.xml;2026-08-17;2026-08-12;Portaria SAES/MS Nº 4.688, DE 12 DE agosto DE 2026;Ministério da Saúde/Secretaria de Atenção Especializada à Saúde;SAUDE;30590574000128;S;Irmandade de Santa Izabel de Cabo Frio;Cabo Frio/RJ;INDEFERIMENTO;N;renovacao;;154;89;http://pesquisa.in.gov.br/imprensa/jsp/visualiza/index.jsp?data=17/08/2026&jornal=515&pagina=89;DOU_XML;Indefere a Renovação do CEBAS da Irmandade de Santa Izabel de Cabo Frio, com sede em Cabo Frio (RJ).
24240065#1;24240065;515_20260817_24240065.xml;2026-08-17;2026-08-12;Portaria SAES/MS Nº 4.689, DE 12 DE agosto DE 2026;Ministério da Saúde/Secretaria de Atenção Especializada à Saúde;SAUDE;48697338000170;S;Associação Santamarense de Beneficência do Guarujá;Guarujá/SP;INDEFERIMENTO;N;renovacao;;154;89;http://pesquisa.in.gov.br/imprensa/jsp/visualiza/index.jsp?data=17/08/2026&jornal=515&pagina=89;DOU_XML;Indefere a Renovação do CEBAS da Associação Santamarense de Beneficência do Guarujá, com sede em Guarujá (SP).
24240066#1;24240066;515_20260817_24240066.xml;2026-08-17;2026-06-08;Portaria SAES/MS Nº 4.216, DE 08 DE junho DE 2026;Ministério da Saúde/Secretaria de Atenção Especializada à Saúde;SAUDE;43817738000159;S;Instituto de Apoio à Rede Especializada em Saúde (IARES);Palmares/PE;INDEFERIMENTO;N;concessao;;154;89;http://pesquisa.in.gov.br/imprensa/jsp/visualiza/index.jsp?data=17/08/2026&jornal=515&pagina=89;DOU_XML;Indefere a Concessão do CEBAS do Instituto de Apoio à Rede Especializada em Saúde (IARES), com sede em Palmares (PE).
24242569#1;24242569;515_20260817_24242569.xml;2026-08-17;2026-08-14;Despacho GM/MS Nº 85, DE 14 DE agosto DE 2026;Ministério da Saúde/Gabinete do Ministro;SAUDE;97503676000130;S;HOSPITAL DE CARIDADE FREI CLEMENTE;RS;OUTRO;;prazo para sanar pendencias (recurso em andamento);;154;89;http://pesquisa.in.gov.br/imprensa/jsp/visualiza/index.jsp?data=17/08/2026&jornal=515&pagina=89;DOU_XML;Decisão: À vista do que consta dos autos, adoto como razões os fundamentos de mérito e de fato apresentados na Nota Técnica nº 193/2026-CGCER/DCEBAS/SAES/MS para CONCEDER o prazo de 30 (trinta) dias para que a entidade interessada possa apresentar novas considerações e fazer juntada de documentos com vistas a sanar impropriedades identificadas pela autoridade julgadora nas razões do Indeferimento do Requerimento de Renovação conforme estabelece o § 2º, do artigo 39 da Lei Complementar nº 187, de 16 de dezembro de 2021.
24268776#1;24268776;515_20260821_24268776.xml;2026-08-21;2026-08-20;DECISÃO MEC DE 20 DE AGOSTO DE 2026;Ministério da Educação/Gabinete do Ministro;EDUCACAO;91167585000194;S;Comunidade Evangélica de Confissão Luterana em Lajeado;;RENOVACAO;S;judicial;1º de janeiro de 2010 a 31 de dezembro de 2012;158;26;http://pesquisa.in.gov.br/imprensa/jsp/visualiza/index.jsp?data=21/08/2026&jornal=515&pagina=26;DOU_XML;Decisão: Em cumprimento à decisão judicial proferida nos autos do Procedimento Comum nº 5008102-08.2019.4.04.7114/RS, em trâmite na 1ª Vara Federal da Seção Judiciária de Lajeado/RS, anulo o Despacho de 26 de julho de 2019, publicado no Diário Oficial da União de 29 de julho de 2019, Seção 1, página 40, quanto ao indeferimento da Certificação de Entidades Beneficentes de Assistência Social da entidade Comunidade Evangélica de Confissão Luterana em Lajeado, inscrita no CNPJ sob nº 91.167.585/0001-94. Determino a renovação da Certificação de Entidade Beneficente de Assistência Social - Cebas em favor da referida entidade, requerida no Processo nº 23000.009091/2012-96, para o período de 1º de j
24291457#1;24291457;515_20260827_24291457.xml;2026-08-27;2026-08-24;Portaria SAES/MS Nº 4.769, DE 24 DE agosto DE 2026;Ministério da Saúde/Secretaria de Atenção Especializada à Saúde;SAUDE;43987668000187;S;Associação Beneficente Jesus José e Maria;Guarulhos/SP;RENOVACAO;S;;1º de janeiro de 2027 a 31 de dezembro de 2029;162;74;http://pesquisa.in.gov.br/imprensa/jsp/visualiza/index.jsp?data=27/08/2026&jornal=515&pagina=74;DOU_XML;Defere a Renovação do CEBAS da Associação Beneficente Jesus José e Maria, com sede em Guarulhos (SP).
24291458#1;24291458;515_20260827_24291458.xml;2026-08-27;2026-08-20;Portaria SAES/MS Nº 4.754, DE 20 DE agosto DE 2026;Ministério da Saúde/Secretaria de Atenção Especializada à Saúde;SAUDE;19397200000158;S;INGESP - Instituto Nacional de Pesquisa, Saúde e Gestão Pública;Juazeiro/BA;CONCESSAO;S;;3 (Três) anos a contar da data de publicação no Diário Oficial da União - DOU;162;73;http://pesquisa.in.gov.br/imprensa/jsp/visualiza/index.jsp?data=27/08/2026&jornal=515&pagina=73;DOU_XML;Defere a Concessão do CEBAS do INGESP - Instituto Nacional de Pesquisa, Saúde e Gestão Pública, com sede em Juazeiro (BA).
24291459#1;24291459;515_20260827_24291459.xml;2026-08-27;2026-08-20;Portaria SAES/MS Nº 4.753, DE 20 DE agosto DE 2026;Ministério da Saúde/Secretaria de Atenção Especializada à Saúde;SAUDE;60742616000160;S;Casa de Saúde Santa Marcelina;São Paulo/SP;RENOVACAO;S;;1º de janeiro de 2025 a 31 de dezembro de 2027;162;73;http://pesquisa.in.gov.br/imprensa/jsp/visualiza/index.jsp?data=27/08/2026&jornal=515&pagina=73;DOU_XML;Defere a Renovação do CEBAS da Casa de Saúde Santa Marcelina, com sede em São Paulo (SP).
24291460#1;24291460;515_20260827_24291460.xml;2026-08-27;2026-08-20;Portaria SAES/MS Nº 4.752, DE 20 DE agosto DE 2026;Ministério da Saúde/Secretaria de Atenção Especializada à Saúde;SAUDE;83783282000178;S;Hospital Santa Terezinha de Salete;Salete/SC;RENOVACAO;S;;14 de março de 2025 a 13 de março de 2028;162;73;http://pesquisa.in.gov.br/imprensa/jsp/visualiza/index.jsp?data=27/08/2026&jornal=515&pagina=73;DOU_XML;Defere a Renovação do CEBAS do Hospital Santa Terezinha de Salete, com sede em Salete (SC).
24291461#1;24291461;515_20260827_24291461.xml;2026-08-27;2026-08-20;Portaria SAES/MS Nº 4.748, DE 20 DE agosto DE 2026;Ministério da Saúde/Secretaria de Atenção Especializada à Saúde;SAUDE;06080827000139;S;Fundação Cardiogeriátrica Cel. José Alves Marcondes e Dr. Haroldo Pereira da Silva;Dourados/MS;RENOVACAO;S;;1º de janeiro de 2025 a 31 de dezembro de 2027;162;73;http://pesquisa.in.gov.br/imprensa/jsp/visualiza/index.jsp?data=27/08/2026&jornal=515&pagina=73;DOU_XML;Defere a Renovação do CEBAS da Fundação Cardiogeriátrica Cel. José Alves Marcondes e Dr. Haroldo Pereira da Silva, com sede em Dourados (MS).
24291508#1;24291508;515_20260827_24291508.xml;2026-08-27;2026-08-24;Portaria SAES/MS Nº 4.768, DE 24 DE agosto DE 2026;Ministério da Saúde/Secretaria de Atenção Especializada à Saúde;SAUDE;61957627000120;S;Casa de David Tabernáculo Espírita para Excepcionais;São Paulo/SP;RENOVACAO;S;;1º de janeiro de 2025 a 31 de dezembro de 2027;162;74;http://pesquisa.in.gov.br/imprensa/jsp/visualiza/index.jsp?data=27/08/2026&jornal=515&pagina=74;DOU_XML;Defere a Renovação do CEBAS da Casa de David Tabernáculo Espírita para Excepcionais, com sede em São Paulo (SP).
24291510#1;24291510;515_20260827_24291510.xml;2026-08-27;2026-08-18;Portaria SAES/MS Nº 4.727, DE 18 DE agosto DE 2026;Ministério da Saúde/Secretaria de Atenção Especializada à Saúde;SAUDE;45615309000124;S;Irmandade do Senhor Bom Jesus dos Passas da Santa Casa de Misericórdia de Braganca Paulista;Braganca Paulista/SP;RENOVACAO;S;;1º de janeiro de 2025 a 31 de dezembro de 2027;162;69;http://pesquisa.in.gov.br/imprensa/jsp/visualiza/index.jsp?data=27/08/2026&jornal=515&pagina=69;DOU_XML;Defere a Renovação do CEBAS da Irmandade do Senhor Bom Jesus dos Passas da Santa Casa de Misericórdia de Braganca Paulista, com sede em Braganca Paulista (SP).
24291511#1;24291511;515_20260827_24291511.xml;2026-08-27;2026-08-18;Portaria SAES/MS Nº 4.726, DE 18 DE agosto DE 2026;Ministério da Saúde/Secretaria de Atenção Especializada à Saúde;SAUDE;15170723000106;S;Liga Álvaro Bahia Contra à Mortalidade Infantil;Salvador/BA;RENOVACAO;S;;1º de janeiro de 2025 a 31 de dezembro de 2027;162;69;http://pesquisa.in.gov.br/imprensa/jsp/visualiza/index.jsp?data=27/08/2026&jornal=515&pagina=69;DOU_XML;Defere a Renovação do CEBAS da Liga Álvaro Bahia Contra à Mortalidade Infantil, com sede em Salvador (BA).
24291512#1;24291512;515_20260827_24291512.xml;2026-08-27;2026-08-18;Portaria SAES/MS Nº 4.723, DE 18 DE agosto DE 2026;Ministério da Saúde/Secretaria de Atenção Especializada à Saúde;SAUDE;06847024000167;S;Clínica Batista Peggy Pemble;Teresina/PI;CONCESSAO;S;;3 (três) anos a contar da data de publicação no Diário Oficial da União - DOU;162;69;http://pesquisa.in.gov.br/imprensa/jsp/visualiza/index.jsp?data=27/08/2026&jornal=515&pagina=69;DOU_XML;Defere a Concessão do CEBAS da Clínica Batista Peggy Pemble, com sede em Teresina (PI).
24291513#1;24291513;515_20260827_24291513.xml;2026-08-27;2026-08-19;Portaria SAES/MS Nº 4.733, DE 19 DE agosto DE 2026;Ministério da Saúde/Secretaria de Atenção Especializada à Saúde;SAUDE;86532751000174;S;Hospital de Caridade São Roque;Morro da Fumaça/SC;RENOVACAO;S;;1º de janeiro de 2026 a 31 de dezembro de 2028;162;70;http://pesquisa.in.gov.br/imprensa/jsp/visualiza/index.jsp?data=27/08/2026&jornal=515&pagina=70;DOU_XML;Defere a Renovação do CEBAS do Hospital de Caridade São Roque, com sede em Morro da Fumaça (SC).
24291514#1;24291514;515_20260827_24291514.xml;2026-08-27;2026-08-17;Portaria SAES/MS Nº 4.711, DE 17 DE agosto DE 2026;Ministério da Saúde/Secretaria de Atenção Especializada à Saúde;SAUDE;08497154000142;S;Rede Feminina de Combate ao Câncer de Pinhalzinho;Pinhalzinho/SC;CONCESSAO;S;;3 (Três) anos a contar da data de publicação no Diário Oficial da União - DOU;162;69;http://pesquisa.in.gov.br/imprensa/jsp/visualiza/index.jsp?data=27/08/2026&jornal=515&pagina=69;DOU_XML;Defere a Concessão do CEBAS da Rede Feminina de Combate ao Câncer de Pinhalzinho, com sede em Pinhalzinho (SC).
24291515#1;24291515;515_20260827_24291515.xml;2026-08-27;2026-08-14;Portaria SAES/MS Nº 4.707, DE 14 DE agosto DE 2026;Ministério da Saúde/Secretaria de Atenção Especializada à Saúde;SAUDE;86404597000155;S;Hospital Trombudo Central;Trombudo Central/SC;RENOVACAO;S;;1º de janeiro de 2026 a 31 de dezembro de 2028;162;69;http://pesquisa.in.gov.br/imprensa/jsp/visualiza/index.jsp?data=27/08/2026&jornal=515&pagina=69;DOU_XML;Defere a Renovação do CEBAS do Hospital Trombudo Central, com sede em Trombudo Central (SC).
24291516#1;24291516;515_20260827_24291516.xml;2026-08-27;2026-08-14;Portaria SAES/MS Nº 4.706, DE 14 DE agosto DE 2026;Ministério da Saúde/Secretaria de Atenção Especializada à Saúde;SAUDE;86108800000146;S;Associação Hospitalar Beneficente de Saudades;Saudades/SC;RENOVACAO;S;;1º de janeiro de 2025 a 31 de dezembro de 2027;162;69;http://pesquisa.in.gov.br/imprensa/jsp/visualiza/index.jsp?data=27/08/2026&jornal=515&pagina=69;DOU_XML;Defere a Renovação do CEBAS da Associação Hospitalar Beneficente de Saudades, com sede em Saudades (SC).
24291517#1;24291517;515_20260827_24291517.xml;2026-08-27;2026-08-14;Portaria SAES/MS Nº 4.705, DE 14 DE agosto DE 2026;Ministério da Saúde/Secretaria de Atenção Especializada à Saúde;SAUDE;71981476000107;S;Associação Beneficente de Tabapuã;Tabapuã/SP;RENOVACAO;S;;27 de outubro de 2024 a 26 de outubro de 2027;162;69;http://pesquisa.in.gov.br/imprensa/jsp/visualiza/index.jsp?data=27/08/2026&jornal=515&pagina=69;DOU_XML;Defere a Renovação do CEBAS da Associação Beneficente de Tabapuã, com sede em Tabapuã (SP).
24291518#1;24291518;515_20260827_24291518.xml;2026-08-27;2026-08-14;Portaria SAES/MS Nº 4.701, DE 14 DE agosto DE 2026;Ministério da Saúde/Secretaria de Atenção Especializada à Saúde;SAUDE;59006460000170;S;Fundação Beneficente de Pedreira - FUNBEPE;Pedreira/SP;RENOVACAO;S;;1º de janeiro de 2025 a 31 de dezembro de 2027;162;69;http://pesquisa.in.gov.br/imprensa/jsp/visualiza/index.jsp?data=27/08/2026&jornal=515&pagina=69;DOU_XML;Defere a Renovação do CEBAS da Fundação Beneficente de Pedreira - FUNBEPE, com sede em Pedreira (SP).
24291519#1;24291519;515_20260827_24291519.xml;2026-08-27;2026-08-24;Portaria SAES/MS Nº 4.767, DE 24 DE agosto DE 2026;Ministério da Saúde/Secretaria de Atenção Especializada à Saúde;SAUDE;19213826000167;S;Santa Casa de Misericórdia de Canápolis;Canápolis/MG;RENOVACAO;S;;13 de setembro de 2024 a 12 de setembro de 2027;162;74;http://pesquisa.in.gov.br/imprensa/jsp/visualiza/index.jsp?data=27/08/2026&jornal=515&pagina=74;DOU_XML;Defere a Renovação do CEBAS da Santa Casa de Misericórdia de Canápolis, com sede em Canápolis (MG).
24291520#1;24291520;515_20260827_24291520.xml;2026-08-27;2026-08-14;Portaria SAES/MS Nº 4.698, DE 14 DE agosto DE 2026;Ministério da Saúde/Secretaria de Atenção Especializada à Saúde;SAUDE;05312376000155;S;Centro de Pesquisas em Doenças Hepato Renais do Ceará;Fortaleza/CE;RENOVACAO;S;;27 de agosto de 2024 a 26 de agosto de 2027;162;69;http://pesquisa.in.gov.br/imprensa/jsp/visualiza/index.jsp?data=27/08/2026&jornal=515&pagina=69;DOU_XML;Defere a Renovação do CEBAS do Centro de Pesquisas em Doenças Hepato Renais do Ceará, com sede em Fortaleza (CE).
24291521#1;24291521;515_20260827_24291521.xml;2026-08-27;2026-08-14;Portaria SAES/MS Nº 4.697, DE 14 DE agosto DE 2026;Ministério da Saúde/Secretaria de Atenção Especializada à Saúde;SAUDE;29445632000140;S;Associação de Proteção e Assistência à Maternidade e à Infância de Quatis;Quatis/RJ;RECONSIDERACAO;S;concessao;3 (Três) anos a contar da data de publicação no Diário Oficial da União - DOU;162;69;http://pesquisa.in.gov.br/imprensa/jsp/visualiza/index.jsp?data=27/08/2026&jornal=515&pagina=69;DOU_XML;Defere, em grau de Reconsideração, a Concessão do CEBAS da Associação de Proteção e Assistência à Maternidade e à Infância de Quatis, com sede em Quatis (RJ).
24291522#1;24291522;515_20260827_24291522.xml;2026-08-27;2026-08-24;Portaria SAES/MS Nº 4.764, DE 24 DE agosto DE 2026;Ministério da Saúde/Secretaria de Atenção Especializada à Saúde;SAUDE;50471564000180;S;Santa Casa de Misericórdia de Jacareí;Jacareí/SP;RENOVACAO;S;;22 de agosto de 2024 a 21 de agosto de 2027;162;74;http://pesquisa.in.gov.br/imprensa/jsp/visualiza/index.jsp?data=27/08/2026&jornal=515&pagina=74;DOU_XML;Defere a Renovação do CEBAS da Santa Casa de Misericórdia de Jacareí, com sede em Jacareí (SP).
24291523#1;24291523;515_20260827_24291523.xml;2026-08-27;2026-08-21;Portaria SAES/MS Nº 4.762, DE 21 DE agosto DE 2026;Ministério da Saúde/Secretaria de Atenção Especializada à Saúde;SAUDE;84942887000127;S;Associação Nossa Senhora dos Prazeres;Lages/SC;RENOVACAO;S;;1º de janeiro de 2025 a 31 de dezembro de 2027;162;74;http://pesquisa.in.gov.br/imprensa/jsp/visualiza/index.jsp?data=27/08/2026&jornal=515&pagina=74;DOU_XML;Defere a Renovação do CEBAS da Associação Nossa Senhora dos Prazeres, com sede em Lages (SC).
24291524#1;24291524;515_20260827_24291524.xml;2026-08-27;2026-08-21;Portaria SAES/MS Nº 4.761, DE 21 DE agosto DE 2026;Ministério da Saúde/Secretaria de Atenção Especializada à Saúde;SAUDE;95815668000101;S;Associação Hospitalar Santa Rosa;Santa Rosa/RS;RENOVACAO;S;;1º de janeiro de 2025 a 31 de dezembro de 2027;162;74;http://pesquisa.in.gov.br/imprensa/jsp/visualiza/index.jsp?data=27/08/2026&jornal=515&pagina=74;DOU_XML;Defere a Renovação do CEBAS da Associação Hospitalar Santa Rosa, com sede em Santa Rosa (RS).
24291525#1;24291525;515_20260827_24291525.xml;2026-08-27;2026-08-21;Portaria SAES/MS Nº 4.759, DE 21 DE agosto DE 2026;Ministério da Saúde/Secretaria de Atenção Especializada à Saúde;SAUDE;03888591000173;S;Sociedade Amigos de Amambaí;Amambaí/MS;RENOVACAO;S;;1º de janeiro de 2025 a 31 de dezembro de 2027;162;74;http://pesquisa.in.gov.br/imprensa/jsp/visualiza/index.jsp?data=27/08/2026&jornal=515&pagina=74;DOU_XML;Defere a Renovação do CEBAS da Sociedade Amigos de Amambaí, com sede em Amambaí (MS).
24291526#1;24291526;515_20260827_24291526.xml;2026-08-27;2026-08-21;Portaria SAES/MS Nº 4.757, DE 21 DE agosto DE 2026;Ministério da Saúde/Secretaria de Atenção Especializada à Saúde;SAUDE;03267101000111;S;Centro Espírita Discípulos de Jesus;Campo Grande/MS;RENOVACAO;S;;1º de janeiro de 2025 a 31 de dezembro de 2027;162;73;http://pesquisa.in.gov.br/imprensa/jsp/visualiza/index.jsp?data=27/08/2026&jornal=515&pagina=73;DOU_XML;Defere a Renovação do CEBAS do Centro Espírita Discípulos de Jesus, com sede em Campo Grande (MS).
24291527#1;24291527;515_20260827_24291527.xml;2026-08-27;2026-08-20;Portaria SAES/MS Nº 4.755, DE 20 DE agosto DE 2026;Ministério da Saúde/Secretaria de Atenção Especializada à Saúde;SAUDE;01951177000136;S;Sociedade Integrada de Assistência Sociedade de Fátima do Sul;Fátima do Sul/MS;RENOVACAO;S;;1º de janeiro de 2025 a 31 de dezembro de 2027;162;73;http://pesquisa.in.gov.br/imprensa/jsp/visualiza/index.jsp?data=27/08/2026&jornal=515&pagina=73;DOU_XML;Defere a Renovação do CEBAS da Sociedade Integrada de Assistência Sociedade de Fátima do Sul, com sede em Fátima do Sul (MS).
