ref_ato;id_materia;arquivo;data_publicacao;data_ato;identificacao_ato;orgao;area;cnpj;cnpj_dv_ok;entidade;municipio_uf;tipo_ato;deferido;detalhe;validade;edicao;pagina;url_pdf;fonte;trecho
23997050#1;23997050;515_20260602_23997050.xml;2026-06-02;2026-05-25;Portaria SAES/MS Nº 4.178, DE 25 DE maio DE 2026;Ministério da Saúde/Secretaria de Atenção Especializada à Saúde;SAUDE;03381498000178;S;Associação Beneficente de Corumbá;Corumbá/MS;RECONSIDERACAO;S;;;102;73;http://pesquisa.in.gov.br/imprensa/jsp/visualiza/index.jsp?data=02/06/2026&jornal=515&pagina=73;DOU_XML;Reconsidera a decisão que cancela o CEBAS da Associação Beneficente de Corumbá, com sede em Corumbá (MS).
23997051#1;23997051;515_20260602_23997051.xml;2026-06-02;2026-06-01;Portaria SAES/MS Nº 4.195, DE 1º DE junho DE 2026;Ministério da Saúde/Secretaria de Atenção Especializada à Saúde;SAUDE;34729817000117;S;Instituto Transformar Saúde;Maceió/AL;CONCESSAO;S;;3 (três) anos a contar da data de publicação no Diário Oficial da União - DOU;102;74;http://pesquisa.in.gov.br/imprensa/jsp/visualiza/index.jsp?data=02/06/2026&jornal=515&pagina=74;DOU_XML;Defere a Concessão do CEBAS do Instituto Transformar Saúde, com sede em Maceió (AL).
23997052#1;23997052;515_20260602_23997052.xml;2026-06-02;2026-05-26;Portaria SAES/MS Nº 4.184, DE 26 DE maio DE 2026;Ministério da Saúde/Secretaria de Atenção Especializada à Saúde;SAUDE;50644053000113;S;Fundação Zerbini;São Paulo/SP;RENOVACAO;S;;1º de janeiro de 2025 a 31 de dezembro de 2027;102;73;http://pesquisa.in.gov.br/imprensa/jsp/visualiza/index.jsp?data=02/06/2026&jornal=515&pagina=73;DOU_XML;Defere a Renovação do CEBAS da Fundação Zerbini, com sede em São Paulo (SP).
23997053#1;23997053;515_20260602_23997053.xml;2026-06-02;2026-05-26;Portaria SAES/MS Nº 4.185, DE 26 DE maio DE 2026;Ministério da Saúde/Secretaria de Atenção Especializada à Saúde;SAUDE;26158792000110;S;Fundação Glória Rebelo Projeto Anjos Sem Asas;Magé/RJ;INDEFERIMENTO;N;concessao;;102;74;http://pesquisa.in.gov.br/imprensa/jsp/visualiza/index.jsp?data=02/06/2026&jornal=515&pagina=74;DOU_XML;Indefere a Concessão do CEBAS da Fundação Glória Rebelo Projeto Anjos Sem Asas, com sede em Magé (RJ).
23997054#1;23997054;515_20260602_23997054.xml;2026-06-02;2026-05-26;Portaria SAES/MS Nº 4.183, DE 26 DE maio DE 2026;Ministério da Saúde/Secretaria de Atenção Especializada à Saúde;SAUDE;57585943000140;S;Instituto Oncológico do Brasil;Juiz de Fora/MG;INDEFERIMENTO;N;concessao;;102;73;http://pesquisa.in.gov.br/imprensa/jsp/visualiza/index.jsp?data=02/06/2026&jornal=515&pagina=73;DOU_XML;Indefere a Concessão do CEBAS do Instituto Oncológico do Brasil, com sede em Juiz de Fora (MG).
23997055#1;23997055;515_20260602_23997055.xml;2026-06-02;2026-05-25;Portaria SAES/MS Nº 4.180, DE 25 DE maio DE 2026;Ministério da Saúde/Secretaria de Atenção Especializada à Saúde;SAUDE;79129110000108;S;Sanatório Maringá;Maringá/PR;RECONSIDERACAO;S;;;102;73;http://pesquisa.in.gov.br/imprensa/jsp/visualiza/index.jsp?data=02/06/2026&jornal=515&pagina=73;DOU_XML;Reconsidera, parcialmente, a decisão que cancela o CEBAS do Sanatório Maringá, com sede em Maringá (PR).
24023149#1;24023149;515_20260611_24023149.xml;2026-06-11;2026-06-10;Portaria SERES/MEC Nº 217, DE 10 DE JUNHO DE 2026;Ministério da Educação/Secretaria de Regulação e Supervisão da Educação Superior;EDUCACAO;00924195000166;S;Creche Balão Mágico;;CONCESSAO;S;;;107;14;http://pesquisa.in.gov.br/imprensa/jsp/visualiza/index.jsp?data=11/06/2026&jornal=515&pagina=14;DOU_XML;Art. 1º Deferir, em grau recursal, o requerimento de Concessão do Certificado de Entidade Beneficente de Assistência Social (CEBAS) da entidade Creche Balão Mágico, inscrita no CNPJ nº 00.924.195/0001-66, nos autos do Processo nº 23000.007551/2023-02, com validade pelo prazo de 3 (três) anos, a contar da publicação da decisão no Diário Oficial da União.
24023150#1;24023150;515_20260611_24023150.xml;2026-06-11;2026-06-10;Portaria SERES/MEC Nº 218, DE 10 DE JUNHO DE 2026;Ministério da Educação/Secretaria de Regulação e Supervisão da Educação Superior;EDUCACAO;84307974000102;S;FUNDAÇÃO UNIVERSIDADE DO VALE DO ITAJAÍ;;RENOVACAO;S;;1º/01/2022 a 31/12/2024;107;14;http://pesquisa.in.gov.br/imprensa/jsp/visualiza/index.jsp?data=11/06/2026&jornal=515&pagina=14;DOU_XML;Art. 1º Deferir o requerimento de Renovação do Certificado de Entidade Beneficente de Assistência Social (CEBAS) da entidade FUNDAÇÃO UNIVERSIDADE DO VALE DO ITAJAÍ, inscrita sob o CNPJ nº 84.307.974/0001-02, com validade para o período de 1º/01/2022 a 31/12/2024.
24023151#1;24023151;515_20260611_24023151.xml;2026-06-11;2026-06-10;Portaria SERES/MEC Nº 219, DE 10 DE JUNHO DE 2026;Ministério da Educação/Secretaria de Regulação e Supervisão da Educação Superior;EDUCACAO;60200979000173;S;Centro de Desenvolvimento e Tecnologia e Recursos Humanos;;RENOVACAO;S;;01/01/2001 a 31/12/2003;107;14;http://pesquisa.in.gov.br/imprensa/jsp/visualiza/index.jsp?data=11/06/2026&jornal=515&pagina=14;DOU_XML;Art. 1º Deferir o requerimento de Renovação do Certificado de Entidade Beneficente de Assistência Social (CEBAS) da entidade Centro de Desenvolvimento e Tecnologia e Recursos Humanos, inscrita sob o CNPJ nº 60.200.979/0001-73, nos autos do Processo nº 71010.000143/2005-63, com validade para o período de 01/01/2001 a 31/12/2003.
24024806#1;24024806;515_20260611_24024806.xml;2026-06-11;2026-06-03;Portaria SAES/MS Nº 4.201, DE 3 DE junho DE 2026;Ministério da Saúde/Secretaria de Atenção Especializada à Saúde;SAUDE;18653659000102;S;Fundação Hospitalar de Saúde de Varzelândia;Varzelândia/MG;CONCESSAO;S;;3 (três) anos a contar da data de publicação no Diário Oficial da União - DOU;107;63;http://pesquisa.in.gov.br/imprensa/jsp/visualiza/index.jsp?data=11/06/2026&jornal=515&pagina=63;DOU_XML;Defere a Concessão do CEBAS da Fundação Hospitalar de Saúde de Varzelândia, com sede em Varzelândia (MG).
24024830#1;24024830;515_20260611_24024830.xml;2026-06-11;2026-06-01;Portaria SAES/MS Nº 4.198, DE 1º DE junho DE 2026;Ministério da Saúde/Secretaria de Atenção Especializada à Saúde;SAUDE;32006538000108;S;Federação das Associações de Mutirões Urbanos de B. Roxo;Belford Roxo/RJ;INDEFERIMENTO;N;concessao;;107;63;http://pesquisa.in.gov.br/imprensa/jsp/visualiza/index.jsp?data=11/06/2026&jornal=515&pagina=63;DOU_XML;Indefere a Concessão do CEBAS da Federação das Associações de Mutirões Urbanos de Belford Roxo, com sede em Belford Roxo (RJ).
24024831#1;24024831;515_20260611_24024831.xml;2026-06-11;2026-06-01;Portaria SAES/MS Nº 4.197, DE 1º DE junho DE 2026;Ministério da Saúde/Secretaria de Atenção Especializada à Saúde;SAUDE;05240456000142;S;Organização Não Governamental Sem Fins Lucrativos Ação Comunitária;Guarujá/SP;INDEFERIMENTO;N;concessao;;107;63;http://pesquisa.in.gov.br/imprensa/jsp/visualiza/index.jsp?data=11/06/2026&jornal=515&pagina=63;DOU_XML;Indefere a Concessão do CEBAS da Organização Não Governamental Sem Fins Lucrativos Ação Comunitária, com sede em Guarujá (SP).
24024832#1;24024832;515_20260611_24024832.xml;2026-06-11;2026-06-01;Portaria SAES/MS Nº 4.196, DE 1º DE junho DE 2026;Ministério da Saúde/Secretaria de Atenção Especializada à Saúde;SAUDE;73027690000146;S;Santa Casa de Misericórdia de Chavantes;Chavantes/SP;RENOVACAO;S;;1º de janeiro de 2025 a 31 de dezembro de 2027;107;63;http://pesquisa.in.gov.br/imprensa/jsp/visualiza/index.jsp?data=11/06/2026&jornal=515&pagina=63;DOU_XML;Defere a Renovação do CEBAS da Santa Casa de Misericórdia de Chavantes, com sede em Chavantes (SP).
24024833#1;24024833;515_20260611_24024833.xml;2026-06-11;2026-05-28;Portaria SAES/MS Nº 4.194, DE 28 DE maio DE 2026;Ministério da Saúde/Secretaria de Atenção Especializada à Saúde;SAUDE;21565783000120;S;Fundação Instituto Clínico Juiz de Fora;Juiz de Fora/MG;CANCELAMENTO;N;;16 de agosto de 2019 a 31 de dezembro de 2023;107;63;http://pesquisa.in.gov.br/imprensa/jsp/visualiza/index.jsp?data=11/06/2026&jornal=515&pagina=63;DOU_XML;Cancela o CEBAS da Fundação Instituto Clínico Juiz de Fora, com sede em Juiz de Fora (MG).
24024834#1;24024834;515_20260611_24024834.xml;2026-06-11;2026-05-26;Portaria SAES/MS Nº 4.189, DE 26 DE maio DE 2026;Ministério da Saúde/Secretaria de Atenção Especializada à Saúde;SAUDE;50798453000183;S;Santa Casa de Misericórdia de Cerquilho;Cerquilho/SP;INDEFERIMENTO;N;renovacao;;107;63;http://pesquisa.in.gov.br/imprensa/jsp/visualiza/index.jsp?data=11/06/2026&jornal=515&pagina=63;DOU_XML;Indefere a Renovação do CEBAS da Santa Casa de Misericórdia de Cerquilho, com sede em Cerquilho (SP).
24024835#1;24024835;515_20260611_24024835.xml;2026-06-11;2026-05-26;Portaria SAES/MS Nº 4.188, DE 26 DE maio DE 2026;Ministério da Saúde/Secretaria de Atenção Especializada à Saúde;SAUDE;50807833000137;S;Associação da Santa Casa de Misericórdia de Salto de Pirapora;Barueri/SP;RENOVACAO;S;;14 de dezembro de 2024 a 13 de dezembro de 2027;107;63;http://pesquisa.in.gov.br/imprensa/jsp/visualiza/index.jsp?data=11/06/2026&jornal=515&pagina=63;DOU_XML;Defere a Renovação do CEBAS da Associação da Santa Casa de Misericórdia de Salto de Pirapora, com sede em Barueri (SP).
24024836#1;24024836;515_20260611_24024836.xml;2026-06-11;2026-05-26;Portaria SAES/MS Nº 4.187, DE 26 DE maio DE 2026;Ministério da Saúde/Secretaria de Atenção Especializada à Saúde;SAUDE;07277622000100;S;Instituto Francisco Perez;Marituba/PA;RENOVACAO;S;;13 de julho de 2024 a 12 de julho de 2027;107;63;http://pesquisa.in.gov.br/imprensa/jsp/visualiza/index.jsp?data=11/06/2026&jornal=515&pagina=63;DOU_XML;Defere a Renovação do CEBAS do Instituto Francisco Perez, com sede em Marituba (PA).
24024838#1;24024838;515_20260611_24024838.xml;2026-06-11;2026-05-26;Portaria SAES/MS Nº 4.186, DE 26 DE maio DE 2026;Ministério da Saúde/Secretaria de Atenção Especializada à Saúde;SAUDE;52602145000166;S;Instituto Social da Paraíba;Bonito de Santa Fé/PB;INDEFERIMENTO;N;concessao;;107;63;http://pesquisa.in.gov.br/imprensa/jsp/visualiza/index.jsp?data=11/06/2026&jornal=515&pagina=63;DOU_XML;Indefere a Concessão do CEBAS do Instituto Social da Paraíba, com sede em Bonito de Santa Fé (PB).
24026427#1;24026427;515_20260611_24026427.xml;2026-06-11;2026-06-10;Consulta Pública nº 8, DE 10 DE junho DE 2026;Ministério da Saúde/Gabinete do Ministro;SAUDE;43464882000159;S;BENEFICÊNCIA PORTUGUESA DE AMPARO;SP;OUTRO;;consulta publica do processo;;107;61;http://pesquisa.in.gov.br/imprensa/jsp/visualiza/index.jsp?data=11/06/2026&jornal=515&pagina=61;DOU_XML;Consulta Pública nº 8, DE 10 DE junho DE 2026 O MINISTRO DE ESTADO DA SAÚDE torna pública, nos termos do artigo 26 da Lei nº 12.101, de 27 de novembro de 2009, do artigo 14, § 4º, do Decreto nº 8.242, de 23 de maio de 2014, e do artigo 203 da Portaria de Consolidação nº 1/GM/MS, de 28 de setembro de 2017, consulta para manifestação da sociedade civil a respeito do recurso administrativo, em trâmite nos autos do Processo nº 25000.039623/2024-89, interposto pela BENEFICÊNCIA PORTUGUESA DE AMPARO/SP, CNPJ nº 43.464.882/0001-59, contra a decisão de cancelamento do Certificado de Entidade Beneficente de Assistência Social em Saúde (CEBAS) da ora recorrente, ante o descumprimento dos requisitos, a
24028885#1;24028885;515_20260612_24028885.xml;2026-06-12;2026-06-08;Portaria SAES/MS Nº 4.219, DE 8 DE junho DE 2026;Ministério da Saúde/Secretaria de Atenção Especializada à Saúde;SAUDE;09198816000146;S;Banco de olhos Maria Sesti Barbosa da Santa Casa de Misericórdia de Presidente Prudente;Presidente Prudente/SP;INDEFERIMENTO;N;concessao;;108;100;http://pesquisa.in.gov.br/imprensa/jsp/visualiza/index.jsp?data=12/06/2026&jornal=515&pagina=100;DOU_XML;Indefere a Concessão do CEBAS do Banco de olhos Maria Sesti Barbosa da Santa Casa de Misericórdia de Presidente Prudente, com sede em Presidente Prudente (SP).
24028886#1;24028886;515_20260612_24028886.xml;2026-06-12;2026-06-03;Portaria SAES/MS Nº 4.200, DE 3 DE junho DE 2026;Ministério da Saúde/Secretaria de Atenção Especializada à Saúde;SAUDE;88314133000183;S;Associação Beneficente de Canoas;Canoas/RS;INDEFERIMENTO;N;concessao;;108;100;http://pesquisa.in.gov.br/imprensa/jsp/visualiza/index.jsp?data=12/06/2026&jornal=515&pagina=100;DOU_XML;Indefere a Concessão do CEBAS da Associação Beneficente de Canoas, com sede em Canoas (RS).
24028887#1;24028887;515_20260612_24028887.xml;2026-06-12;2026-06-08;Portaria SAES/MS Nº 4.213, DE 8 DE junho DE 2026;Ministério da Saúde/Secretaria de Atenção Especializada à Saúde;SAUDE;03747268000180;S;Missão Evangélica Caiuá;Dourados/MS;RECONSIDERACAO;S;renovacao;1º de janeiro de 2019 a 31 de dezembro de 2021;108;100;http://pesquisa.in.gov.br/imprensa/jsp/visualiza/index.jsp?data=12/06/2026&jornal=515&pagina=100;DOU_XML;Defere, em grau de Reconsideração, a Renovação do CEBAS da Missão Evangélica Caiuá, com sede em Dourados (MS).
24029884#1;24029884;515_20260612_24029884.xml;2026-06-12;2026-06-09;Portaria SAES/MS Nº 4.222, DE 9 DE junho DE 2026;Ministério da Saúde/Secretaria de Atenção Especializada à Saúde;SAUDE;10739225000118;S;Instituto Social das Medianeiras da Paz;Araripina/PE;RENOVACAO;S;;24 de dezembro de 2024 a 23 de dezembro de 2027;108;100;http://pesquisa.in.gov.br/imprensa/jsp/visualiza/index.jsp?data=12/06/2026&jornal=515&pagina=100;DOU_XML;Defere a Renovação do CEBAS do Instituto Social das Medianeiras da Paz, com sede em Araripina (PE).
24029885#1;24029885;515_20260612_24029885.xml;2026-06-12;2026-06-08;Portaria SAES/MS Nº 4.221, DE 8 DE junho DE 2026;Ministério da Saúde/Secretaria de Atenção Especializada à Saúde;SAUDE;18632315000117;S;Fundação Hospitalar São Sebastião;Três Corações/MG;RENOVACAO;S;;1º de janeiro de 2026 a 31 de dezembro de 2028;108;100;http://pesquisa.in.gov.br/imprensa/jsp/visualiza/index.jsp?data=12/06/2026&jornal=515&pagina=100;DOU_XML;Defere a Renovação do CEBAS da Fundação Hospitalar São Sebastião, com sede em Três Corações (MG).
24029886#1;24029886;515_20260612_24029886.xml;2026-06-12;2026-05-25;Portaria SAES/MS Nº 4.179, DE 25 DE maio DE 2026;Ministério da Saúde/Secretaria de Atenção Especializada à Saúde;SAUDE;23490345000176;S;Central Nacional de Aposentados e Pensionistas - (Associação Santo Antônio);Fortaleza/CE;CANCELAMENTO;N;;2 de julho de 2019 a 31 de dezembro de 2023;108;100;http://pesquisa.in.gov.br/imprensa/jsp/visualiza/index.jsp?data=12/06/2026&jornal=515&pagina=100;DOU_XML;Cancela o CEBAS da Central Nacional de Aposentados e Pensionistas - (Associação Santo Antônio), com sede em Fortaleza (CE).
24031346#1;24031346;515_20260615_24031346.xml;2026-06-15;2026-06-12;Portaria SERES/MEC Nº 228, DE 12 DE JUNHO DE 2026;Ministério da Educação/Secretaria de Regulação e Supervisão da Educação Superior;EDUCACAO;17033335000109;S;ASSOCIACÃO COMUNITÁRIA AMIGOS DO YADOIA;;INDEFERIMENTO;N;concessao;;109;48;http://pesquisa.in.gov.br/imprensa/jsp/visualiza/index.jsp?data=15/06/2026&jornal=515&pagina=48;DOU_XML;Art. 1º Indeferir o requerimento de Concessão do Certificado de Entidade Beneficente de Assistência Social (CEBAS) da entidade ASSOCIACÃO COMUNITÁRIA AMIGOS DO YADOIA, inscrita sob o CNPJ nº17.033.335/0001-09, por contrariar os requisitos legais constantes da Lei Complementar nº 187, de 16 de dezembro de 2021, considerando os fundamentos contidos na respectiva Nota Técnica.
24031347#1;24031347;515_20260615_24031347.xml;2026-06-15;;PORTARIA SERES/MEC Nº 229, DE 229 DE JUNHO DE 2026;Ministério da Educação/Secretaria de Regulação e Supervisão da Educação Superior;EDUCACAO;19023613000172;S;ASSOCIAÇÃO DE PROTEÇÃO A GUARDA MIRIM DE JUIZ DE FORA;;OUTRO;;"arquivamento; concessao";;109;48;http://pesquisa.in.gov.br/imprensa/jsp/visualiza/index.jsp?data=15/06/2026&jornal=515&pagina=48;DOU_XML;Art. 1º Ficam arquivados os requerimentos de Concessão do Certificado de Entidade Beneficente de Assistência Social (CEBAS) das entidades do ANEXO I, por motivo [...] 1 | 23000.004889/2022-13 | 19.023.613/0001-72 | ASSOCIAÇÃO DE PROTEÇÃO A GUARDA MIRIM DE JUIZ DE FORA | 24/08/2020 | 23/08/2023 | 22/02/2022 | 547 dias | 192/2024
24031347#1;24031347;515_20260615_24031347.xml;2026-06-15;;PORTARIA SERES/MEC Nº 229, DE 229 DE JUNHO DE 2026;Ministério da Educação/Secretaria de Regulação e Supervisão da Educação Superior;EDUCACAO;00907727000157;S;COMUNIDADE BOM PASTOR;;OUTRO;;"arquivamento; concessao";;109;48;http://pesquisa.in.gov.br/imprensa/jsp/visualiza/index.jsp?data=15/06/2026&jornal=515&pagina=48;DOU_XML;Art. 1º Ficam arquivados os requerimentos de Concessão do Certificado de Entidade Beneficente de Assistência Social (CEBAS) das entidades do ANEXO I, por motivo [...] 2 | 23000.029929/2022-30 | 00.907.727/0001-57 | COMUNIDADE BOM PASTOR | 29/05/2018 | 31/12/2024 | 10/10/2022 | 813 dias | 200/2024
24031347#1;24031347;515_20260615_24031347.xml;2026-06-15;;PORTARIA SERES/MEC Nº 229, DE 229 DE JUNHO DE 2026;Ministério da Educação/Secretaria de Regulação e Supervisão da Educação Superior;EDUCACAO;94873767000179;S;EDUCANDÁRIO CORACÃO DE MARIA;;OUTRO;;"arquivamento; concessao";;109;48;http://pesquisa.in.gov.br/imprensa/jsp/visualiza/index.jsp?data=15/06/2026&jornal=515&pagina=48;DOU_XML;Art. 1º Ficam arquivados os requerimentos de Concessão do Certificado de Entidade Beneficente de Assistência Social (CEBAS) das entidades do ANEXO I, por motivo [...] 3 | 23000.000303/2023-22 | 94.873.767/0001-79 | EDUCANDÁRIO CORACÃO DE MARIA | 30/08/2023 | 29/08/2026 | 23/12/2022 | 1.345 dias | 199/2024
24031347#1;24031347;515_20260615_24031347.xml;2026-06-15;;PORTARIA SERES/MEC Nº 229, DE 229 DE JUNHO DE 2026;Ministério da Educação/Secretaria de Regulação e Supervisão da Educação Superior;EDUCACAO;04449826000193;S;INSTITUTO ACAIA;;OUTRO;;"arquivamento; concessao";;109;48;http://pesquisa.in.gov.br/imprensa/jsp/visualiza/index.jsp?data=15/06/2026&jornal=515&pagina=48;DOU_XML;Art. 1º Ficam arquivados os requerimentos de Concessão do Certificado de Entidade Beneficente de Assistência Social (CEBAS) das entidades do ANEXO I, por motivo [...] 4 | 23000.003685/2024-27 | 04.449.826/0001-93 | INSTITUTO ACAIA | 04/08/2022 | 03/08/2025 | 24/05/2022 | 1.167 dias | 187/2024
24031347#1;24031347;515_20260615_24031347.xml;2026-06-15;;PORTARIA SERES/MEC Nº 229, DE 229 DE JUNHO DE 2026;Ministério da Educação/Secretaria de Regulação e Supervisão da Educação Superior;EDUCACAO;30557292000129;S;ASSOCIAÇÃO FRIBURGUENSE DE AMIGOS E PAIS DO EDUCANDO;;OUTRO;;"arquivamento; renovacao";;109;48;http://pesquisa.in.gov.br/imprensa/jsp/visualiza/index.jsp?data=15/06/2026&jornal=515&pagina=48;DOU_XML;Art. 2º Ficam arquivados os processos relacionados no ANEXO II, tendo em vista a existência de outro protocolo tempestivo de renovação de certificação, no prazo [...] 2 | 23000.013714/2022-05 | ASSOCIAÇÃO FRIBURGUENSE DE AMIGOS E PAIS DO EDUCANDO | 30.557.292/0001-29 | 23000.013714/2022-05 | 235874.0638145/2023 | 19/2026
24031347#1;24031347;515_20260615_24031347.xml;2026-06-15;;PORTARIA SERES/MEC Nº 229, DE 229 DE JUNHO DE 2026;Ministério da Educação/Secretaria de Regulação e Supervisão da Educação Superior;EDUCACAO;01037710000159;S;ASSOCIAÇÃO DOS MORADORES E AMIGOS DE NOVA CONTAGEM E ADJACÊNCIA;;OUTRO;;"arquivamento; renovacao";;109;48;http://pesquisa.in.gov.br/imprensa/jsp/visualiza/index.jsp?data=15/06/2026&jornal=515&pagina=48;DOU_XML;Art. 2º Ficam arquivados os processos relacionados no ANEXO II, tendo em vista a existência de outro protocolo tempestivo de renovação de certificação, no prazo [...] 3 | 23000.016986/2022-59 | ASSOCIAÇÃO DOS MORADORES E AMIGOS DE NOVA CONTAGEM E ADJACÊNCIA | 01.037.710/0001-59 | 23000.016986/2022-59 | 235874.0613918/2023 | 210/2024
24031347#1;24031347;515_20260615_24031347.xml;2026-06-15;;PORTARIA SERES/MEC Nº 229, DE 229 DE JUNHO DE 2026;Ministério da Educação/Secretaria de Regulação e Supervisão da Educação Superior;EDUCACAO;27766476000194;S;ASSOCIAÇÃO DE PAIS E AMIGOS DOS EXCEPCIONAIS DE SÃO GONÇALO;;OUTRO;;"arquivamento; renovacao";;109;48;http://pesquisa.in.gov.br/imprensa/jsp/visualiza/index.jsp?data=15/06/2026&jornal=515&pagina=48;DOU_XML;Art. 2º Ficam arquivados os processos relacionados no ANEXO II, tendo em vista a existência de outro protocolo tempestivo de renovação de certificação, no prazo [...] 4 | 23000.031805/2022-14 | ASSOCIAÇÃO DE PAIS E AMIGOS DOS EXCEPCIONAIS DE SÃO GONÇALO | 27.766.476/0001-94 | 23000.031805/2022-14 | 308796.0801802/2023 | 112/2026
24031347#1;24031347;515_20260615_24031347.xml;2026-06-15;;PORTARIA SERES/MEC Nº 229, DE 229 DE JUNHO DE 2026;Ministério da Educação/Secretaria de Regulação e Supervisão da Educação Superior;EDUCACAO;83798504000126;S;ASSOCIAÇÃO PAIS AMIGOS DOS EXEPCIONAIS ITAIÓPOLIS APAE;;OUTRO;;"arquivamento; renovacao";;109;48;http://pesquisa.in.gov.br/imprensa/jsp/visualiza/index.jsp?data=15/06/2026&jornal=515&pagina=48;DOU_XML;Art. 2º Ficam arquivados os processos relacionados no ANEXO II, tendo em vista a existência de outro protocolo tempestivo de renovação de certificação, no prazo [...] 5 | 23000.031204/2022-10 | ASSOCIAÇÃO PAIS AMIGOS DOS EXEPCIONAIS ITAIÓPOLIS APAE | 83.798.504/0001-26 | 23000.031204/2022-10 | 308796.0850963/2024 | 215/2024
24031347#1;24031347;515_20260615_24031347.xml;2026-06-15;;PORTARIA SERES/MEC Nº 229, DE 229 DE JUNHO DE 2026;Ministério da Educação/Secretaria de Regulação e Supervisão da Educação Superior;EDUCACAO;20654927000152;S;FUNDACAO FREDERICO OZANAN DE ITAUNA;;OUTRO;;"arquivamento; renovacao";;109;48;http://pesquisa.in.gov.br/imprensa/jsp/visualiza/index.jsp?data=15/06/2026&jornal=515&pagina=48;DOU_XML;Art. 2º Ficam arquivados os processos relacionados no ANEXO II, tendo em vista a existência de outro protocolo tempestivo de renovação de certificação, no prazo [...] 6 | 23000.001001/2023-71 | FUNDACAO FREDERICO OZANAN DE ITAUNA | 20.654.927/0001-52 | 23000.001001/2023-71 | 308796.0988495/2024 | 207/2024
24035814#1;24035814;515_20260616_24035814.xml;2026-06-16;2026-06-12;PORTARIA SERES/MEC Nº 229, DE 12 DE JUNHO DE 2026 (*);Ministério da Educação/Secretaria de Regulação e Supervisão da Educação Superior;EDUCACAO;19023613000172;S;ASSOCIAÇÃO DE PROTEÇÃO A GUARDA MIRIM DE JUIZ DE FORA;;OUTRO;;"arquivamento; concessao";;110;47;http://pesquisa.in.gov.br/imprensa/jsp/visualiza/index.jsp?data=16/06/2026&jornal=515&pagina=47;DOU_XML;Art. 1º Ficam arquivados os requerimentos de Concessão do Certificado de Entidade Beneficente de Assistência Social (CEBAS) das entidades do ANEXO I, por motivo [...] 1 | 23000.004889/2022-13 | 19.023.613/0001-72 | ASSOCIAÇÃO DE PROTEÇÃO A GUARDA MIRIM DE JUIZ DE FORA | 24/08/2020 | 23/08/2023 | 22/02/2022 | 547 dias | 192/2024
24035814#1;24035814;515_20260616_24035814.xml;2026-06-16;2026-06-12;PORTARIA SERES/MEC Nº 229, DE 12 DE JUNHO DE 2026 (*);Ministério da Educação/Secretaria de Regulação e Supervisão da Educação Superior;EDUCACAO;00907727000157;S;COMUNIDADE BOM PASTOR;;OUTRO;;"arquivamento; concessao";;110;47;http://pesquisa.in.gov.br/imprensa/jsp/visualiza/index.jsp?data=16/06/2026&jornal=515&pagina=47;DOU_XML;Art. 1º Ficam arquivados os requerimentos de Concessão do Certificado de Entidade Beneficente de Assistência Social (CEBAS) das entidades do ANEXO I, por motivo [...] 2 | 23000.029929/2022-30 | 00.907.727/0001-57 | COMUNIDADE BOM PASTOR | 29/05/2018 | 31/12/2024 | 10/10/2022 | 813 dias | 200/2024
24035814#1;24035814;515_20260616_24035814.xml;2026-06-16;2026-06-12;PORTARIA SERES/MEC Nº 229, DE 12 DE JUNHO DE 2026 (*);Ministério da Educação/Secretaria de Regulação e Supervisão da Educação Superior;EDUCACAO;94873767000179;S;EDUCANDÁRIO CORACÃO DE MARIA;;OUTRO;;"arquivamento; concessao";;110;47;http://pesquisa.in.gov.br/imprensa/jsp/visualiza/index.jsp?data=16/06/2026&jornal=515&pagina=47;DOU_XML;Art. 1º Ficam arquivados os requerimentos de Concessão do Certificado de Entidade Beneficente de Assistência Social (CEBAS) das entidades do ANEXO I, por motivo [...] 3 | 23000.000303/2023-22 | 94.873.767/0001-79 | EDUCANDÁRIO CORACÃO DE MARIA | 30/08/2023 | 29/08/2026 | 23/12/2022 | 1.345 dias | 199/2024
24035814#1;24035814;515_20260616_24035814.xml;2026-06-16;2026-06-12;PORTARIA SERES/MEC Nº 229, DE 12 DE JUNHO DE 2026 (*);Ministério da Educação/Secretaria de Regulação e Supervisão da Educação Superior;EDUCACAO;04449826000193;S;INSTITUTO ACAIA;;OUTRO;;"arquivamento; concessao";;110;47;http://pesquisa.in.gov.br/imprensa/jsp/visualiza/index.jsp?data=16/06/2026&jornal=515&pagina=47;DOU_XML;Art. 1º Ficam arquivados os requerimentos de Concessão do Certificado de Entidade Beneficente de Assistência Social (CEBAS) das entidades do ANEXO I, por motivo [...] 4 | 23000.003685/2024-27 | 04.449.826/0001-93 | INSTITUTO ACAIA | 04/08/2022 | 03/08/2025 | 24/05/2022 | 1.167 dias | 187/2024
24035814#1;24035814;515_20260616_24035814.xml;2026-06-16;2026-06-12;PORTARIA SERES/MEC Nº 229, DE 12 DE JUNHO DE 2026 (*);Ministério da Educação/Secretaria de Regulação e Supervisão da Educação Superior;EDUCACAO;30557292000129;S;ASSOCIAÇÃO FRIBURGUENSE DE AMIGOS E PAIS DO EDUCANDO;;OUTRO;;"arquivamento; renovacao";;110;47;http://pesquisa.in.gov.br/imprensa/jsp/visualiza/index.jsp?data=16/06/2026&jornal=515&pagina=47;DOU_XML;Art. 2º Ficam arquivados os processos relacionados no ANEXO II, tendo em vista a existência de outro protocolo tempestivo de renovação de certificação, no prazo [...] 2 | 23000.013714/2022-05 | ASSOCIAÇÃO FRIBURGUENSE DE AMIGOS E PAIS DO EDUCANDO | 30.557.292/0001-29 | 23000.013714/2022-05 | 235874.0638145/2023 | 19/2026
24035814#1;24035814;515_20260616_24035814.xml;2026-06-16;2026-06-12;PORTARIA SERES/MEC Nº 229, DE 12 DE JUNHO DE 2026 (*);Ministério da Educação/Secretaria de Regulação e Supervisão da Educação Superior;EDUCACAO;01037710000159;S;ASSOCIAÇÃO DOS MORADORES E AMIGOS DE NOVA CONTAGEM E ADJACÊNCIA;;OUTRO;;"arquivamento; renovacao";;110;47;http://pesquisa.in.gov.br/imprensa/jsp/visualiza/index.jsp?data=16/06/2026&jornal=515&pagina=47;DOU_XML;Art. 2º Ficam arquivados os processos relacionados no ANEXO II, tendo em vista a existência de outro protocolo tempestivo de renovação de certificação, no prazo [...] 3 | 23000.016986/2022-59 | ASSOCIAÇÃO DOS MORADORES E AMIGOS DE NOVA CONTAGEM E ADJACÊNCIA | 01.037.710/0001-59 | 23000.016986/2022-59 | 235874.0613918/2023 | 210/2024
24035814#1;24035814;515_20260616_24035814.xml;2026-06-16;2026-06-12;PORTARIA SERES/MEC Nº 229, DE 12 DE JUNHO DE 2026 (*);Ministério da Educação/Secretaria de Regulação e Supervisão da Educação Superior;EDUCACAO;27766476000194;S;ASSOCIAÇÃO DE PAIS E AMIGOS DOS EXCEPCIONAIS DE SÃO GONÇALO;;OUTRO;;"arquivamento; renovacao";;110;47;http://pesquisa.in.gov.br/imprensa/jsp/visualiza/index.jsp?data=16/06/2026&jornal=515&pagina=47;DOU_XML;Art. 2º Ficam arquivados os processos relacionados no ANEXO II, tendo em vista a existência de outro protocolo tempestivo de renovação de certificação, no prazo [...] 4 | 23000.031805/2022-14 | ASSOCIAÇÃO DE PAIS E AMIGOS DOS EXCEPCIONAIS DE SÃO GONÇALO | 27.766.476/0001-94 | 23000.031805/2022-14 | 308796.0801802/2023 | 112/2026
24035814#1;24035814;515_20260616_24035814.xml;2026-06-16;2026-06-12;PORTARIA SERES/MEC Nº 229, DE 12 DE JUNHO DE 2026 (*);Ministério da Educação/Secretaria de Regulação e Supervisão da Educação Superior;EDUCACAO;83798504000126;S;ASSOCIAÇÃO PAIS AMIGOS DOS EXEPCIONAIS ITAIÓPOLIS APAE;;OUTRO;;"arquivamento; renovacao";;110;47;http://pesquisa.in.gov.br/imprensa/jsp/visualiza/index.jsp?data=16/06/2026&jornal=515&pagina=47;DOU_XML;Art. 2º Ficam arquivados os processos relacionados no ANEXO II, tendo em vista a existência de outro protocolo tempestivo de renovação de certificação, no prazo [...] 5 | 23000.031204/2022-10 | ASSOCIAÇÃO PAIS AMIGOS DOS EXEPCIONAIS ITAIÓPOLIS APAE | 83.798.504/0001-26 | 23000.031204/2022-10 | 308796.0850963/2024 | 215/2024
24035814#1;24035814;515_20260616_24035814.xml;2026-06-16;2026-06-12;PORTARIA SERES/MEC Nº 229, DE 12 DE JUNHO DE 2026 (*);Ministério da Educação/Secretaria de Regulação e Supervisão da Educação Superior;EDUCACAO;20654927000152;S;FUNDACAO FREDERICO OZANAN DE ITAUNA;;OUTRO;;"arquivamento; renovacao";;110;47;http://pesquisa.in.gov.br/imprensa/jsp/visualiza/index.jsp?data=16/06/2026&jornal=515&pagina=47;DOU_XML;Art. 2º Ficam arquivados os processos relacionados no ANEXO II, tendo em vista a existência de outro protocolo tempestivo de renovação de certificação, no prazo [...] 6 | 23000.001001/2023-71 | FUNDACAO FREDERICO OZANAN DE ITAUNA | 20.654.927/0001-52 | 23000.001001/2023-71 | 308796.0988495/2024 | 207/2024
24036023#1;24036023;515_20260616_24036023.xml;2026-06-16;2026-06-12;Portaria SAES/MS Nº 4.239, DE 12 DE junho DE 2026;Ministério da Saúde/Secretaria de Atenção Especializada à Saúde;SAUDE;05550451000116;S;Rede de Assistência à Saúde Metropolitana;Sarandi/PR;RECONSIDERACAO;S;"renovacao; judicial";14 de maio de 2024 a 13 de maio de 2027;110;109;http://pesquisa.in.gov.br/imprensa/jsp/visualiza/index.jsp?data=16/06/2026&jornal=515&pagina=109;DOU_XML;Defere, sub judice, em grau de reconsideração, a Renovação do CEBAS da Rede de Assistência à Saúde Metropolitana, com sede em Sarandi (PR).
24037207#1;24037207;515_20260616_24037207.xml;2026-06-16;2026-06-10;Portaria SAES/MS Nº 4.229, DE 10 DE junho DE 2026;Ministério da Saúde/Secretaria de Atenção Especializada à Saúde;SAUDE;03369079000110;S;Instituto Social Viva Itaboraí;Itaboraí/RJ;INDEFERIMENTO;N;concessao;;110;109;http://pesquisa.in.gov.br/imprensa/jsp/visualiza/index.jsp?data=16/06/2026&jornal=515&pagina=109;DOU_XML;Indefere a Concessão do CEBAS do Instituto Social Viva Itaboraí, com sede em Itaboraí (RJ).
24037348#1;24037348;515_20260616_24037348.xml;2026-06-16;2026-06-10;Portaria SAES/MS Nº 4.228, DE 10 DE junho DE 2026;Ministério da Saúde/Secretaria de Atenção Especializada à Saúde;SAUDE;72457716000123;S;Santa Casa de Misericórdia de Tietê;Tietê/SP;RENOVACAO;S;;1º de janeiro de 2025 a 31 de dezembro de 2027;110;109;http://pesquisa.in.gov.br/imprensa/jsp/visualiza/index.jsp?data=16/06/2026&jornal=515&pagina=109;DOU_XML;Defere a Renovação do CEBAS da Santa Casa de Misericórdia de Tietê, com sede em Tietê (SP).
24037349#1;24037349;515_20260616_24037349.xml;2026-06-16;2026-06-10;Portaria SAES/MS Nº 4.226, DE 10 DE junho DE 2026;Ministério da Saúde/Secretaria de Atenção Especializada à Saúde;SAUDE;13675881000192;S;Instituto Alegra Saúde;Olinda/PE;INDEFERIMENTO;N;concessao;;110;108;http://pesquisa.in.gov.br/imprensa/jsp/visualiza/index.jsp?data=16/06/2026&jornal=515&pagina=108;DOU_XML;Indefere a Concessão do CEBAS do Instituto Alegra Saúde, com sede em Olinda (PE).
24037350#1;24037350;515_20260616_24037350.xml;2026-06-16;2026-06-09;Portaria SAES/MS Nº 4.224, DE 9 DE junho DE 2026;Ministério da Saúde/Secretaria de Atenção Especializada à Saúde;SAUDE;03254082000199;S;Instituto Acqua - Ação, Cidadania, Qualidade Urbana e Ambiental;Santo André/SP;CONCESSAO;S;;3 (Três) anos a contar da data de publicação no Diário Oficial da União - DOU;110;108;http://pesquisa.in.gov.br/imprensa/jsp/visualiza/index.jsp?data=16/06/2026&jornal=515&pagina=108;DOU_XML;Defere a Concessão do CEBAS do Instituto Acqua - Ação, Cidadania, Qualidade Urbana e Ambiental, com sede em Santo André (SP).
24037351#1;24037351;515_20260616_24037351.xml;2026-06-16;2026-06-09;Portaria SAES/MS Nº 4.223, DE 9 DE junho DE 2026;Ministério da Saúde/Secretaria de Atenção Especializada à Saúde;SAUDE;31848973000109;S;Adorável Vira Lata;São Miguel/SP;INDEFERIMENTO;N;concessao;;110;108;http://pesquisa.in.gov.br/imprensa/jsp/visualiza/index.jsp?data=16/06/2026&jornal=515&pagina=108;DOU_XML;Indefere a Concessão do CEBAS da Adorável Vira Lata, com sede em São Miguel (SP).
24042195#1;24042195;515_20260617_24042195.xml;2026-06-17;2026-06-16;Portaria SERES/MEC Nº 241, DE 16 DE JUNHO DE 2026;Ministério da Educação/Secretaria de Regulação e Supervisão da Educação Superior;EDUCACAO;25762972000144;S;INSTITUTO IRMÃ TERESA VALSE PANTELLINI;;INDEFERIMENTO;N;renovacao;;111;46;http://pesquisa.in.gov.br/imprensa/jsp/visualiza/index.jsp?data=17/06/2026&jornal=515&pagina=46;DOU_XML;Art. 1º Indeferir o pedido de Renovação do Certificado de Entidade Beneficente de Assistência Social (CEBAS) da entidade INSTITUTO IRMÃ TERESA VALSE PANTELLINI, inscrita sob o CNPJ nº 25.762.972/0001-44, por contrariar os requisitos legais constantes da Lei nº 12.101, de 27 de novembro de 2009, considerando os fundamentos contidos na respectiva Nota Técnica.
24042196#1;24042196;515_20260617_24042196.xml;2026-06-17;2026-06-16;Portaria SERES/MEC Nº 242, DE 16 DE JUNHO DE 2026;Ministério da Educação/Secretaria de Regulação e Supervisão da Educação Superior;EDUCACAO;33479965000168;S;ASSOCIAÇÃO UNIVERSITARIA SANTA ÚRSULA;;OUTRO;;"arquivamento; concessao";;111;46;http://pesquisa.in.gov.br/imprensa/jsp/visualiza/index.jsp?data=17/06/2026&jornal=515&pagina=46;DOU_XML;Art. 1º Arquivar o requerimento de Concessão do Certificado de Entidade Beneficente de Assistência Social (CEBAS) da entidade ASSOCIAÇÃO UNIVERSITARIA SANTA ÚRSULA, inscrita sob o CNPJ nº 33.479.965/0001-68, por perda de objeto, considerando os fundamentos contidos na respectiva Nota Técnica.
24042197#1;24042197;515_20260617_24042197.xml;2026-06-17;2026-06-16;Portaria SERES/MEC Nº 243, DE 16 DE JUNHO DE 2026;Ministério da Educação/Secretaria de Regulação e Supervisão da Educação Superior;EDUCACAO;00983589000195;S;UNIÃO DOS AMIGOS DOS BAIRROS DO ITAPETINGA- UABI;;INDEFERIMENTO;N;concessao;;111;46;http://pesquisa.in.gov.br/imprensa/jsp/visualiza/index.jsp?data=17/06/2026&jornal=515&pagina=46;DOU_XML;Art. 1º Indeferir o requerimento de Concessão do Certificado de Entidade Beneficente de Assistência Social (CEBAS) da entidade UNIÃO DOS AMIGOS DOS BAIRROS DO ITAPETINGA- UABI, inscritia sob o CNPJ nº 00.983.589/0001-95, por contrariar os requisitos legais constantes da Lei nº 12.101, de 27 de novembro de 2009, considerando os fundamentos contidos na respectiva Nota Técnica.
24042198#1;24042198;515_20260617_24042198.xml;2026-06-17;2026-06-16;Portaria SERES/MEC Nº 244, DE 16 DE JUNHO DE 2026;Ministério da Educação/Secretaria de Regulação e Supervisão da Educação Superior;EDUCACAO;56322076000198;S;formulado pela entidade Centro de Educação e Integração Social de Vila Ramos;;RECONSIDERACAO;N;concessao;;111;46;http://pesquisa.in.gov.br/imprensa/jsp/visualiza/index.jsp?data=17/06/2026&jornal=515&pagina=46;DOU_XML;Art. 1º Não se reconsidera a decisão do requerimento de concessão da Certificação de Entidade Beneficente de Assistência Social (CEBAS) formulado pela entidade Centro de Educação e Integração Social de Vila Ramos, inscrita no CNPJ nº 56.322.076/0001-98, sendo mantido o indeferimento de que trata a Portaria SERES/MEC nº 639, de 15 de setembro de 2025.
24049594#1;24049594;515_20260619_24049594.xml;2026-06-19;2026-06-16;Portaria SAES/MS Nº 4.237, DE 16 DE junho DE 2026;Ministério da Saúde/Secretaria de Atenção Especializada à Saúde;SAUDE;55519515000194;S;Associação Central de Lésbicas, Gays, Bissexuais, Travestis, Transexuais, Intersexuais, Assexuais, Pansexuais e Não Binários de Paulo Afonso;Paulo Afonso/BA;INDEFERIMENTO;N;concessao;;113;161;http://pesquisa.in.gov.br/imprensa/jsp/visualiza/index.jsp?data=19/06/2026&jornal=515&pagina=161;DOU_XML;Indefere a Concessão do CEBAS da Associação Central de Lésbicas, Gays, Bissexuais, Travestis, Transexuais, Intersexuais, Assexuais, Pansexuais e Não Binários de Paulo Afonso, com sede em Paulo Afonso (BA).
24049595#1;24049595;515_20260619_24049595.xml;2026-06-19;2026-06-16;Portaria SAES/MS Nº 4.236, DE 16 DE junho DE 2026;Ministério da Saúde/Secretaria de Atenção Especializada à Saúde;SAUDE;56390123000130;S;Casa de Saúde Bezerra de Menezes;Rio Claro/SP;RENOVACAO;S;;1º de janeiro de 2025 a 31 de dezembro de 2027;113;160;http://pesquisa.in.gov.br/imprensa/jsp/visualiza/index.jsp?data=19/06/2026&jornal=515&pagina=160;DOU_XML;Defere a Renovação do CEBAS da Casa de Saúde Bezerra de Menezes, com sede em Rio Claro (SP).
24049596#1;24049596;515_20260619_24049596.xml;2026-06-19;2026-06-16;Portaria SAES/MS Nº 4.235, DE 16 DE junho DE 2026;Ministério da Saúde/Secretaria de Atenção Especializada à Saúde;SAUDE;41400580000191;S;Associação de Serviços Sociais Voluntários de Balneário Rincão;Balneário Rincão/SC;INDEFERIMENTO;N;concessao;;113;160;http://pesquisa.in.gov.br/imprensa/jsp/visualiza/index.jsp?data=19/06/2026&jornal=515&pagina=160;DOU_XML;Indefere a Concessão do CEBAS da Associação de Serviços Sociais Voluntários de Balneário Rincão, com sede em Balneário Rincão (SC).
24049597#1;24049597;515_20260619_24049597.xml;2026-06-19;2026-06-16;Portaria SAES/MS Nº 4.233, DE 16 DE junho DE 2026;Ministério da Saúde/Secretaria de Atenção Especializada à Saúde;SAUDE;06982804000110;S;Associação de Bombeiros Voluntários de Três Coroas;Três Coroas/RS;RECONSIDERACAO;S;concessao;3 (três) anos a contar da data de publicação no Diário Oficial da União - DOU;113;160;http://pesquisa.in.gov.br/imprensa/jsp/visualiza/index.jsp?data=19/06/2026&jornal=515&pagina=160;DOU_XML;Defere, em grau de Reconsideração, a Concessão do CEBAS da Associação de Bombeiros Voluntários de Três Coroas, com sede Três Coroas (RS).
24049598#1;24049598;515_20260619_24049598.xml;2026-06-19;2026-06-16;Portaria SAES/MS Nº 4.232, DE 16 DE junho DE 2026;Ministério da Saúde/Secretaria de Atenção Especializada à Saúde;SAUDE;07707031000126;S;Centro de Apoio à Saúde da Leste - CASAL;São Paulo/SP;INDEFERIMENTO;N;concessao;;113;160;http://pesquisa.in.gov.br/imprensa/jsp/visualiza/index.jsp?data=19/06/2026&jornal=515&pagina=160;DOU_XML;Indefere a Concessão do CEBAS do Centro de Apoio à Saúde da Leste - CASAL, com sede em São Paulo (SP).
24049599#1;24049599;515_20260619_24049599.xml;2026-06-19;2026-06-16;Portaria SAES/MS Nº 4.231, DE 16 DE junho DE 2026;Ministério da Saúde/Secretaria de Atenção Especializada à Saúde;SAUDE;09433715000102;S;Fundação Governador Flávio Ribeiro Coutinho;Santa Rita/PB;RENOVACAO;S;;1º de janeiro de 2025 a 31 de dezembro de 2027;113;160;http://pesquisa.in.gov.br/imprensa/jsp/visualiza/index.jsp?data=19/06/2026&jornal=515&pagina=160;DOU_XML;Defere a Renovação do CEBAS da Fundação Governador Flávio Ribeiro Coutinho, com sede em Santa Rita (PB).
24049600#1;24049600;515_20260619_24049600.xml;2026-06-19;2026-06-16;Portaria SAES/MS Nº 4.230, DE 16 DE junho DE 2026;Ministério da Saúde/Secretaria de Atenção Especializada à Saúde;SAUDE;02489560000187;S;Associação Cultural Comunitária Liberdade;Suzano/SP;INDEFERIMENTO;N;concessao;;113;160;http://pesquisa.in.gov.br/imprensa/jsp/visualiza/index.jsp?data=19/06/2026&jornal=515&pagina=160;DOU_XML;Indefere a Concessão do CEBAS da Associação Cultural Comunitária Liberdade, com sede em Suzano (SP).
24055126#1;24055126;515_20260622_24055126.xml;2026-06-22;2026-06-19;Portaria SAES/MS Nº 4.271, DE 19 DE junho DE 2026;Ministério da Saúde/Secretaria de Atenção Especializada à Saúde;SAUDE;17513235000180;S;Associação Mário Penna;;RENOVACAO;S;;1º de janeiro de 2026 a 31 de dezembro de 2028;114;75;http://pesquisa.in.gov.br/imprensa/jsp/visualiza/index.jsp?data=22/06/2026&jornal=515&pagina=75;DOU_XML;Defere a Renovação do CEBAS da Associação Mário Penna, com sede em Belo Horizonte (MG).
24056162#1;24056162;515_20260622_24056162.xml;2026-06-22;2026-06-11;PORTARIA Nº 55, DE 11 DE JUNHO DE 2026;Ministério do Desenvolvimento e Assistência Social, Família e Combate à Fome/Secretaria Nacional de Assistência Social/Departamento da Rede Socioassistencial Privada do Sistema Único de Assistência Social;ASSISTENCIA;81531808000105;S;Associação Beneficente Nossa Senhora de Azambuja;;OUTRO;;supervisao: prazo para apresentar documentos;;114;20;http://pesquisa.in.gov.br/imprensa/jsp/visualiza/index.jsp?data=22/06/2026&jornal=515&pagina=20;DOU_XML;Art. 1º Abrir prazo de 30 dias improrrogáveis, a contar da publicação desta Portaria, no Diário Oficial da União (DOU), para a entidade Associação Beneficente Nossa Senhora de Azambuja - CNPJ: 81.531.808/0001-05 - São José/SC, apresentar os documentos solicitados no Ofício nº 57/2026/CGCEB/DRSP/SNAS/MDS, podendo solicitar acesso aos autos via sistema SEI, por meio do endereço eletrônico supervisao.cebas@mds.gov.br.
24056162#2;24056162;515_20260622_24056162.xml;2026-06-22;2026-06-11;PORTARIA Nº 62, DE 11 DE JUNHO DE 2026;Ministério do Desenvolvimento e Assistência Social, Família e Combate à Fome/Secretaria Nacional de Assistência Social/Departamento da Rede Socioassistencial Privada do Sistema Único de Assistência Social;ASSISTENCIA;04775187000156;S;Grupo Assistencial Professor Eurípedes Barsanulpho;;OUTRO;;supervisao: prazo para apresentar documentos;;114;20;http://pesquisa.in.gov.br/imprensa/jsp/visualiza/index.jsp?data=22/06/2026&jornal=515&pagina=20;DOU_XML;Art. 1º Abrir prazo de 30 dias improrrogáveis, a contar da publicação desta Portaria, no Diário Oficial da União (DOU), para a entidade Grupo Assistencial Professor Eurípedes Barsanulpho - CNPJ: 04.775.187/0001-56 - Rio de Janeiro/RJ, apresentar os documentos solicitados no Ofício nº 62/2026/CGCEB/DRSP/SNAS/MDS, podendo solicitar acesso aos autos via sistema SEI, por meio do endereço eletrônico supervisao.cebas@mds.gov.br.
24056162#3;24056162;515_20260622_24056162.xml;2026-06-22;2026-06-11;PORTARIA Nº 65, DE 11 DE JUNHO DE 2026;Ministério do Desenvolvimento e Assistência Social, Família e Combate à Fome/Secretaria Nacional de Assistência Social/Departamento da Rede Socioassistencial Privada do Sistema Único de Assistência Social;ASSISTENCIA;27814313000130;S;Comitê Brasileiro de Organizações Representativas das Pessoas com Deficiência;;OUTRO;;supervisao: prazo para apresentar documentos;;114;20;http://pesquisa.in.gov.br/imprensa/jsp/visualiza/index.jsp?data=22/06/2026&jornal=515&pagina=20;DOU_XML;Art. 1º Abrir prazo de 30 dias improrrogáveis, a contar da publicação desta Portaria, no Diário Oficial da União (DOU), para a entidade Comitê Brasileiro de Organizações Representativas das Pessoas com Deficiência - CNPJ: 27.814.313/0001-30 - Brasília/DF, apresentar os documentos solicitados no Ofício nº 91/2026/CGCEB/DRSP/SNAS/MDS, podendo solicitar acesso aos autos via sistema SEI, por meio do endereço eletrônico supervisao.cebas@mds.gov.br.
24056162#4;24056162;515_20260622_24056162.xml;2026-06-22;2026-06-11;PORTARIA Nº 66, DE 11 DE JUNHO DE 2026;Ministério do Desenvolvimento e Assistência Social, Família e Combate à Fome/Secretaria Nacional de Assistência Social/Departamento da Rede Socioassistencial Privada do Sistema Único de Assistência Social;ASSISTENCIA;13219254000147;S;Casa de Atendimento ao Adolescente - Vila Jovem;;OUTRO;;supervisao: prazo para apresentar documentos;;114;20;http://pesquisa.in.gov.br/imprensa/jsp/visualiza/index.jsp?data=22/06/2026&jornal=515&pagina=20;DOU_XML;Art. 1º Abrir prazo de 30 dias improrrogáveis, a contar da publicação desta Portaria, no Diário Oficial da União (DOU), para a entidade Casa de Atendimento ao Adolescente - Vila Jovem - CNPJ: 13.219.254/0001-47 - Itatiba/SP, apresentar os documentos solicitados no Ofício nº 98/2026/CGCEB/DRSP/SNAS/MDS, podendo solicitar acesso aos autos via sistema SEI, por meio do endereço eletrônico supervisao.cebas@mds.gov.br.
24056162#5;24056162;515_20260622_24056162.xml;2026-06-22;2026-06-11;PORTARIA Nº 67, DE 11 DE JUNHO DE 2026;Ministério do Desenvolvimento e Assistência Social, Família e Combate à Fome/Secretaria Nacional de Assistência Social/Departamento da Rede Socioassistencial Privada do Sistema Único de Assistência Social;ASSISTENCIA;03799218000146;S;Comunidade Caminho para Paz;;OUTRO;;supervisao: prazo para apresentar documentos;;114;20;http://pesquisa.in.gov.br/imprensa/jsp/visualiza/index.jsp?data=22/06/2026&jornal=515&pagina=20;DOU_XML;Art. 1º Abrir prazo de 30 dias improrrogáveis, a contar da publicação desta Portaria, no Diário Oficial da União (DOU), para a entidade Comunidade Caminho para Paz - CNPJ: 03.799.218/0001-46 - Mogi Guaçu/SP, apresentar os documentos solicitados no Ofício nº 97/2026/CGCEB/DRSP/SNAS/MDS, podendo solicitar acesso aos autos via sistema SEI, por meio do endereço eletrônico supervisao.cebas@mds.gov.br.
24056162#6;24056162;515_20260622_24056162.xml;2026-06-22;2026-06-11;PORTARIA Nº 68, DE 11 DE JUNHO DE 2026;Ministério do Desenvolvimento e Assistência Social, Família e Combate à Fome/Secretaria Nacional de Assistência Social/Departamento da Rede Socioassistencial Privada do Sistema Único de Assistência Social;ASSISTENCIA;02333246000100;S;Lar de Transição Casa da Fraternidade;;OUTRO;;supervisao: prazo para apresentar documentos;;114;20;http://pesquisa.in.gov.br/imprensa/jsp/visualiza/index.jsp?data=22/06/2026&jornal=515&pagina=20;DOU_XML;Art. 1º Abrir prazo de 30 dias improrrogáveis, a contar da publicação desta Portaria, no Diário Oficial da União (DOU), para a entidade Lar de Transição Casa da Fraternidade - CNPJ: 02.333.246/0001-00 - Pirassununga/SP, apresentar os documentos solicitados no Ofício nº 96/2026/CGCEB/DRSP/SNAS/MDS, podendo solicitar acesso aos autos via sistema SEI, por meio do endereço eletrônico supervisao.cebas@mds.gov.br.
24056162#7;24056162;515_20260622_24056162.xml;2026-06-22;2026-06-11;PORTARIA Nº 76, DE 11 de JUNHO DE 2026;Ministério do Desenvolvimento e Assistência Social, Família e Combate à Fome/Secretaria Nacional de Assistência Social/Departamento da Rede Socioassistencial Privada do Sistema Único de Assistência Social;ASSISTENCIA;02385409000107;S;Abrigo João XXIII de Porto Nacional;;OUTRO;;supervisao: prazo para apresentar documentos;;114;20;http://pesquisa.in.gov.br/imprensa/jsp/visualiza/index.jsp?data=22/06/2026&jornal=515&pagina=20;DOU_XML;Art. 1º Abrir prazo de 30 dias improrrogáveis, a contar da publicação desta Portaria, no Diário Oficial da União (DOU), para a entidade Abrigo João XXIII de Porto Nacional - CNPJ: 02.385.409/0001-07 - Porto Nacional/TO, apresentar os documentos solicitados no Ofício nº 68/2026/CGCEB/DRSP/SNAS/MDS, podendo solicitar acesso aos autos via sistema SEI, por meio do endereço eletrônico supervisao.cebas@mds.gov.br.
24056162#8;24056162;515_20260622_24056162.xml;2026-06-22;2026-06-11;PORTARIA Nº 78, DE 11 DE JUNHO DE 2026;Ministério do Desenvolvimento e Assistência Social, Família e Combate à Fome/Secretaria Nacional de Assistência Social/Departamento da Rede Socioassistencial Privada do Sistema Único de Assistência Social;ASSISTENCIA;01149866000121;S;Centro de Apoio e Solidaried'Aids;;OUTRO;;supervisao: prazo para apresentar documentos;;114;20;http://pesquisa.in.gov.br/imprensa/jsp/visualiza/index.jsp?data=22/06/2026&jornal=515&pagina=20;DOU_XML;Art. 1º Abrir prazo de 30 dias improrrogáveis, a contar da publicação desta Portaria, no Diário Oficial da União (DOU), para a entidade Centro de Apoio e Solidaried'Aids - CNPJ: 01.149.866/0001-21 - Juiz de Fora/MG, apresentar os documentos solicitados no Ofício nº 93/2026/CGCEB/DRSP/SNAS/MDS, podendo solicitar acesso aos autos via sistema SEI, por meio do endereço eletrônico supervisao.cebas@mds.gov.br.
24056162#9;24056162;515_20260622_24056162.xml;2026-06-22;2026-06-11;PORTARIA Nº 85, DE 11 DE JUNHO DE 2026;Ministério do Desenvolvimento e Assistência Social, Família e Combate à Fome/Secretaria Nacional de Assistência Social/Departamento da Rede Socioassistencial Privada do Sistema Único de Assistência Social;ASSISTENCIA;20597795000174;S;ABRIGO FREI PIO DA SOCIEDADE DE SÃO VICENTE DE PAULO DE ARINOS-MG;ARINOS/MG;CONCESSAO;S;;;114;20;http://pesquisa.in.gov.br/imprensa/jsp/visualiza/index.jsp?data=22/06/2026&jornal=515&pagina=20;DOU_XML;Art. 1º Deferir as concessões de certificação de entidade beneficente de assistência social das seguintes entidades por atender os requisitos legais constantes  [...] 1) ABRIGO FREI PIO DA SOCIEDADE DE SÃO VICENTE DE PAULO DE ARINOS-MG, 20.597.795/0001-74, ARINOS/MG, 308796.1064356/2024.
24056162#9;24056162;515_20260622_24056162.xml;2026-06-22;2026-06-11;PORTARIA Nº 85, DE 11 DE JUNHO DE 2026;Ministério do Desenvolvimento e Assistência Social, Família e Combate à Fome/Secretaria Nacional de Assistência Social/Departamento da Rede Socioassistencial Privada do Sistema Único de Assistência Social;ASSISTENCIA;10248060000181;S;ABRIGO SÃO VICENTE DE PAULO;GARANHUNS/PE;CONCESSAO;S;;;114;20;http://pesquisa.in.gov.br/imprensa/jsp/visualiza/index.jsp?data=22/06/2026&jornal=515&pagina=20;DOU_XML;Art. 1º Deferir as concessões de certificação de entidade beneficente de assistência social das seguintes entidades por atender os requisitos legais constantes  [...] 2) ABRIGO SÃO VICENTE DE PAULO, 10.248.060/0001-81, GARANHUNS/PE, 235874.0346356/2022.
24056162#9;24056162;515_20260622_24056162.xml;2026-06-22;2026-06-11;PORTARIA Nº 85, DE 11 DE JUNHO DE 2026;Ministério do Desenvolvimento e Assistência Social, Família e Combate à Fome/Secretaria Nacional de Assistência Social/Departamento da Rede Socioassistencial Privada do Sistema Único de Assistência Social;ASSISTENCIA;04321699000142;S;ALBERGUE BOM SAMARITANO;TAQUARITUBA/SP;CONCESSAO;S;;;114;20;http://pesquisa.in.gov.br/imprensa/jsp/visualiza/index.jsp?data=22/06/2026&jornal=515&pagina=20;DOU_XML;Art. 1º Deferir as concessões de certificação de entidade beneficente de assistência social das seguintes entidades por atender os requisitos legais constantes  [...] 3) ALBERGUE BOM SAMARITANO, 04.321.699/0001-42, TAQUARITUBA/SP, 308796.0844915/2024.
24056162#9;24056162;515_20260622_24056162.xml;2026-06-22;2026-06-11;PORTARIA Nº 85, DE 11 DE JUNHO DE 2026;Ministério do Desenvolvimento e Assistência Social, Família e Combate à Fome/Secretaria Nacional de Assistência Social/Departamento da Rede Socioassistencial Privada do Sistema Único de Assistência Social;ASSISTENCIA;33990498000136;S;AMA - ASSOCIACAO DE AMIGOS E PAIS DOS AUTISTAS DE MARABA;MARABÁ/PA;CONCESSAO;S;;;114;20;http://pesquisa.in.gov.br/imprensa/jsp/visualiza/index.jsp?data=22/06/2026&jornal=515&pagina=20;DOU_XML;Art. 1º Deferir as concessões de certificação de entidade beneficente de assistência social das seguintes entidades por atender os requisitos legais constantes  [...] 4) AMA - ASSOCIACAO DE AMIGOS E PAIS DOS AUTISTAS DE MARABA, 33.990.498/0001-36, MARABÁ/PA, 308796.0712506/2023.
24056162#9;24056162;515_20260622_24056162.xml;2026-06-22;2026-06-11;PORTARIA Nº 85, DE 11 DE JUNHO DE 2026;Ministério do Desenvolvimento e Assistência Social, Família e Combate à Fome/Secretaria Nacional de Assistência Social/Departamento da Rede Socioassistencial Privada do Sistema Único de Assistência Social;ASSISTENCIA;08464977000171;S;ASSOCIACAO CASA DE BEM ESTAR DA CRIANCA E DO ADOLESCENTE DE AIURUOCA-MG;AIURUOCA/MG;CONCESSAO;S;;;114;20;http://pesquisa.in.gov.br/imprensa/jsp/visualiza/index.jsp?data=22/06/2026&jornal=515&pagina=20;DOU_XML;Art. 1º Deferir as concessões de certificação de entidade beneficente de assistência social das seguintes entidades por atender os requisitos legais constantes  [...] 5) ASSOCIACAO CASA DE BEM ESTAR DA CRIANCA E DO ADOLESCENTE DE AIURUOCA-MG, 08.464.977/0001-71, AIURUOCA/MG, 308796.1006061/2024.
24056162#9;24056162;515_20260622_24056162.xml;2026-06-22;2026-06-11;PORTARIA Nº 85, DE 11 DE JUNHO DE 2026;Ministério do Desenvolvimento e Assistência Social, Família e Combate à Fome/Secretaria Nacional de Assistência Social/Departamento da Rede Socioassistencial Privada do Sistema Único de Assistência Social;ASSISTENCIA;03159024000186;S;ASSOCIAÇÃO CELEBREIROS;SÃO JOSÉ DOS CAMPOS/SP;CONCESSAO;S;;;114;20;http://pesquisa.in.gov.br/imprensa/jsp/visualiza/index.jsp?data=22/06/2026&jornal=515&pagina=20;DOU_XML;Art. 1º Deferir as concessões de certificação de entidade beneficente de assistência social das seguintes entidades por atender os requisitos legais constantes  [...] 6) ASSOCIAÇÃO CELEBREIROS, 03.159.024/0001-86, SÃO JOSÉ DOS CAMPOS/SP, 308796.0933876/2024.
24056162#9;24056162;515_20260622_24056162.xml;2026-06-22;2026-06-11;PORTARIA Nº 85, DE 11 DE JUNHO DE 2026;Ministério do Desenvolvimento e Assistência Social, Família e Combate à Fome/Secretaria Nacional de Assistência Social/Departamento da Rede Socioassistencial Privada do Sistema Único de Assistência Social;ASSISTENCIA;97326243000156;S;ASSOCIAÇÃO CLUBE DE MÃES DO LAR PEROLAS DE CRISTO;SALVADOR/BA;CONCESSAO;S;;;114;20;http://pesquisa.in.gov.br/imprensa/jsp/visualiza/index.jsp?data=22/06/2026&jornal=515&pagina=20;DOU_XML;Art. 1º Deferir as concessões de certificação de entidade beneficente de assistência social das seguintes entidades por atender os requisitos legais constantes  [...] 7) ASSOCIAÇÃO CLUBE DE MÃES DO LAR PEROLAS DE CRISTO, 97.326.243/0001-56, SALVADOR/BA, 308796.0836079/2024.
24056162#9;24056162;515_20260622_24056162.xml;2026-06-22;2026-06-11;PORTARIA Nº 85, DE 11 DE JUNHO DE 2026;Ministério do Desenvolvimento e Assistência Social, Família e Combate à Fome/Secretaria Nacional de Assistência Social/Departamento da Rede Socioassistencial Privada do Sistema Único de Assistência Social;ASSISTENCIA;03536405000137;S;ASSOCIAÇÃO DA CASA DA CIDADANIA;PETRÓPOLIS/RJ;CONCESSAO;S;;;114;20;http://pesquisa.in.gov.br/imprensa/jsp/visualiza/index.jsp?data=22/06/2026&jornal=515&pagina=20;DOU_XML;Art. 1º Deferir as concessões de certificação de entidade beneficente de assistência social das seguintes entidades por atender os requisitos legais constantes  [...] 8) ASSOCIAÇÃO DA CASA DA CIDADANIA, 03.536.405/0001-37, PETRÓPOLIS/RJ, 235874.0462929/2022.
24056162#9;24056162;515_20260622_24056162.xml;2026-06-22;2026-06-11;PORTARIA Nº 85, DE 11 DE JUNHO DE 2026;Ministério do Desenvolvimento e Assistência Social, Família e Combate à Fome/Secretaria Nacional de Assistência Social/Departamento da Rede Socioassistencial Privada do Sistema Único de Assistência Social;ASSISTENCIA;10852561000172;S;ASSOCIAÇÃO DE AMPARO À CRIANÇA E AO ADOLESCENTE COM CÂNCER DA SERRA GAÚCHA - DOMUS;CAXIAS DO SUL/RS;CONCESSAO;S;;;114;20;http://pesquisa.in.gov.br/imprensa/jsp/visualiza/index.jsp?data=22/06/2026&jornal=515&pagina=20;DOU_XML;Art. 1º Deferir as concessões de certificação de entidade beneficente de assistência social das seguintes entidades por atender os requisitos legais constantes  [...] 9) ASSOCIAÇÃO DE AMPARO À CRIANÇA E AO ADOLESCENTE COM CÂNCER DA SERRA GAÚCHA - DOMUS, 10.852.561/0001-72, CAXIAS DO SUL/RS, 308796.0808253/2023.
24056162#9;24056162;515_20260622_24056162.xml;2026-06-22;2026-06-11;PORTARIA Nº 85, DE 11 DE JUNHO DE 2026;Ministério do Desenvolvimento e Assistência Social, Família e Combate à Fome/Secretaria Nacional de Assistência Social/Departamento da Rede Socioassistencial Privada do Sistema Único de Assistência Social;ASSISTENCIA;78501822000143;S;ASSOCIAÇÃO DE PAIS E AMIGHOS DOS EXCEPECIONAIS;TIMBÓ GRANDE/SC;CONCESSAO;S;;;114;20;http://pesquisa.in.gov.br/imprensa/jsp/visualiza/index.jsp?data=22/06/2026&jornal=515&pagina=20;DOU_XML;Art. 1º Deferir as concessões de certificação de entidade beneficente de assistência social das seguintes entidades por atender os requisitos legais constantes  [...] 10) ASSOCIAÇÃO DE PAIS E AMIGHOS DOS EXCEPECIONAIS, 78.501.822/0001-43, TIMBÓ GRANDE/SC, 308796.0872089/2024.
24056162#9;24056162;515_20260622_24056162.xml;2026-06-22;2026-06-11;PORTARIA Nº 85, DE 11 DE JUNHO DE 2026;Ministério do Desenvolvimento e Assistência Social, Família e Combate à Fome/Secretaria Nacional de Assistência Social/Departamento da Rede Socioassistencial Privada do Sistema Único de Assistência Social;ASSISTENCIA;44200054000176;S;ASSOCIAÇÃO DE PAIS E AMIGOS DE AUTISTAS DO MUNICÍPIO DE LAURO MULLER;LAURO MULLER/SC;CONCESSAO;S;;;114;20;http://pesquisa.in.gov.br/imprensa/jsp/visualiza/index.jsp?data=22/06/2026&jornal=515&pagina=20;DOU_XML;Art. 1º Deferir as concessões de certificação de entidade beneficente de assistência social das seguintes entidades por atender os requisitos legais constantes  [...] 11) ASSOCIAÇÃO DE PAIS E AMIGOS DE AUTISTAS DO MUNICÍPIO DE LAURO MULLER, 44.200.054/0001-76, LAURO MULLER/SC, 308796.1040136/2024.
24056162#9;24056162;515_20260622_24056162.xml;2026-06-22;2026-06-11;PORTARIA Nº 85, DE 11 DE JUNHO DE 2026;Ministério do Desenvolvimento e Assistência Social, Família e Combate à Fome/Secretaria Nacional de Assistência Social/Departamento da Rede Socioassistencial Privada do Sistema Único de Assistência Social;ASSISTENCIA;06029489000100;S;ASSOCIAÇÃO DE PAIS E AMIGOS DOS EXCEPCIONAIS DE BARRA DO TURVO;BARRA DO TURVO/SP;CONCESSAO;S;;;114;20;http://pesquisa.in.gov.br/imprensa/jsp/visualiza/index.jsp?data=22/06/2026&jornal=515&pagina=20;DOU_XML;Art. 1º Deferir as concessões de certificação de entidade beneficente de assistência social das seguintes entidades por atender os requisitos legais constantes  [...] 12) ASSOCIAÇÃO DE PAIS E AMIGOS DOS EXCEPCIONAIS DE BARRA DO TURVO, 06.029.489/0001-00, BARRA DO TURVO/SP, 235874.0326510/2022.
24056162#9;24056162;515_20260622_24056162.xml;2026-06-22;2026-06-11;PORTARIA Nº 85, DE 11 DE JUNHO DE 2026;Ministério do Desenvolvimento e Assistência Social, Família e Combate à Fome/Secretaria Nacional de Assistência Social/Departamento da Rede Socioassistencial Privada do Sistema Único de Assistência Social;ASSISTENCIA;17881992000106;S;ASSOCIAÇÃO DE PAIS E AMIGOS DOS EXCEPCIONAIS DE CIPOTANEA;CIPOTÂNEA/MG;CONCESSAO;S;;;114;20;http://pesquisa.in.gov.br/imprensa/jsp/visualiza/index.jsp?data=22/06/2026&jornal=515&pagina=20;DOU_XML;Art. 1º Deferir as concessões de certificação de entidade beneficente de assistência social das seguintes entidades por atender os requisitos legais constantes  [...] 13) ASSOCIAÇÃO DE PAIS E AMIGOS DOS EXCEPCIONAIS DE CIPOTANEA, 17.881.992/0001-06, CIPOTÂNEA/MG, 308796.1051235/2024.
24056162#9;24056162;515_20260622_24056162.xml;2026-06-22;2026-06-11;PORTARIA Nº 85, DE 11 DE JUNHO DE 2026;Ministério do Desenvolvimento e Assistência Social, Família e Combate à Fome/Secretaria Nacional de Assistência Social/Departamento da Rede Socioassistencial Privada do Sistema Único de Assistência Social;ASSISTENCIA;02234808000169;S;ASSOCIAÇÃO DE PAIS E AMIGOS DOS EXCEPCIONAIS DE FÊNIX;FÊNIX/PR;CONCESSAO;S;;;114;20;http://pesquisa.in.gov.br/imprensa/jsp/visualiza/index.jsp?data=22/06/2026&jornal=515&pagina=20;DOU_XML;Art. 1º Deferir as concessões de certificação de entidade beneficente de assistência social das seguintes entidades por atender os requisitos legais constantes  [...] 14) ASSOCIAÇÃO DE PAIS E AMIGOS DOS EXCEPCIONAIS DE FÊNIX, 02.234.808/0001-69, FÊNIX/PR, 308796.0962750/2024.
24056162#9;24056162;515_20260622_24056162.xml;2026-06-22;2026-06-11;PORTARIA Nº 85, DE 11 DE JUNHO DE 2026;Ministério do Desenvolvimento e Assistência Social, Família e Combate à Fome/Secretaria Nacional de Assistência Social/Departamento da Rede Socioassistencial Privada do Sistema Único de Assistência Social;ASSISTENCIA;52378916000183;S;ASSOCIACAO DE PAIS E AMIGOS DOS EXCEPCIONAIS DE IBATE;IBATÉ/SP;CONCESSAO;S;;;114;20;http://pesquisa.in.gov.br/imprensa/jsp/visualiza/index.jsp?data=22/06/2026&jornal=515&pagina=20;DOU_XML;Art. 1º Deferir as concessões de certificação de entidade beneficente de assistência social das seguintes entidades por atender os requisitos legais constantes  [...] 15) ASSOCIACAO DE PAIS E AMIGOS DOS EXCEPCIONAIS DE IBATE, 52.378.916/0001-83, IBATÉ/SP, 308796.0947032/2024.
24056162#9;24056162;515_20260622_24056162.xml;2026-06-22;2026-06-11;PORTARIA Nº 85, DE 11 DE JUNHO DE 2026;Ministério do Desenvolvimento e Assistência Social, Família e Combate à Fome/Secretaria Nacional de Assistência Social/Departamento da Rede Socioassistencial Privada do Sistema Único de Assistência Social;ASSISTENCIA;33853154000185;S;ASSOCIAÇÃO DE PAIS E AMIGOS DOS EXCEPCIONAIS DE MOZARLÂNDIA;MOZARLANDIA/GO;CONCESSAO;S;;;114;20;http://pesquisa.in.gov.br/imprensa/jsp/visualiza/index.jsp?data=22/06/2026&jornal=515&pagina=20;DOU_XML;Art. 1º Deferir as concessões de certificação de entidade beneficente de assistência social das seguintes entidades por atender os requisitos legais constantes  [...] 16) ASSOCIAÇÃO DE PAIS E AMIGOS DOS EXCEPCIONAIS DE MOZARLÂNDIA, 33.853.154/0001-85, MOZARLANDIA/GO, 71000.086265/2024-11.
24056162#9;24056162;515_20260622_24056162.xml;2026-06-22;2026-06-11;PORTARIA Nº 85, DE 11 DE JUNHO DE 2026;Ministério do Desenvolvimento e Assistência Social, Família e Combate à Fome/Secretaria Nacional de Assistência Social/Departamento da Rede Socioassistencial Privada do Sistema Único de Assistência Social;ASSISTENCIA;49893795000101;S;ASSOCIAÇÃO DE PAIS E AMIGOS DOS EXCEPCIONAIS DE PALMITAL;PALMITAL/SP;CONCESSAO;S;;;114;20;http://pesquisa.in.gov.br/imprensa/jsp/visualiza/index.jsp?data=22/06/2026&jornal=515&pagina=20;DOU_XML;Art. 1º Deferir as concessões de certificação de entidade beneficente de assistência social das seguintes entidades por atender os requisitos legais constantes  [...] 17) ASSOCIAÇÃO DE PAIS E AMIGOS DOS EXCEPCIONAIS DE PALMITAL, 49.893.795/0001-01, PALMITAL/SP, 308796.1010737/2024.
24056162#9;24056162;515_20260622_24056162.xml;2026-06-22;2026-06-11;PORTARIA Nº 85, DE 11 DE JUNHO DE 2026;Ministério do Desenvolvimento e Assistência Social, Família e Combate à Fome/Secretaria Nacional de Assistência Social/Departamento da Rede Socioassistencial Privada do Sistema Único de Assistência Social;ASSISTENCIA;45336170000180;S;ASSOCIAÇÃO DE PAIS E AMIGOS DOS EXCEPCIONAIS DE SALVADOR DO SUL/RS;SALVADOR DO SUL/RS;CONCESSAO;S;;;114;20;http://pesquisa.in.gov.br/imprensa/jsp/visualiza/index.jsp?data=22/06/2026&jornal=515&pagina=20;DOU_XML;Art. 1º Deferir as concessões de certificação de entidade beneficente de assistência social das seguintes entidades por atender os requisitos legais constantes  [...] 18) ASSOCIAÇÃO DE PAIS E AMIGOS DOS EXCEPCIONAIS DE SALVADOR DO SUL/RS, 45.336.170/0001-80, SALVADOR DO SUL/RS, 308796.1006182/2024.
24056162#9;24056162;515_20260622_24056162.xml;2026-06-22;2026-06-11;PORTARIA Nº 85, DE 11 DE JUNHO DE 2026;Ministério do Desenvolvimento e Assistência Social, Família e Combate à Fome/Secretaria Nacional de Assistência Social/Departamento da Rede Socioassistencial Privada do Sistema Único de Assistência Social;ASSISTENCIA;07441601000189;S;ASSOCIACAO DE PAIS E AMIGOS DOS EXCEPCIONAIS DE VALPARAISO DE GOIAS;VALPARAÍSO DE GOIÁS/GO;CONCESSAO;S;;;114;20;http://pesquisa.in.gov.br/imprensa/jsp/visualiza/index.jsp?data=22/06/2026&jornal=515&pagina=20;DOU_XML;Art. 1º Deferir as concessões de certificação de entidade beneficente de assistência social das seguintes entidades por atender os requisitos legais constantes  [...] 19) ASSOCIACAO DE PAIS E AMIGOS DOS EXCEPCIONAIS DE VALPARAISO DE GOIAS, 07.441.601/0001-89, VALPARAÍSO DE GOIÁS/GO, 235874.0628405/2023.
24056162#9;24056162;515_20260622_24056162.xml;2026-06-22;2026-06-11;PORTARIA Nº 85, DE 11 DE JUNHO DE 2026;Ministério do Desenvolvimento e Assistência Social, Família e Combate à Fome/Secretaria Nacional de Assistência Social/Departamento da Rede Socioassistencial Privada do Sistema Único de Assistência Social;ASSISTENCIA;28163228000111;S;ASSOCIAÇÃO DE PAIS E AMIGOS DOS EXCEPCIONAIS DE VITÓRIA;VITORIA/ES;CONCESSAO;S;;;114;20;http://pesquisa.in.gov.br/imprensa/jsp/visualiza/index.jsp?data=22/06/2026&jornal=515&pagina=20;DOU_XML;Art. 1º Deferir as concessões de certificação de entidade beneficente de assistência social das seguintes entidades por atender os requisitos legais constantes  [...] 20) ASSOCIAÇÃO DE PAIS E AMIGOS DOS EXCEPCIONAIS DE VITÓRIA, 28.163.228/0001-11, VITORIA/ES, 25000.059224/2024-34.
24056162#9;24056162;515_20260622_24056162.xml;2026-06-22;2026-06-11;PORTARIA Nº 85, DE 11 DE JUNHO DE 2026;Ministério do Desenvolvimento e Assistência Social, Família e Combate à Fome/Secretaria Nacional de Assistência Social/Departamento da Rede Socioassistencial Privada do Sistema Único de Assistência Social;ASSISTENCIA;04386224000134;S;ASSOCIAÇÃO DOS DEFICIENTES VISUAIS DE TAUBATÉ E VALE DO PARAIBA;TAUBATÉ/SP;CONCESSAO;S;;;114;20;http://pesquisa.in.gov.br/imprensa/jsp/visualiza/index.jsp?data=22/06/2026&jornal=515&pagina=20;DOU_XML;Art. 1º Deferir as concessões de certificação de entidade beneficente de assistência social das seguintes entidades por atender os requisitos legais constantes  [...] 21) ASSOCIAÇÃO DOS DEFICIENTES VISUAIS DE TAUBATÉ E VALE DO PARAIBA, 04.386.224/0001-34, TAUBATÉ/SP, 235874.0456376/2022.
24056162#9;24056162;515_20260622_24056162.xml;2026-06-22;2026-06-11;PORTARIA Nº 85, DE 11 DE JUNHO DE 2026;Ministério do Desenvolvimento e Assistência Social, Família e Combate à Fome/Secretaria Nacional de Assistência Social/Departamento da Rede Socioassistencial Privada do Sistema Único de Assistência Social;ASSISTENCIA;06767347000140;S;ASSOCIAÇÃO ESPIRITA LAR DE JOSE - OBRAS SOCIAIS;SÃO LUÍS/MA;CONCESSAO;S;;;114;20;http://pesquisa.in.gov.br/imprensa/jsp/visualiza/index.jsp?data=22/06/2026&jornal=515&pagina=20;DOU_XML;Art. 1º Deferir as concessões de certificação de entidade beneficente de assistência social das seguintes entidades por atender os requisitos legais constantes  [...] 22) ASSOCIAÇÃO ESPIRITA LAR DE JOSE - OBRAS SOCIAIS, 06.767.347/0001-40, SÃO LUÍS/MA, 235874.0222294/2022.
24056162#9;24056162;515_20260622_24056162.xml;2026-06-22;2026-06-11;PORTARIA Nº 85, DE 11 DE JUNHO DE 2026;Ministério do Desenvolvimento e Assistência Social, Família e Combate à Fome/Secretaria Nacional de Assistência Social/Departamento da Rede Socioassistencial Privada do Sistema Único de Assistência Social;ASSISTENCIA;45854065000132;S;ASSOCIAÇÃO FAZENDO A DIFERENÇA GRU;GUARULHOS/SP;CONCESSAO;S;;;114;20;http://pesquisa.in.gov.br/imprensa/jsp/visualiza/index.jsp?data=22/06/2026&jornal=515&pagina=20;DOU_XML;Art. 1º Deferir as concessões de certificação de entidade beneficente de assistência social das seguintes entidades por atender os requisitos legais constantes  [...] 23) ASSOCIAÇÃO FAZENDO A DIFERENÇA GRU, 45.854.065/0001-32, GUARULHOS/SP, 308796.0937244/2024.
24056162#9;24056162;515_20260622_24056162.xml;2026-06-22;2026-06-11;PORTARIA Nº 85, DE 11 DE JUNHO DE 2026;Ministério do Desenvolvimento e Assistência Social, Família e Combate à Fome/Secretaria Nacional de Assistência Social/Departamento da Rede Socioassistencial Privada do Sistema Único de Assistência Social;ASSISTENCIA;40975567000106;S;ASSOCIACAO IRMAS DE PADRE MAZZA;JOÃO PESSOA/PB;CONCESSAO;S;;;114;20;http://pesquisa.in.gov.br/imprensa/jsp/visualiza/index.jsp?data=22/06/2026&jornal=515&pagina=20;DOU_XML;Art. 1º Deferir as concessões de certificação de entidade beneficente de assistência social das seguintes entidades por atender os requisitos legais constantes  [...] 24) ASSOCIACAO IRMAS DE PADRE MAZZA, 40.975.567/0001-06, JOÃO PESSOA/PB, 308796.1033657/2024.
24056162#9;24056162;515_20260622_24056162.xml;2026-06-22;2026-06-11;PORTARIA Nº 85, DE 11 DE JUNHO DE 2026;Ministério do Desenvolvimento e Assistência Social, Família e Combate à Fome/Secretaria Nacional de Assistência Social/Departamento da Rede Socioassistencial Privada do Sistema Único de Assistência Social;ASSISTENCIA;07395751000101;S;ASSOCIAÇÃO MAO AMIGA AMA;LARANJAL PAULISTA/SP;CONCESSAO;S;;;114;20;http://pesquisa.in.gov.br/imprensa/jsp/visualiza/index.jsp?data=22/06/2026&jornal=515&pagina=20;DOU_XML;Art. 1º Deferir as concessões de certificação de entidade beneficente de assistência social das seguintes entidades por atender os requisitos legais constantes  [...] 25) ASSOCIAÇÃO MAO AMIGA AMA, 07.395.751/0001-01, LARANJAL PAULISTA/SP, 308796.0850688/2024.
24056162#9;24056162;515_20260622_24056162.xml;2026-06-22;2026-06-11;PORTARIA Nº 85, DE 11 DE JUNHO DE 2026;Ministério do Desenvolvimento e Assistência Social, Família e Combate à Fome/Secretaria Nacional de Assistência Social/Departamento da Rede Socioassistencial Privada do Sistema Único de Assistência Social;ASSISTENCIA;04904540000150;S;ASSOCIAÇÃO PESTALOZZI DA CIDADE DE NOVA OLINDA DO NORTE - APNON;NOVA OLINDA DO NORTE/AM;CONCESSAO;S;;;114;20;http://pesquisa.in.gov.br/imprensa/jsp/visualiza/index.jsp?data=22/06/2026&jornal=515&pagina=20;DOU_XML;Art. 1º Deferir as concessões de certificação de entidade beneficente de assistência social das seguintes entidades por atender os requisitos legais constantes  [...] 26) ASSOCIAÇÃO PESTALOZZI DA CIDADE DE NOVA OLINDA DO NORTE - APNON, 04.904.540/0001-50, NOVA OLINDA DO NORTE/AM, 71000.098101/2023-55.
24056162#9;24056162;515_20260622_24056162.xml;2026-06-22;2026-06-11;PORTARIA Nº 85, DE 11 DE JUNHO DE 2026;Ministério do Desenvolvimento e Assistência Social, Família e Combate à Fome/Secretaria Nacional de Assistência Social/Departamento da Rede Socioassistencial Privada do Sistema Único de Assistência Social;ASSISTENCIA;06108900000133;S;ASSOCIAÇÃO RENASCER- AR;CORURIPE/AL;CONCESSAO;S;;;114;20;http://pesquisa.in.gov.br/imprensa/jsp/visualiza/index.jsp?data=22/06/2026&jornal=515&pagina=20;DOU_XML;Art. 1º Deferir as concessões de certificação de entidade beneficente de assistência social das seguintes entidades por atender os requisitos legais constantes  [...] 27) ASSOCIAÇÃO RENASCER- AR, 06.108.900/0001-33, CORURIPE/AL, 308796.0932058/2024.
24056162#9;24056162;515_20260622_24056162.xml;2026-06-22;2026-06-11;PORTARIA Nº 85, DE 11 DE JUNHO DE 2026;Ministério do Desenvolvimento e Assistência Social, Família e Combate à Fome/Secretaria Nacional de Assistência Social/Departamento da Rede Socioassistencial Privada do Sistema Único de Assistência Social;ASSISTENCIA;02881942000151;S;CÁRITAS PAROQUIAL DE BATAGUASSU;BATAGUASSU/MS;CONCESSAO;S;;;114;20;http://pesquisa.in.gov.br/imprensa/jsp/visualiza/index.jsp?data=22/06/2026&jornal=515&pagina=20;DOU_XML;Art. 1º Deferir as concessões de certificação de entidade beneficente de assistência social das seguintes entidades por atender os requisitos legais constantes  [...] 28) CÁRITAS PAROQUIAL DE BATAGUASSU, 02.881.942/0001-51, BATAGUASSU/MS, 308796.0842223/2024.
24056162#9;24056162;515_20260622_24056162.xml;2026-06-22;2026-06-11;PORTARIA Nº 85, DE 11 DE JUNHO DE 2026;Ministério do Desenvolvimento e Assistência Social, Família e Combate à Fome/Secretaria Nacional de Assistência Social/Departamento da Rede Socioassistencial Privada do Sistema Único de Assistência Social;ASSISTENCIA;35834474000113;S;CASA DE PASSAGEM ATOS 4;INDAIATUBA/SP;CONCESSAO;S;;;114;20;http://pesquisa.in.gov.br/imprensa/jsp/visualiza/index.jsp?data=22/06/2026&jornal=515&pagina=20;DOU_XML;Art. 1º Deferir as concessões de certificação de entidade beneficente de assistência social das seguintes entidades por atender os requisitos legais constantes  [...] 29) CASA DE PASSAGEM ATOS 4, 35.834.474/0001-13, INDAIATUBA/SP, 308796.0860277/2024.
24056162#9;24056162;515_20260622_24056162.xml;2026-06-22;2026-06-11;PORTARIA Nº 85, DE 11 DE JUNHO DE 2026;Ministério do Desenvolvimento e Assistência Social, Família e Combate à Fome/Secretaria Nacional de Assistência Social/Departamento da Rede Socioassistencial Privada do Sistema Único de Assistência Social;ASSISTENCIA;06245248000107;S;CASA DO AGUARDO PROFESSOR HIDEO OKUYAMA;ARAPONGAS/PR;CONCESSAO;S;;;114;20;http://pesquisa.in.gov.br/imprensa/jsp/visualiza/index.jsp?data=22/06/2026&jornal=515&pagina=20;DOU_XML;Art. 1º Deferir as concessões de certificação de entidade beneficente de assistência social das seguintes entidades por atender os requisitos legais constantes  [...] 30) CASA DO AGUARDO PROFESSOR HIDEO OKUYAMA, 06.245.248/0001-07, ARAPONGAS/PR, 308796.0676954/2023.
24056162#9;24056162;515_20260622_24056162.xml;2026-06-22;2026-06-11;PORTARIA Nº 85, DE 11 DE JUNHO DE 2026;Ministério do Desenvolvimento e Assistência Social, Família e Combate à Fome/Secretaria Nacional de Assistência Social/Departamento da Rede Socioassistencial Privada do Sistema Único de Assistência Social;ASSISTENCIA;09106820000137;S;CENTRO DE APOIO RENASCER;CANGUÇU/RS;CONCESSAO;S;;;114;20;http://pesquisa.in.gov.br/imprensa/jsp/visualiza/index.jsp?data=22/06/2026&jornal=515&pagina=20;DOU_XML;Art. 1º Deferir as concessões de certificação de entidade beneficente de assistência social das seguintes entidades por atender os requisitos legais constantes  [...] 31) CENTRO DE APOIO RENASCER, 09.106.820/0001-37, CANGUÇU/RS, 308796.1145479/2024.
24056162#9;24056162;515_20260622_24056162.xml;2026-06-22;2026-06-11;PORTARIA Nº 85, DE 11 DE JUNHO DE 2026;Ministério do Desenvolvimento e Assistência Social, Família e Combate à Fome/Secretaria Nacional de Assistência Social/Departamento da Rede Socioassistencial Privada do Sistema Único de Assistência Social;ASSISTENCIA;06256501000110;S;CENTRO DE CONVIVENCIA SENHOR DO BONFIM DA SOCIEDADE DE SAO VICENTE DE PAULO;BONFINÓPOLIS DE MINAS/MG;CONCESSAO;S;;;114;20;http://pesquisa.in.gov.br/imprensa/jsp/visualiza/index.jsp?data=22/06/2026&jornal=515&pagina=20;DOU_XML;Art. 1º Deferir as concessões de certificação de entidade beneficente de assistência social das seguintes entidades por atender os requisitos legais constantes  [...] 32) CENTRO DE CONVIVENCIA SENHOR DO BONFIM DA SOCIEDADE DE SAO VICENTE DE PAULO, 06.256.501/0001-10, BONFINÓPOLIS DE MINAS/MG, 235874.0201676/2021.
24056162#9;24056162;515_20260622_24056162.xml;2026-06-22;2026-06-11;PORTARIA Nº 85, DE 11 DE JUNHO DE 2026;Ministério do Desenvolvimento e Assistência Social, Família e Combate à Fome/Secretaria Nacional de Assistência Social/Departamento da Rede Socioassistencial Privada do Sistema Único de Assistência Social;ASSISTENCIA;23099021000101;S;CENTRO EDUCACIONAL DO MENOR AURA CELESTE;UBERLÂNDIA/MG;CONCESSAO;S;;;114;20;http://pesquisa.in.gov.br/imprensa/jsp/visualiza/index.jsp?data=22/06/2026&jornal=515&pagina=20;DOU_XML;Art. 1º Deferir as concessões de certificação de entidade beneficente de assistência social das seguintes entidades por atender os requisitos legais constantes  [...] 33) CENTRO EDUCACIONAL DO MENOR AURA CELESTE, 23.099.021/0001-01, UBERLÂNDIA/MG, 308796.1032962/2024.
24056162#9;24056162;515_20260622_24056162.xml;2026-06-22;2026-06-11;PORTARIA Nº 85, DE 11 DE JUNHO DE 2026;Ministério do Desenvolvimento e Assistência Social, Família e Combate à Fome/Secretaria Nacional de Assistência Social/Departamento da Rede Socioassistencial Privada do Sistema Único de Assistência Social;ASSISTENCIA;19212117000167;S;CENTRO POPULAR DE CULTURA E DESENVOLVIMENTO - CPCD;BELO HORIZONTE/MG;CONCESSAO;S;;;114;20;http://pesquisa.in.gov.br/imprensa/jsp/visualiza/index.jsp?data=22/06/2026&jornal=515&pagina=20;DOU_XML;Art. 1º Deferir as concessões de certificação de entidade beneficente de assistência social das seguintes entidades por atender os requisitos legais constantes  [...] 34) CENTRO POPULAR DE CULTURA E DESENVOLVIMENTO - CPCD, 19.212.117/0001-67, BELO HORIZONTE/MG, 308796.1111332/2024.
24056162#9;24056162;515_20260622_24056162.xml;2026-06-22;2026-06-11;PORTARIA Nº 85, DE 11 DE JUNHO DE 2026;Ministério do Desenvolvimento e Assistência Social, Família e Combate à Fome/Secretaria Nacional de Assistência Social/Departamento da Rede Socioassistencial Privada do Sistema Único de Assistência Social;ASSISTENCIA;14870664000116;S;FOCO EMPREENDEDOR;SANTA CRUZ DO SUL/RS;CONCESSAO;S;;;114;20;http://pesquisa.in.gov.br/imprensa/jsp/visualiza/index.jsp?data=22/06/2026&jornal=515&pagina=20;DOU_XML;Art. 1º Deferir as concessões de certificação de entidade beneficente de assistência social das seguintes entidades por atender os requisitos legais constantes  [...] 35) FOCO EMPREENDEDOR, 14.870.664/0001-16, SANTA CRUZ DO SUL/RS, 308796.0809766/2023.
24056162#9;24056162;515_20260622_24056162.xml;2026-06-22;2026-06-11;PORTARIA Nº 85, DE 11 DE JUNHO DE 2026;Ministério do Desenvolvimento e Assistência Social, Família e Combate à Fome/Secretaria Nacional de Assistência Social/Departamento da Rede Socioassistencial Privada do Sistema Único de Assistência Social;ASSISTENCIA;10869430000106;S;FUNDACAO ANGELINO ROSA;GOVERNADOR CELSO RAMOS/SC;CONCESSAO;S;;;114;20;http://pesquisa.in.gov.br/imprensa/jsp/visualiza/index.jsp?data=22/06/2026&jornal=515&pagina=20;DOU_XML;Art. 1º Deferir as concessões de certificação de entidade beneficente de assistência social das seguintes entidades por atender os requisitos legais constantes  [...] 36) FUNDACAO ANGELINO ROSA, 10.869.430/0001-06, GOVERNADOR CELSO RAMOS/SC, 308796.0872058/2024.
24056162#9;24056162;515_20260622_24056162.xml;2026-06-22;2026-06-11;PORTARIA Nº 85, DE 11 DE JUNHO DE 2026;Ministério do Desenvolvimento e Assistência Social, Família e Combate à Fome/Secretaria Nacional de Assistência Social/Departamento da Rede Socioassistencial Privada do Sistema Único de Assistência Social;ASSISTENCIA;00408480000124;S;FUNDAÇÃO DO RIM - AMPARO E PESQUISAS EM ENFERMIDADES RENAIS E METABÓLICAS;FORTALEZA/CE;CONCESSAO;S;;;114;20;http://pesquisa.in.gov.br/imprensa/jsp/visualiza/index.jsp?data=22/06/2026&jornal=515&pagina=20;DOU_XML;Art. 1º Deferir as concessões de certificação de entidade beneficente de assistência social das seguintes entidades por atender os requisitos legais constantes  [...] 37) FUNDAÇÃO DO RIM - AMPARO E PESQUISAS EM ENFERMIDADES RENAIS E METABÓLICAS, 00.408.480/0001-24, FORTALEZA/CE, 308796.0801734/2023.
24056162#9;24056162;515_20260622_24056162.xml;2026-06-22;2026-06-11;PORTARIA Nº 85, DE 11 DE JUNHO DE 2026;Ministério do Desenvolvimento e Assistência Social, Família e Combate à Fome/Secretaria Nacional de Assistência Social/Departamento da Rede Socioassistencial Privada do Sistema Único de Assistência Social;ASSISTENCIA;05021564000124;S;GAPOP - GRUPO DE APOIO A PACIENTES ONCOLOGICOS DE PASSOS E REGIAO;PASSOS/MG;CONCESSAO;S;;;114;20;http://pesquisa.in.gov.br/imprensa/jsp/visualiza/index.jsp?data=22/06/2026&jornal=515&pagina=20;DOU_XML;Art. 1º Deferir as concessões de certificação de entidade beneficente de assistência social das seguintes entidades por atender os requisitos legais constantes  [...] 38) GAPOP - GRUPO DE APOIO A PACIENTES ONCOLOGICOS DE PASSOS E REGIAO, 05.021.564/0001-24, PASSOS/MG, 235874.0265749/2022.
24056162#9;24056162;515_20260622_24056162.xml;2026-06-22;2026-06-11;PORTARIA Nº 85, DE 11 DE JUNHO DE 2026;Ministério do Desenvolvimento e Assistência Social, Família e Combate à Fome/Secretaria Nacional de Assistência Social/Departamento da Rede Socioassistencial Privada do Sistema Único de Assistência Social;ASSISTENCIA;09038981000130;S;INSTITUTO ALVORADA AL;MACEIÓ/AL;CONCESSAO;S;;;114;20;http://pesquisa.in.gov.br/imprensa/jsp/visualiza/index.jsp?data=22/06/2026&jornal=515&pagina=20;DOU_XML;Art. 1º Deferir as concessões de certificação de entidade beneficente de assistência social das seguintes entidades por atender os requisitos legais constantes  [...] 39) INSTITUTO ALVORADA AL, 09.038.981/0001-30, MACEIÓ/AL, 308796.0971882/2024.
24056162#9;24056162;515_20260622_24056162.xml;2026-06-22;2026-06-11;PORTARIA Nº 85, DE 11 DE JUNHO DE 2026;Ministério do Desenvolvimento e Assistência Social, Família e Combate à Fome/Secretaria Nacional de Assistência Social/Departamento da Rede Socioassistencial Privada do Sistema Único de Assistência Social;ASSISTENCIA;23066392000197;S;INSTITUTO BRASILEIRO CULTURAL E SOCIOEDUCATIVO- IBC;LARANJAL DO JARI/AP;CONCESSAO;S;;;114;20;http://pesquisa.in.gov.br/imprensa/jsp/visualiza/index.jsp?data=22/06/2026&jornal=515&pagina=20;DOU_XML;Art. 1º Deferir as concessões de certificação de entidade beneficente de assistência social das seguintes entidades por atender os requisitos legais constantes  [...] 40) INSTITUTO BRASILEIRO CULTURAL E SOCIOEDUCATIVO- IBC, 23.066.392/0001-97, LARANJAL DO JARI/AP, 308796.1196829/2025.
24056162#9;24056162;515_20260622_24056162.xml;2026-06-22;2026-06-11;PORTARIA Nº 85, DE 11 DE JUNHO DE 2026;Ministério do Desenvolvimento e Assistência Social, Família e Combate à Fome/Secretaria Nacional de Assistência Social/Departamento da Rede Socioassistencial Privada do Sistema Único de Assistência Social;ASSISTENCIA;04319160000159;S;INSTITUTO DE EDUCAÇÃO, ESPORTE, CULTURA E ARTES POPULARES - IECAP;BRASÍLIA/DF;CONCESSAO;S;;;114;20;http://pesquisa.in.gov.br/imprensa/jsp/visualiza/index.jsp?data=22/06/2026&jornal=515&pagina=20;DOU_XML;Art. 1º Deferir as concessões de certificação de entidade beneficente de assistência social das seguintes entidades por atender os requisitos legais constantes  [...] 41) INSTITUTO DE EDUCAÇÃO, ESPORTE, CULTURA E ARTES POPULARES - IECAP, 04.319.160/0001-59, BRASÍLIA/DF, 235874.0216409/2021.
24056162#9;24056162;515_20260622_24056162.xml;2026-06-22;2026-06-11;PORTARIA Nº 85, DE 11 DE JUNHO DE 2026;Ministério do Desenvolvimento e Assistência Social, Família e Combate à Fome/Secretaria Nacional de Assistência Social/Departamento da Rede Socioassistencial Privada do Sistema Único de Assistência Social;ASSISTENCIA;21010850000140;S;INSTITUTO DE INCUBAÇÃO E ACELERAÇÃO;JOÃO PESSOA/PB;CONCESSAO;S;;;114;20;http://pesquisa.in.gov.br/imprensa/jsp/visualiza/index.jsp?data=22/06/2026&jornal=515&pagina=20;DOU_XML;Art. 1º Deferir as concessões de certificação de entidade beneficente de assistência social das seguintes entidades por atender os requisitos legais constantes  [...] 42) INSTITUTO DE INCUBAÇÃO E ACELERAÇÃO, 21.010.850/0001-40, JOÃO PESSOA/PB, 308796.0677057/2023.
24056162#9;24056162;515_20260622_24056162.xml;2026-06-22;2026-06-11;PORTARIA Nº 85, DE 11 DE JUNHO DE 2026;Ministério do Desenvolvimento e Assistência Social, Família e Combate à Fome/Secretaria Nacional de Assistência Social/Departamento da Rede Socioassistencial Privada do Sistema Único de Assistência Social;ASSISTENCIA;38034737000106;S;INSTITUTO ENTRE O CÉU E A FAVELA PARA ARTE, EDUCAÇÃO E CIDADANIA;RIO DE JANEIRO/RJ;CONCESSAO;S;;;114;20;http://pesquisa.in.gov.br/imprensa/jsp/visualiza/index.jsp?data=22/06/2026&jornal=515&pagina=20;DOU_XML;Art. 1º Deferir as concessões de certificação de entidade beneficente de assistência social das seguintes entidades por atender os requisitos legais constantes  [...] 43) INSTITUTO ENTRE O CÉU E A FAVELA PARA ARTE, EDUCAÇÃO E CIDADANIA, 38.034.737/0001-06, RIO DE JANEIRO/RJ, 308796.0937326/2024.
24056162#9;24056162;515_20260622_24056162.xml;2026-06-22;2026-06-11;PORTARIA Nº 85, DE 11 DE JUNHO DE 2026;Ministério do Desenvolvimento e Assistência Social, Família e Combate à Fome/Secretaria Nacional de Assistência Social/Departamento da Rede Socioassistencial Privada do Sistema Único de Assistência Social;ASSISTENCIA;31767100000171;S;INSTITUTO FILADELFIA DA AMAZONIA;MANAUS/AM;CONCESSAO;S;;;114;20;http://pesquisa.in.gov.br/imprensa/jsp/visualiza/index.jsp?data=22/06/2026&jornal=515&pagina=20;DOU_XML;Art. 1º Deferir as concessões de certificação de entidade beneficente de assistência social das seguintes entidades por atender os requisitos legais constantes  [...] 44) INSTITUTO FILADELFIA DA AMAZONIA, 31.767.100/0001-71, MANAUS/AM, 308796.0759285/2023.
24056162#9;24056162;515_20260622_24056162.xml;2026-06-22;2026-06-11;PORTARIA Nº 85, DE 11 DE JUNHO DE 2026;Ministério do Desenvolvimento e Assistência Social, Família e Combate à Fome/Secretaria Nacional de Assistência Social/Departamento da Rede Socioassistencial Privada do Sistema Único de Assistência Social;ASSISTENCIA;19496532000190;S;INSTITUTO FORTIS DE EDUCAÇÃO MEIO AMBIENTE DESPORTOS E APOIO SOCIAL - IFEMADAS;MANAUS/AM;CONCESSAO;S;;;114;20;http://pesquisa.in.gov.br/imprensa/jsp/visualiza/index.jsp?data=22/06/2026&jornal=515&pagina=20;DOU_XML;Art. 1º Deferir as concessões de certificação de entidade beneficente de assistência social das seguintes entidades por atender os requisitos legais constantes  [...] 45) INSTITUTO FORTIS DE EDUCAÇÃO MEIO AMBIENTE DESPORTOS E APOIO SOCIAL - IFEMADAS, 19.496.532/0001-90, MANAUS/AM, 308796.1064853/2024.
24056162#9;24056162;515_20260622_24056162.xml;2026-06-22;2026-06-11;PORTARIA Nº 85, DE 11 DE JUNHO DE 2026;Ministério do Desenvolvimento e Assistência Social, Família e Combate à Fome/Secretaria Nacional de Assistência Social/Departamento da Rede Socioassistencial Privada do Sistema Único de Assistência Social;ASSISTENCIA;13170461000154;S;INSTITUTO PASSOS;PORTO ALEGRE/RS;CONCESSAO;S;;;114;20;http://pesquisa.in.gov.br/imprensa/jsp/visualiza/index.jsp?data=22/06/2026&jornal=515&pagina=20;DOU_XML;Art. 1º Deferir as concessões de certificação de entidade beneficente de assistência social das seguintes entidades por atender os requisitos legais constantes  [...] 46) INSTITUTO PASSOS, 13.170.461/0001-54, PORTO ALEGRE/RS, 308796.0740876/2023.
24056162#9;24056162;515_20260622_24056162.xml;2026-06-22;2026-06-11;PORTARIA Nº 85, DE 11 DE JUNHO DE 2026;Ministério do Desenvolvimento e Assistência Social, Família e Combate à Fome/Secretaria Nacional de Assistência Social/Departamento da Rede Socioassistencial Privada do Sistema Único de Assistência Social;ASSISTENCIA;19321120000119;S;INSTITUTO SOAR;SÃO JOSÉ DO RIO PRETO/SP;CONCESSAO;S;;;114;20;http://pesquisa.in.gov.br/imprensa/jsp/visualiza/index.jsp?data=22/06/2026&jornal=515&pagina=20;DOU_XML;Art. 1º Deferir as concessões de certificação de entidade beneficente de assistência social das seguintes entidades por atender os requisitos legais constantes  [...] 47) INSTITUTO SOAR, 19.321.120/0001-19, SÃO JOSÉ DO RIO PRETO/SP, 235874.0612957/2023.
24056162#9;24056162;515_20260622_24056162.xml;2026-06-22;2026-06-11;PORTARIA Nº 85, DE 11 DE JUNHO DE 2026;Ministério do Desenvolvimento e Assistência Social, Família e Combate à Fome/Secretaria Nacional de Assistência Social/Departamento da Rede Socioassistencial Privada do Sistema Único de Assistência Social;ASSISTENCIA;19071083000138;S;LAR DE VELHINHOS IRMÃ MARIETA;CAMBUQUIRA/MG;CONCESSAO;S;;;114;20;http://pesquisa.in.gov.br/imprensa/jsp/visualiza/index.jsp?data=22/06/2026&jornal=515&pagina=20;DOU_XML;Art. 1º Deferir as concessões de certificação de entidade beneficente de assistência social das seguintes entidades por atender os requisitos legais constantes  [...] 48) LAR DE VELHINHOS IRMÃ MARIETA, 19.071.083/0001-38, CAMBUQUIRA/MG, 308796.0796200/2023.
24056162#9;24056162;515_20260622_24056162.xml;2026-06-22;2026-06-11;PORTARIA Nº 85, DE 11 DE JUNHO DE 2026;Ministério do Desenvolvimento e Assistência Social, Família e Combate à Fome/Secretaria Nacional de Assistência Social/Departamento da Rede Socioassistencial Privada do Sistema Único de Assistência Social;ASSISTENCIA;05766697000120;S;LAR DOS VELHINHOS SAO JOSE;BARRA MANSA/RJ;CONCESSAO;S;;;114;20;http://pesquisa.in.gov.br/imprensa/jsp/visualiza/index.jsp?data=22/06/2026&jornal=515&pagina=20;DOU_XML;Art. 1º Deferir as concessões de certificação de entidade beneficente de assistência social das seguintes entidades por atender os requisitos legais constantes  [...] 49) LAR DOS VELHINHOS SAO JOSE, 05.766.697/0001-20, BARRA MANSA/RJ, 308796.1033015/2024.
24056162#9;24056162;515_20260622_24056162.xml;2026-06-22;2026-06-11;PORTARIA Nº 85, DE 11 DE JUNHO DE 2026;Ministério do Desenvolvimento e Assistência Social, Família e Combate à Fome/Secretaria Nacional de Assistência Social/Departamento da Rede Socioassistencial Privada do Sistema Único de Assistência Social;ASSISTENCIA;76129311000117;S;LAR SAO FRANCISCO DE ASSIS;TAPIRA/PR;CONCESSAO;S;;;114;20;http://pesquisa.in.gov.br/imprensa/jsp/visualiza/index.jsp?data=22/06/2026&jornal=515&pagina=20;DOU_XML;Art. 1º Deferir as concessões de certificação de entidade beneficente de assistência social das seguintes entidades por atender os requisitos legais constantes  [...] 50) LAR SAO FRANCISCO DE ASSIS, 76.129.311/0001-17, TAPIRA/PR, 308796.0715294/2023.
24056162#9;24056162;515_20260622_24056162.xml;2026-06-22;2026-06-11;PORTARIA Nº 85, DE 11 DE JUNHO DE 2026;Ministério do Desenvolvimento e Assistência Social, Família e Combate à Fome/Secretaria Nacional de Assistência Social/Departamento da Rede Socioassistencial Privada do Sistema Único de Assistência Social;ASSISTENCIA;71265359000139;S;LAR SAO VICENTE DE PAULO;SOCORRO/SP;CONCESSAO;S;;;114;20;http://pesquisa.in.gov.br/imprensa/jsp/visualiza/index.jsp?data=22/06/2026&jornal=515&pagina=20;DOU_XML;Art. 1º Deferir as concessões de certificação de entidade beneficente de assistência social das seguintes entidades por atender os requisitos legais constantes  [...] 51) LAR SAO VICENTE DE PAULO, 71.265.359/0001-39, SOCORRO/SP, 235874.0055712/2021.
24056162#9;24056162;515_20260622_24056162.xml;2026-06-22;2026-06-11;PORTARIA Nº 85, DE 11 DE JUNHO DE 2026;Ministério do Desenvolvimento e Assistência Social, Família e Combate à Fome/Secretaria Nacional de Assistência Social/Departamento da Rede Socioassistencial Privada do Sistema Único de Assistência Social;ASSISTENCIA;23640714000160;S;MUTIRÃO NO BEM;SÃO PAULO/SP;CONCESSAO;S;;;114;20;http://pesquisa.in.gov.br/imprensa/jsp/visualiza/index.jsp?data=22/06/2026&jornal=515&pagina=20;DOU_XML;Art. 1º Deferir as concessões de certificação de entidade beneficente de assistência social das seguintes entidades por atender os requisitos legais constantes  [...] 52) MUTIRÃO NO BEM, 23.640.714/0001-60, SÃO PAULO/SP, 308796.0871342/2024.
24056162#9;24056162;515_20260622_24056162.xml;2026-06-22;2026-06-11;PORTARIA Nº 85, DE 11 DE JUNHO DE 2026;Ministério do Desenvolvimento e Assistência Social, Família e Combate à Fome/Secretaria Nacional de Assistência Social/Departamento da Rede Socioassistencial Privada do Sistema Único de Assistência Social;ASSISTENCIA;07811509000163;S;OBRA SOCIAL MARAIA DO CARMO FONSECA SILVA;CONTAGEM/MG;CONCESSAO;S;;;114;20;http://pesquisa.in.gov.br/imprensa/jsp/visualiza/index.jsp?data=22/06/2026&jornal=515&pagina=20;DOU_XML;Art. 1º Deferir as concessões de certificação de entidade beneficente de assistência social das seguintes entidades por atender os requisitos legais constantes  [...] 53) OBRA SOCIAL MARAIA DO CARMO FONSECA SILVA, 07.811.509/0001-63, CONTAGEM/MG, 308796.0751734/2023.
24056162#9;24056162;515_20260622_24056162.xml;2026-06-22;2026-06-11;PORTARIA Nº 85, DE 11 DE JUNHO DE 2026;Ministério do Desenvolvimento e Assistência Social, Família e Combate à Fome/Secretaria Nacional de Assistência Social/Departamento da Rede Socioassistencial Privada do Sistema Único de Assistência Social;ASSISTENCIA;04257862000155;S;REDE FEMININA DE COMBATE AO CÂNCER SANTA BÁRBARA D´OESTE;SANTA BÁRBARA DOESTE/SP;CONCESSAO;S;;;114;20;http://pesquisa.in.gov.br/imprensa/jsp/visualiza/index.jsp?data=22/06/2026&jornal=515&pagina=20;DOU_XML;Art. 1º Deferir as concessões de certificação de entidade beneficente de assistência social das seguintes entidades por atender os requisitos legais constantes  [...] 54) REDE FEMININA DE COMBATE AO CÂNCER SANTA BÁRBARA D´OESTE, 04.257.862/0001-55, SANTA BÁRBARA DOESTE/SP, 308796.1006048/2024.
24056162#9;24056162;515_20260622_24056162.xml;2026-06-22;2026-06-11;PORTARIA Nº 85, DE 11 DE JUNHO DE 2026;Ministério do Desenvolvimento e Assistência Social, Família e Combate à Fome/Secretaria Nacional de Assistência Social/Departamento da Rede Socioassistencial Privada do Sistema Único de Assistência Social;ASSISTENCIA;23002549000110;S;PROJETO AGUA CIDADANIA E ENSINO PACE;CURIMATÁ/PI;CONCESSAO;S;;;114;20;http://pesquisa.in.gov.br/imprensa/jsp/visualiza/index.jsp?data=22/06/2026&jornal=515&pagina=20;DOU_XML;Art. 1º Deferir as concessões de certificação de entidade beneficente de assistência social das seguintes entidades por atender os requisitos legais constantes  [...] 55) PROJETO AGUA CIDADANIA E ENSINO PACE, 23.002.549/0001-10, CURIMATÁ/PI, 308796.1515541/2025.
24056162#9;24056162;515_20260622_24056162.xml;2026-06-22;2026-06-11;PORTARIA Nº 85, DE 11 DE JUNHO DE 2026;Ministério do Desenvolvimento e Assistência Social, Família e Combate à Fome/Secretaria Nacional de Assistência Social/Departamento da Rede Socioassistencial Privada do Sistema Único de Assistência Social;ASSISTENCIA;91566034000101;S;SOCIEDADE ASSISTENCIAL SANTO ANTONIO;JACUTINGA/RS;CONCESSAO;S;;;114;20;http://pesquisa.in.gov.br/imprensa/jsp/visualiza/index.jsp?data=22/06/2026&jornal=515&pagina=20;DOU_XML;Art. 1º Deferir as concessões de certificação de entidade beneficente de assistência social das seguintes entidades por atender os requisitos legais constantes  [...] 56) SOCIEDADE ASSISTENCIAL SANTO ANTONIO, 91.566.034/0001-01, JACUTINGA/RS, 235874.0477158/2023.
24056162#9;24056162;515_20260622_24056162.xml;2026-06-22;2026-06-11;PORTARIA Nº 85, DE 11 DE JUNHO DE 2026;Ministério do Desenvolvimento e Assistência Social, Família e Combate à Fome/Secretaria Nacional de Assistência Social/Departamento da Rede Socioassistencial Privada do Sistema Único de Assistência Social;ASSISTENCIA;17747166000179;S;SOU SOLIDARIO;SALVADOR/BA;CONCESSAO;S;;;114;20;http://pesquisa.in.gov.br/imprensa/jsp/visualiza/index.jsp?data=22/06/2026&jornal=515&pagina=20;DOU_XML;Art. 1º Deferir as concessões de certificação de entidade beneficente de assistência social das seguintes entidades por atender os requisitos legais constantes  [...] 57) SOU SOLIDARIO, 17.747.166/0001-79, SALVADOR/BA, 308796.0806181/2023.
24056162#9;24056162;515_20260622_24056162.xml;2026-06-22;2026-06-11;PORTARIA Nº 85, DE 11 DE JUNHO DE 2026;Ministério do Desenvolvimento e Assistência Social, Família e Combate à Fome/Secretaria Nacional de Assistência Social/Departamento da Rede Socioassistencial Privada do Sistema Único de Assistência Social;ASSISTENCIA;50387224000176;S;UNIAO ESPIRITA NOSSO LAR UNENLAR;JABOTICABAL/SP;CONCESSAO;S;;;114;20;http://pesquisa.in.gov.br/imprensa/jsp/visualiza/index.jsp?data=22/06/2026&jornal=515&pagina=20;DOU_XML;Art. 1º Deferir as concessões de certificação de entidade beneficente de assistência social das seguintes entidades por atender os requisitos legais constantes  [...] 58) UNIAO ESPIRITA NOSSO LAR UNENLAR, 50.387.224/0001-76, JABOTICABAL/SP, 308796.0775198/2023.
24056162#9;24056162;515_20260622_24056162.xml;2026-06-22;2026-06-11;PORTARIA Nº 85, DE 11 DE JUNHO DE 2026;Ministério do Desenvolvimento e Assistência Social, Família e Combate à Fome/Secretaria Nacional de Assistência Social/Departamento da Rede Socioassistencial Privada do Sistema Único de Assistência Social;ASSISTENCIA;23843648000125;S;VIADUTO DAS ARTES;BELO HORIZONTE/MG;CONCESSAO;S;;;114;20;http://pesquisa.in.gov.br/imprensa/jsp/visualiza/index.jsp?data=22/06/2026&jornal=515&pagina=20;DOU_XML;Art. 1º Deferir as concessões de certificação de entidade beneficente de assistência social das seguintes entidades por atender os requisitos legais constantes  [...] 59) VIADUTO DAS ARTES, 23.843.648/0001-25, BELO HORIZONTE/MG, 308796.0808739/2023.
24056162#9;24056162;515_20260622_24056162.xml;2026-06-22;2026-06-11;PORTARIA Nº 85, DE 11 DE JUNHO DE 2026;Ministério do Desenvolvimento e Assistência Social, Família e Combate à Fome/Secretaria Nacional de Assistência Social/Departamento da Rede Socioassistencial Privada do Sistema Único de Assistência Social;ASSISTENCIA;01973478000160;S;ABRACE - ASSOCIAÇÃO BRASILEIRA DE ASSISTÊNCIA ÀS FAMÍLIAS DE CRIANÇAS PORTADORAS DE CÂNCER E HEMOPATIAS;BRASÍLIA/DF;RENOVACAO;S;;21/09/2024 a 20/09/2027;114;20;http://pesquisa.in.gov.br/imprensa/jsp/visualiza/index.jsp?data=22/06/2026&jornal=515&pagina=20;DOU_XML;Art. 2º Deferir as renovações de certificação de entidade beneficente de assistência social das seguintes entidades por atenderem os requisitos legais constante [...] 1) ABRACE - ASSOCIAÇÃO BRASILEIRA DE ASSISTÊNCIA ÀS FAMÍLIAS DE CRIANÇAS PORTADORAS DE CÂNCER E HEMOPATIAS, 01.973.478/0001-60, BRASÍLIA/DF, 308796.1020882/2024, de 21/09/2024 a 20/09/2027.
24056162#9;24056162;515_20260622_24056162.xml;2026-06-22;2026-06-11;PORTARIA Nº 85, DE 11 DE JUNHO DE 2026;Ministério do Desenvolvimento e Assistência Social, Família e Combate à Fome/Secretaria Nacional de Assistência Social/Departamento da Rede Socioassistencial Privada do Sistema Único de Assistência Social;ASSISTENCIA;00346076000173;S;ACAO DA CIDADANIA CONTRA A FOME, A MISERIA E PELA VIDA;RIO DE JANEIRO/RJ;RENOVACAO;S;;01/01/2025 a 31/12/2027;114;20;http://pesquisa.in.gov.br/imprensa/jsp/visualiza/index.jsp?data=22/06/2026&jornal=515&pagina=20;DOU_XML;Art. 2º Deferir as renovações de certificação de entidade beneficente de assistência social das seguintes entidades por atenderem os requisitos legais constante [...] 2) ACAO DA CIDADANIA CONTRA A FOME, A MISERIA E PELA VIDA, 00.346.076/0001-73, RIO DE JANEIRO/RJ, 308796.1054758/2024, de 01/01/2025 a 31/12/2027.
24056162#9;24056162;515_20260622_24056162.xml;2026-06-22;2026-06-11;PORTARIA Nº 85, DE 11 DE JUNHO DE 2026;Ministério do Desenvolvimento e Assistência Social, Família e Combate à Fome/Secretaria Nacional de Assistência Social/Departamento da Rede Socioassistencial Privada do Sistema Único de Assistência Social;ASSISTENCIA;24249850000196;S;AÇÃO SOCIAL DO CONTESTADO (ASC);LEBON RÉGIS/SC;RENOVACAO;S;;01/01/2024 a 31/12/2028;114;20;http://pesquisa.in.gov.br/imprensa/jsp/visualiza/index.jsp?data=22/06/2026&jornal=515&pagina=20;DOU_XML;Art. 2º Deferir as renovações de certificação de entidade beneficente de assistência social das seguintes entidades por atenderem os requisitos legais constante [...] 3) AÇÃO SOCIAL DO CONTESTADO (ASC), 24.249.850/0001-96, LEBON RÉGIS/SC, 308796.0694334/2023, de 01/01/2024 a 31/12/2028.
24056162#9;24056162;515_20260622_24056162.xml;2026-06-22;2026-06-11;PORTARIA Nº 85, DE 11 DE JUNHO DE 2026;Ministério do Desenvolvimento e Assistência Social, Família e Combate à Fome/Secretaria Nacional de Assistência Social/Departamento da Rede Socioassistencial Privada do Sistema Único de Assistência Social;ASSISTENCIA;05108918000172;S;AMIGOS DO BEM INSTITUIÇÃO NACIONAL CONTRA A FOME E A MISÉRIA;SÃO PAULO/SP;RENOVACAO;S;;01/01/2025 a 31/12/2027;114;20;http://pesquisa.in.gov.br/imprensa/jsp/visualiza/index.jsp?data=22/06/2026&jornal=515&pagina=20;DOU_XML;Art. 2º Deferir as renovações de certificação de entidade beneficente de assistência social das seguintes entidades por atenderem os requisitos legais constante [...] 4) AMIGOS DO BEM INSTITUIÇÃO NACIONAL CONTRA A FOME E A MISÉRIA, 05.108.918/0001-72, SÃO PAULO/SP, 308796.1053711/2024, de 01/01/2025 a 31/12/2027.
24056162#9;24056162;515_20260622_24056162.xml;2026-06-22;2026-06-11;PORTARIA Nº 85, DE 11 DE JUNHO DE 2026;Ministério do Desenvolvimento e Assistência Social, Família e Combate à Fome/Secretaria Nacional de Assistência Social/Departamento da Rede Socioassistencial Privada do Sistema Único de Assistência Social;ASSISTENCIA;78115870000101;S;APA - ASSOCIAÇÃO PROMOCIONAL E ASSISTENCIAL DE TOLEDO;TOLEDO/PR;RENOVACAO;S;;01/01/2025 a 31/12/2027;114;20;http://pesquisa.in.gov.br/imprensa/jsp/visualiza/index.jsp?data=22/06/2026&jornal=515&pagina=20;DOU_XML;Art. 2º Deferir as renovações de certificação de entidade beneficente de assistência social das seguintes entidades por atenderem os requisitos legais constante [...] 5) APA - ASSOCIAÇÃO PROMOCIONAL E ASSISTENCIAL DE TOLEDO, 78.115.870/0001-01, TOLEDO/PR, 308796.1037467/2024, de 01/01/2025 a 31/12/2027.
24056162#9;24056162;515_20260622_24056162.xml;2026-06-22;2026-06-11;PORTARIA Nº 85, DE 11 DE JUNHO DE 2026;Ministério do Desenvolvimento e Assistência Social, Família e Combate à Fome/Secretaria Nacional de Assistência Social/Departamento da Rede Socioassistencial Privada do Sistema Único de Assistência Social;ASSISTENCIA;21416987000108;S;APAE - ASSOCIAÇÃO DE PAIS E AMIGOS DOS EXCEPCIONAIS;BORDA DA MATA/MG;RENOVACAO;S;;01/01/2025 a 31/12/2029;114;20;http://pesquisa.in.gov.br/imprensa/jsp/visualiza/index.jsp?data=22/06/2026&jornal=515&pagina=20;DOU_XML;Art. 2º Deferir as renovações de certificação de entidade beneficente de assistência social das seguintes entidades por atenderem os requisitos legais constante [...] 6) APAE - ASSOCIAÇÃO DE PAIS E AMIGOS DOS EXCEPCIONAIS, 21.416.987/0001-08, BORDA DA MATA/MG, 308796.1000650/2024, de 01/01/2025 a 31/12/2029.
24056162#9;24056162;515_20260622_24056162.xml;2026-06-22;2026-06-11;PORTARIA Nº 85, DE 11 DE JUNHO DE 2026;Ministério do Desenvolvimento e Assistência Social, Família e Combate à Fome/Secretaria Nacional de Assistência Social/Departamento da Rede Socioassistencial Privada do Sistema Único de Assistência Social;ASSISTENCIA;78019684000160;S;APAE ASSOC DE PAIS E AMIGOS DOS EXCEPCIONAIS DE ASSAI;ASSAÍ/PR;RENOVACAO;S;;01/01/2025 a 31/12/2027;114;20;http://pesquisa.in.gov.br/imprensa/jsp/visualiza/index.jsp?data=22/06/2026&jornal=515&pagina=20;DOU_XML;Art. 2º Deferir as renovações de certificação de entidade beneficente de assistência social das seguintes entidades por atenderem os requisitos legais constante [...] 7) APAE ASSOC DE PAIS E AMIGOS DOS EXCEPCIONAIS DE ASSAI, 78.019.684/0001-60, ASSAÍ/PR, 308796.1051871/2024, de 01/01/2025 a 31/12/2027.
24056162#9;24056162;515_20260622_24056162.xml;2026-06-22;2026-06-11;PORTARIA Nº 85, DE 11 DE JUNHO DE 2026;Ministério do Desenvolvimento e Assistência Social, Família e Combate à Fome/Secretaria Nacional de Assistência Social/Departamento da Rede Socioassistencial Privada do Sistema Único de Assistência Social;ASSISTENCIA;00614178000122;S;APAE ASSOCIACAO DE PAIS E AMIGOS DE CAP L MARQUES PR;CAPITÃO LEÔNIDAS MARQUES/PR;RENOVACAO;S;;01/01/2025 a 31/12/2027;114;20;http://pesquisa.in.gov.br/imprensa/jsp/visualiza/index.jsp?data=22/06/2026&jornal=515&pagina=20;DOU_XML;Art. 2º Deferir as renovações de certificação de entidade beneficente de assistência social das seguintes entidades por atenderem os requisitos legais constante [...] 8) APAE ASSOCIACAO DE PAIS E AMIGOS DE CAP L MARQUES PR, 00.614.178/0001-22, CAPITÃO LEÔNIDAS MARQUES/PR, 308796.1008928/2024, de 01/01/2025 a 31/12/2027.
24056162#9;24056162;515_20260622_24056162.xml;2026-06-22;2026-06-11;PORTARIA Nº 85, DE 11 DE JUNHO DE 2026;Ministério do Desenvolvimento e Assistência Social, Família e Combate à Fome/Secretaria Nacional de Assistência Social/Departamento da Rede Socioassistencial Privada do Sistema Único de Assistência Social;ASSISTENCIA;06044795000116;S;APAE ASSOCIACAO DE PAIS E AMIGOS DOS EXCEPCIONAIS DE DAVID CANABARRO;DAVID CANABARRO/RS;RENOVACAO;S;;01/01/2025 a 31/12/2029;114;20;http://pesquisa.in.gov.br/imprensa/jsp/visualiza/index.jsp?data=22/06/2026&jornal=515&pagina=20;DOU_XML;Art. 2º Deferir as renovações de certificação de entidade beneficente de assistência social das seguintes entidades por atenderem os requisitos legais constante [...] 9) APAE ASSOCIACAO DE PAIS E AMIGOS DOS EXCEPCIONAIS DE DAVID CANABARRO, 06.044.795/0001-16, DAVID CANABARRO/RS, 235874.0648222/2023, de 01/01/2025 a 31/12/2029.
24056162#9;24056162;515_20260622_24056162.xml;2026-06-22;2026-06-11;PORTARIA Nº 85, DE 11 DE JUNHO DE 2026;Ministério do Desenvolvimento e Assistência Social, Família e Combate à Fome/Secretaria Nacional de Assistência Social/Departamento da Rede Socioassistencial Privada do Sistema Único de Assistência Social;ASSISTENCIA;81270274000100;S;APAE DE SANTA TEREZA DO OESTE;SANTA TEREZA DO OESTE/PR;RENOVACAO;S;;01/01/2025 a 31/12/2027;114;20;http://pesquisa.in.gov.br/imprensa/jsp/visualiza/index.jsp?data=22/06/2026&jornal=515&pagina=20;DOU_XML;Art. 2º Deferir as renovações de certificação de entidade beneficente de assistência social das seguintes entidades por atenderem os requisitos legais constante [...] 10) APAE DE SANTA TEREZA DO OESTE, 81.270.274/0001-00, SANTA TEREZA DO OESTE/PR, 308796.1032270/2024, de 01/01/2025 a 31/12/2027.
24056162#9;24056162;515_20260622_24056162.xml;2026-06-22;2026-06-11;PORTARIA Nº 85, DE 11 DE JUNHO DE 2026;Ministério do Desenvolvimento e Assistência Social, Família e Combate à Fome/Secretaria Nacional de Assistência Social/Departamento da Rede Socioassistencial Privada do Sistema Único de Assistência Social;ASSISTENCIA;21248703000103;S;APLAMT ASSOCIACAO DE PROMOCAO AO LAVRADOR E ASSISTENCIA AO MENOR DE TURMALINA;TURMALINA/MG;RENOVACAO;S;;01/01/2024 a 31/12/2028;114;20;http://pesquisa.in.gov.br/imprensa/jsp/visualiza/index.jsp?data=22/06/2026&jornal=515&pagina=20;DOU_XML;Art. 2º Deferir as renovações de certificação de entidade beneficente de assistência social das seguintes entidades por atenderem os requisitos legais constante [...] 11) APLAMT ASSOCIACAO DE PROMOCAO AO LAVRADOR E ASSISTENCIA AO MENOR DE TURMALINA, 21.248.703/0001-03, TURMALINA/MG, 308796.0754391/2023, de 01/01/2024 a 31/12/2028.
24056162#9;24056162;515_20260622_24056162.xml;2026-06-22;2026-06-11;PORTARIA Nº 85, DE 11 DE JUNHO DE 2026;Ministério do Desenvolvimento e Assistência Social, Família e Combate à Fome/Secretaria Nacional de Assistência Social/Departamento da Rede Socioassistencial Privada do Sistema Único de Assistência Social;ASSISTENCIA;65501025000114;S;ASAM - CENTRO DE APOIO AO JOVEM;SÃO PAULO/SP;RENOVACAO;S;;01/01/2025 a 31/12/2027;114;20;http://pesquisa.in.gov.br/imprensa/jsp/visualiza/index.jsp?data=22/06/2026&jornal=515&pagina=20;DOU_XML;Art. 2º Deferir as renovações de certificação de entidade beneficente de assistência social das seguintes entidades por atenderem os requisitos legais constante [...] 12) ASAM - CENTRO DE APOIO AO JOVEM, 65.501.025/0001-14, SÃO PAULO/SP, 308796.1098368/2024, de 01/01/2025 a 31/12/2027.
24056162#9;24056162;515_20260622_24056162.xml;2026-06-22;2026-06-11;PORTARIA Nº 85, DE 11 DE JUNHO DE 2026;Ministério do Desenvolvimento e Assistência Social, Família e Combate à Fome/Secretaria Nacional de Assistência Social/Departamento da Rede Socioassistencial Privada do Sistema Único de Assistência Social;ASSISTENCIA;51316222000159;S;ASILO DE MENDICIDADE SAO VICENTE DE PAULO;BRAGANÇA PAULISTA/SP;RENOVACAO;S;;13/07/2024 a 12/07/2027;114;20;http://pesquisa.in.gov.br/imprensa/jsp/visualiza/index.jsp?data=22/06/2026&jornal=515&pagina=20;DOU_XML;Art. 2º Deferir as renovações de certificação de entidade beneficente de assistência social das seguintes entidades por atenderem os requisitos legais constante [...] 13) ASILO DE MENDICIDADE SAO VICENTE DE PAULO, 51.316.222/0001-59, BRAGANÇA PAULISTA/SP, 308796.0846995/2024, de 13/07/2024 a 12/07/2027.
24056162#9;24056162;515_20260622_24056162.xml;2026-06-22;2026-06-11;PORTARIA Nº 85, DE 11 DE JUNHO DE 2026;Ministério do Desenvolvimento e Assistência Social, Família e Combate à Fome/Secretaria Nacional de Assistência Social/Departamento da Rede Socioassistencial Privada do Sistema Único de Assistência Social;ASSISTENCIA;17424854000106;S;ASILO PADRE ANTÔNIO RIBEIRO PINTO;RIO CASCA/MG;RENOVACAO;S;;01/01/2025 a 31/12/2029;114;20;http://pesquisa.in.gov.br/imprensa/jsp/visualiza/index.jsp?data=22/06/2026&jornal=515&pagina=20;DOU_XML;Art. 2º Deferir as renovações de certificação de entidade beneficente de assistência social das seguintes entidades por atenderem os requisitos legais constante [...] 14) ASILO PADRE ANTÔNIO RIBEIRO PINTO, 17.424.854/0001-06, RIO CASCA/MG, 308796.1100075/2024, de 01/01/2025 a 31/12/2029.
24056162#9;24056162;515_20260622_24056162.xml;2026-06-22;2026-06-11;PORTARIA Nº 85, DE 11 DE JUNHO DE 2026;Ministério do Desenvolvimento e Assistência Social, Família e Combate à Fome/Secretaria Nacional de Assistência Social/Departamento da Rede Socioassistencial Privada do Sistema Único de Assistência Social;ASSISTENCIA;78597135000173;S;ASS.DE PAIS E AMIGOS DOS EXCEPCIONAIS DE CARLOPOLIS;CARLÓPOLIS/PR;RENOVACAO;S;;01/01/2025 a 31/12/2027;114;20;http://pesquisa.in.gov.br/imprensa/jsp/visualiza/index.jsp?data=22/06/2026&jornal=515&pagina=20;DOU_XML;Art. 2º Deferir as renovações de certificação de entidade beneficente de assistência social das seguintes entidades por atenderem os requisitos legais constante [...] 15) ASS.DE PAIS E AMIGOS DOS EXCEPCIONAIS DE CARLOPOLIS, 78.597.135/0001-73, CARLÓPOLIS/PR, 308796.1043804/2024, de 01/01/2025 a 31/12/2027.
24056162#9;24056162;515_20260622_24056162.xml;2026-06-22;2026-06-11;PORTARIA Nº 85, DE 11 DE JUNHO DE 2026;Ministério do Desenvolvimento e Assistência Social, Família e Combate à Fome/Secretaria Nacional de Assistência Social/Departamento da Rede Socioassistencial Privada do Sistema Único de Assistência Social;ASSISTENCIA;90870601000148;S;ASSOC DE PAIS E AMIGOS DOS EXCEPCIONAIS DE TEN PORTELA;TENENTE PORTELA/RS;RENOVACAO;S;;01/01/2025 a 31/12/2027;114;20;http://pesquisa.in.gov.br/imprensa/jsp/visualiza/index.jsp?data=22/06/2026&jornal=515&pagina=20;DOU_XML;Art. 2º Deferir as renovações de certificação de entidade beneficente de assistência social das seguintes entidades por atenderem os requisitos legais constante [...] 16) ASSOC DE PAIS E AMIGOS DOS EXCEPCIONAIS DE TEN PORTELA, 90.870.601/0001-48, TENENTE PORTELA/RS, 308796.1025322/2024, de 01/01/2025 a 31/12/2027.
24056162#9;24056162;515_20260622_24056162.xml;2026-06-22;2026-06-11;PORTARIA Nº 85, DE 11 DE JUNHO DE 2026;Ministério do Desenvolvimento e Assistência Social, Família e Combate à Fome/Secretaria Nacional de Assistência Social/Departamento da Rede Socioassistencial Privada do Sistema Único de Assistência Social;ASSISTENCIA;56729205000167;S;ASSOCIAÇÃO BARBARENSE DAS DAMAS DE CARIDADE;SANTA BÁRBARA DOESTE/SP;RENOVACAO;S;;21/09/2024 a 20/09/2027;114;20;http://pesquisa.in.gov.br/imprensa/jsp/visualiza/index.jsp?data=22/06/2026&jornal=515&pagina=20;DOU_XML;Art. 2º Deferir as renovações de certificação de entidade beneficente de assistência social das seguintes entidades por atenderem os requisitos legais constante [...] 17) ASSOCIAÇÃO BARBARENSE DAS DAMAS DE CARIDADE, 56.729.205/0001-67, SANTA BÁRBARA DOESTE/SP, 308796.0992519/2024, de 21/09/2024 a 20/09/2027.
24056162#9;24056162;515_20260622_24056162.xml;2026-06-22;2026-06-11;PORTARIA Nº 85, DE 11 DE JUNHO DE 2026;Ministério do Desenvolvimento e Assistência Social, Família e Combate à Fome/Secretaria Nacional de Assistência Social/Departamento da Rede Socioassistencial Privada do Sistema Único de Assistência Social;ASSISTENCIA;03554493000108;S;ASSOCIAÇÃO BENEFICENTE INTEGRAÇÃO A VIDA;RIBEIRÃO PRETO/SP;RENOVACAO;S;;01/01/2025 a 31/12/2027;114;20;http://pesquisa.in.gov.br/imprensa/jsp/visualiza/index.jsp?data=22/06/2026&jornal=515&pagina=20;DOU_XML;Art. 2º Deferir as renovações de certificação de entidade beneficente de assistência social das seguintes entidades por atenderem os requisitos legais constante [...] 18) ASSOCIAÇÃO BENEFICENTE INTEGRAÇÃO A VIDA, 03.554.493/0001-08, RIBEIRÃO PRETO/SP, 308796.1019330/2024, de 01/01/2025 a 31/12/2027.
24056162#9;24056162;515_20260622_24056162.xml;2026-06-22;2026-06-11;PORTARIA Nº 85, DE 11 DE JUNHO DE 2026;Ministério do Desenvolvimento e Assistência Social, Família e Combate à Fome/Secretaria Nacional de Assistência Social/Departamento da Rede Socioassistencial Privada do Sistema Único de Assistência Social;ASSISTENCIA;06963405000101;S;ASSOCIAÇÃO BENEFICENTE SOLDADOS DE CRISTO - ABESC;CAÇAPAVA/SP;RENOVACAO;S;;01/01/2024 a 31/12/2028;114;20;http://pesquisa.in.gov.br/imprensa/jsp/visualiza/index.jsp?data=22/06/2026&jornal=515&pagina=20;DOU_XML;Art. 2º Deferir as renovações de certificação de entidade beneficente de assistência social das seguintes entidades por atenderem os requisitos legais constante [...] 19) ASSOCIAÇÃO BENEFICENTE SOLDADOS DE CRISTO - ABESC, 06.963.405/0001-01, CAÇAPAVA/SP, 308796.0713061/2023, de 01/01/2024 a 31/12/2028.
24056162#9;24056162;515_20260622_24056162.xml;2026-06-22;2026-06-11;PORTARIA Nº 85, DE 11 DE JUNHO DE 2026;Ministério do Desenvolvimento e Assistência Social, Família e Combate à Fome/Secretaria Nacional de Assistência Social/Departamento da Rede Socioassistencial Privada do Sistema Único de Assistência Social;ASSISTENCIA;02050556000118;S;ASSOCIAÇAO BUENO BRANDENSE DE PROTEÇAO A CRIANÇA;BUENO BRANDÃO/MG;RENOVACAO;S;;01/01/2025 a 31/12/2029;114;20;http://pesquisa.in.gov.br/imprensa/jsp/visualiza/index.jsp?data=22/06/2026&jornal=515&pagina=20;DOU_XML;Art. 2º Deferir as renovações de certificação de entidade beneficente de assistência social das seguintes entidades por atenderem os requisitos legais constante [...] 20) ASSOCIAÇAO BUENO BRANDENSE DE PROTEÇAO A CRIANÇA, 02.050.556/0001-18, BUENO BRANDÃO/MG, 308796.0908391/2024, de 01/01/2025 a 31/12/2029.
24056162#9;24056162;515_20260622_24056162.xml;2026-06-22;2026-06-11;PORTARIA Nº 85, DE 11 DE JUNHO DE 2026;Ministério do Desenvolvimento e Assistência Social, Família e Combate à Fome/Secretaria Nacional de Assistência Social/Departamento da Rede Socioassistencial Privada do Sistema Único de Assistência Social;ASSISTENCIA;05611472000102;S;ASSOCIAÇÃO CASA DA CRIANÇA DE SALTO;SALTO/SP;RENOVACAO;S;;01/01/2025 a 31/12/2029;114;20;http://pesquisa.in.gov.br/imprensa/jsp/visualiza/index.jsp?data=22/06/2026&jornal=515&pagina=20;DOU_XML;Art. 2º Deferir as renovações de certificação de entidade beneficente de assistência social das seguintes entidades por atenderem os requisitos legais constante [...] 21) ASSOCIAÇÃO CASA DA CRIANÇA DE SALTO, 05.611.472/0001-02, SALTO/SP, 308796.1006912/2024, de 01/01/2025 a 31/12/2029.
24056162#9;24056162;515_20260622_24056162.xml;2026-06-22;2026-06-11;PORTARIA Nº 85, DE 11 DE JUNHO DE 2026;Ministério do Desenvolvimento e Assistência Social, Família e Combate à Fome/Secretaria Nacional de Assistência Social/Departamento da Rede Socioassistencial Privada do Sistema Único de Assistência Social;ASSISTENCIA;06250462000143;S;ASSOCIAÇÃO CASA DE PASSAGEM DE SAPUCAIA DO SUL - ACAPASS;SAPUCAIA DO SUL/RS;RENOVACAO;S;;01/01/2025 a 31/12/2029;114;20;http://pesquisa.in.gov.br/imprensa/jsp/visualiza/index.jsp?data=22/06/2026&jornal=515&pagina=20;DOU_XML;Art. 2º Deferir as renovações de certificação de entidade beneficente de assistência social das seguintes entidades por atenderem os requisitos legais constante [...] 22) ASSOCIAÇÃO CASA DE PASSAGEM DE SAPUCAIA DO SUL - ACAPASS, 06.250.462/0001-43, SAPUCAIA DO SUL/RS, 235874.0351289/2022, de 01/01/2025 a 31/12/2029.
24056162#9;24056162;515_20260622_24056162.xml;2026-06-22;2026-06-11;PORTARIA Nº 85, DE 11 DE JUNHO DE 2026;Ministério do Desenvolvimento e Assistência Social, Família e Combate à Fome/Secretaria Nacional de Assistência Social/Departamento da Rede Socioassistencial Privada do Sistema Único de Assistência Social;ASSISTENCIA;02324072000110;S;ASSOCIAÇÃO CASA DO AMIGO;CACHOEIRA PAULISTA/SP;RENOVACAO;S;;01/01/2025 a 31/12/2029;114;20;http://pesquisa.in.gov.br/imprensa/jsp/visualiza/index.jsp?data=22/06/2026&jornal=515&pagina=20;DOU_XML;Art. 2º Deferir as renovações de certificação de entidade beneficente de assistência social das seguintes entidades por atenderem os requisitos legais constante [...] 23) ASSOCIAÇÃO CASA DO AMIGO, 02.324.072/0001-10, CACHOEIRA PAULISTA/SP, 308796.0991763/2024, de 01/01/2025 a 31/12/2029.
24056162#9;24056162;515_20260622_24056162.xml;2026-06-22;2026-06-11;PORTARIA Nº 85, DE 11 DE JUNHO DE 2026;Ministério do Desenvolvimento e Assistência Social, Família e Combate à Fome/Secretaria Nacional de Assistência Social/Departamento da Rede Socioassistencial Privada do Sistema Único de Assistência Social;ASSISTENCIA;21225776000180;S;ASSOCIACAO CHAPADENSE DE ASSISTENCIA AS NECESSIDADES DO TRABALHADOR E DA INFANCIA;CHAPADA DO NORTE/MG;RENOVACAO;S;;01/01/2024 a 31/12/2028;114;20;http://pesquisa.in.gov.br/imprensa/jsp/visualiza/index.jsp?data=22/06/2026&jornal=515&pagina=20;DOU_XML;Art. 2º Deferir as renovações de certificação de entidade beneficente de assistência social das seguintes entidades por atenderem os requisitos legais constante [...] 24) ASSOCIACAO CHAPADENSE DE ASSISTENCIA AS NECESSIDADES DO TRABALHADOR E DA INFANCIA, 21.225.776/0001-80, CHAPADA DO NORTE/MG, 308796.0776801/2023, de 01/01/2024 a 31/12/2028.
24056162#9;24056162;515_20260622_24056162.xml;2026-06-22;2026-06-11;PORTARIA Nº 85, DE 11 DE JUNHO DE 2026;Ministério do Desenvolvimento e Assistência Social, Família e Combate à Fome/Secretaria Nacional de Assistência Social/Departamento da Rede Socioassistencial Privada do Sistema Único de Assistência Social;ASSISTENCIA;58493909000109;S;ASSOCIAÇÃO COMUNITÁRIA DO PARQUE MANDY;SÃO PAULO/SP;RENOVACAO;S;;01/01/2025 a 31/12/2029;114;20;http://pesquisa.in.gov.br/imprensa/jsp/visualiza/index.jsp?data=22/06/2026&jornal=515&pagina=20;DOU_XML;Art. 2º Deferir as renovações de certificação de entidade beneficente de assistência social das seguintes entidades por atenderem os requisitos legais constante [...] 25) ASSOCIAÇÃO COMUNITÁRIA DO PARQUE MANDY, 58.493.909/0001-09, SÃO PAULO/SP, 308796.1037257/2024, de 01/01/2025 a 31/12/2029.
24056162#9;24056162;515_20260622_24056162.xml;2026-06-22;2026-06-11;PORTARIA Nº 85, DE 11 DE JUNHO DE 2026;Ministério do Desenvolvimento e Assistência Social, Família e Combate à Fome/Secretaria Nacional de Assistência Social/Departamento da Rede Socioassistencial Privada do Sistema Único de Assistência Social;ASSISTENCIA;06460554000158;S;ASSOCIAÇÃO DA CARIDADE SOCIAL MARANHÃO PIAUI;BACABAL/MA;RENOVACAO;S;;01/01/2024 a 31/12/2026;114;20;http://pesquisa.in.gov.br/imprensa/jsp/visualiza/index.jsp?data=22/06/2026&jornal=515&pagina=20;DOU_XML;Art. 2º Deferir as renovações de certificação de entidade beneficente de assistência social das seguintes entidades por atenderem os requisitos legais constante [...] 26) ASSOCIAÇÃO DA CARIDADE SOCIAL MARANHÃO PIAUI, 06.460.554/0001-58, BACABAL/MA, 308796.0682068/2023, de 01/01/2024 a 31/12/2026.
24056162#9;24056162;515_20260622_24056162.xml;2026-06-22;2026-06-11;PORTARIA Nº 85, DE 11 DE JUNHO DE 2026;Ministério do Desenvolvimento e Assistência Social, Família e Combate à Fome/Secretaria Nacional de Assistência Social/Departamento da Rede Socioassistencial Privada do Sistema Único de Assistência Social;ASSISTENCIA;04169928000155;S;ASSOCIAÇÃO DE AMIGOS DOS AUTISTAS DO PIAUI -AMA-PI;TERESINA/PI;RENOVACAO;S;;01/01/2024 a 31/12/2028;114;20;http://pesquisa.in.gov.br/imprensa/jsp/visualiza/index.jsp?data=22/06/2026&jornal=515&pagina=20;DOU_XML;Art. 2º Deferir as renovações de certificação de entidade beneficente de assistência social das seguintes entidades por atenderem os requisitos legais constante [...] 27) ASSOCIAÇÃO DE AMIGOS DOS AUTISTAS DO PIAUI -AMA-PI, 04.169.928/0001-55, TERESINA/PI, 308796.0809570/2023, de 01/01/2024 a 31/12/2028.
24056162#9;24056162;515_20260622_24056162.xml;2026-06-22;2026-06-11;PORTARIA Nº 85, DE 11 DE JUNHO DE 2026;Ministério do Desenvolvimento e Assistência Social, Família e Combate à Fome/Secretaria Nacional de Assistência Social/Departamento da Rede Socioassistencial Privada do Sistema Único de Assistência Social;ASSISTENCIA;73950362000117;S;ASSOCIAÇÃO DE APOIO À FAMÍLIA AO GRUPO E A COMUNIDADE SP;SÃO PAULO/SP;RENOVACAO;S;;01/01/2025 a 31/12/2027;114;20;http://pesquisa.in.gov.br/imprensa/jsp/visualiza/index.jsp?data=22/06/2026&jornal=515&pagina=20;DOU_XML;Art. 2º Deferir as renovações de certificação de entidade beneficente de assistência social das seguintes entidades por atenderem os requisitos legais constante [...] 28) ASSOCIAÇÃO DE APOIO À FAMÍLIA AO GRUPO E A COMUNIDADE SP, 73.950.362/0001-17, SÃO PAULO/SP, 308796.0985895/2024, de 01/01/2025 a 31/12/2027.
24056162#9;24056162;515_20260622_24056162.xml;2026-06-22;2026-06-11;PORTARIA Nº 85, DE 11 DE JUNHO DE 2026;Ministério do Desenvolvimento e Assistência Social, Família e Combate à Fome/Secretaria Nacional de Assistência Social/Departamento da Rede Socioassistencial Privada do Sistema Único de Assistência Social;ASSISTENCIA;21583075000112;S;ASSOCIACAO DE ASSISTENCIA SOCIAL PADRE JOAO EMILIO;JUIZ DE FORA/MG;RENOVACAO;S;;01/01/2025 a 31/12/2027;114;20;http://pesquisa.in.gov.br/imprensa/jsp/visualiza/index.jsp?data=22/06/2026&jornal=515&pagina=20;DOU_XML;Art. 2º Deferir as renovações de certificação de entidade beneficente de assistência social das seguintes entidades por atenderem os requisitos legais constante [...] 29) ASSOCIACAO DE ASSISTENCIA SOCIAL PADRE JOAO EMILIO, 21.583.075/0001-12, JUIZ DE FORA/MG, 308796.1102481/2024, de 01/01/2025 a 31/12/2027.
24056162#9;24056162;515_20260622_24056162.xml;2026-06-22;2026-06-11;PORTARIA Nº 85, DE 11 DE JUNHO DE 2026;Ministério do Desenvolvimento e Assistência Social, Família e Combate à Fome/Secretaria Nacional de Assistência Social/Departamento da Rede Socioassistencial Privada do Sistema Único de Assistência Social;ASSISTENCIA;23953730000102;S;ASSOCIAÇÃO DE CARIDADE DE POUSO ALEGRE;POUSO ALEGRE/MG;RENOVACAO;S;;01/01/2024 a 31/12/2026;114;20;http://pesquisa.in.gov.br/imprensa/jsp/visualiza/index.jsp?data=22/06/2026&jornal=515&pagina=20;DOU_XML;Art. 2º Deferir as renovações de certificação de entidade beneficente de assistência social das seguintes entidades por atenderem os requisitos legais constante [...] 30) ASSOCIAÇÃO DE CARIDADE DE POUSO ALEGRE, 23.953.730/0001-02, POUSO ALEGRE/MG, 308796.0809620/2023, de 01/01/2024 a 31/12/2026.
24056162#9;24056162;515_20260622_24056162.xml;2026-06-22;2026-06-11;PORTARIA Nº 85, DE 11 DE JUNHO DE 2026;Ministério do Desenvolvimento e Assistência Social, Família e Combate à Fome/Secretaria Nacional de Assistência Social/Departamento da Rede Socioassistencial Privada do Sistema Único de Assistência Social;ASSISTENCIA;16738827000137;S;ASSOCIAÇÃO DE ESTUDOS, PESQUISA E AUXÍLIO ÀS PESSOAS COM ALZHEIMER;GUARAPUAVA/PR;RENOVACAO;S;;01/01/2025 a 31/12/2029;114;20;http://pesquisa.in.gov.br/imprensa/jsp/visualiza/index.jsp?data=22/06/2026&jornal=515&pagina=20;DOU_XML;Art. 2º Deferir as renovações de certificação de entidade beneficente de assistência social das seguintes entidades por atenderem os requisitos legais constante [...] 31) ASSOCIAÇÃO DE ESTUDOS, PESQUISA E AUXÍLIO ÀS PESSOAS COM ALZHEIMER, 16.738.827/0001-37, GUARAPUAVA/PR, 308796.1068577/2024, de 01/01/2025 a 31/12/2029.
24056162#9;24056162;515_20260622_24056162.xml;2026-06-22;2026-06-11;PORTARIA Nº 85, DE 11 DE JUNHO DE 2026;Ministério do Desenvolvimento e Assistência Social, Família e Combate à Fome/Secretaria Nacional de Assistência Social/Departamento da Rede Socioassistencial Privada do Sistema Único de Assistência Social;ASSISTENCIA;00892178000194;S;ASSOCIACAO DE PAIS E AMIGOS DE EXCEPCIONAIS PALMEIRAS DE GOIÁS;PALMEIRAS DE GOIÁS/GO;RENOVACAO;S;;01/01/2025 a 31/12/2027;114;20;http://pesquisa.in.gov.br/imprensa/jsp/visualiza/index.jsp?data=22/06/2026&jornal=515&pagina=20;DOU_XML;Art. 2º Deferir as renovações de certificação de entidade beneficente de assistência social das seguintes entidades por atenderem os requisitos legais constante [...] 32) ASSOCIACAO DE PAIS E AMIGOS DE EXCEPCIONAIS PALMEIRAS DE GOIÁS, 00.892.178/0001-94, PALMEIRAS DE GOIÁS/GO, 308796.1004322/2024, de 01/01/2025 a 31/12/2027.
24056162#9;24056162;515_20260622_24056162.xml;2026-06-22;2026-06-11;PORTARIA Nº 85, DE 11 DE JUNHO DE 2026;Ministério do Desenvolvimento e Assistência Social, Família e Combate à Fome/Secretaria Nacional de Assistência Social/Departamento da Rede Socioassistencial Privada do Sistema Único de Assistência Social;ASSISTENCIA;06255071000111;S;ASSOCIAÇÃO DE PAIS E AMIGOS DO EXCEPCIONAIS DE ITAMBÉ;ITAMBÉ/PR;RENOVACAO;S;;01/01/2025 a 31/12/2029;114;20;http://pesquisa.in.gov.br/imprensa/jsp/visualiza/index.jsp?data=22/06/2026&jornal=515&pagina=20;DOU_XML;Art. 2º Deferir as renovações de certificação de entidade beneficente de assistência social das seguintes entidades por atenderem os requisitos legais constante [...] 33) ASSOCIAÇÃO DE PAIS E AMIGOS DO EXCEPCIONAIS DE ITAMBÉ, 06.255.071/0001-11, ITAMBÉ/PR, 308796.1037336/2024, de 01/01/2025 a 31/12/2029.
24056162#9;24056162;515_20260622_24056162.xml;2026-06-22;2026-06-11;PORTARIA Nº 85, DE 11 DE JUNHO DE 2026;Ministério do Desenvolvimento e Assistência Social, Família e Combate à Fome/Secretaria Nacional de Assistência Social/Departamento da Rede Socioassistencial Privada do Sistema Único de Assistência Social;ASSISTENCIA;80619661000139;S;ASSOCIACAO DE PAIS E AMIGOS DOS EXCEPCIONAI DE IPIRANGA;IPIRANGA/PR;RENOVACAO;S;;01/01/2025 a 31/12/2027;114;20;http://pesquisa.in.gov.br/imprensa/jsp/visualiza/index.jsp?data=22/06/2026&jornal=515&pagina=20;DOU_XML;Art. 2º Deferir as renovações de certificação de entidade beneficente de assistência social das seguintes entidades por atenderem os requisitos legais constante [...] 34) ASSOCIACAO DE PAIS E AMIGOS DOS EXCEPCIONAI DE IPIRANGA, 80.619.661/0001-39, IPIRANGA/PR, 308796.1030390/2024, de 01/01/2025 a 31/12/2027.
24056162#9;24056162;515_20260622_24056162.xml;2026-06-22;2026-06-11;PORTARIA Nº 85, DE 11 DE JUNHO DE 2026;Ministério do Desenvolvimento e Assistência Social, Família e Combate à Fome/Secretaria Nacional de Assistência Social/Departamento da Rede Socioassistencial Privada do Sistema Único de Assistência Social;ASSISTENCIA;16256083000114;S;ASSOCIAÇÃO DE PAIS E AMIGOS DOS EXCEPCIONAIS;JACOBINA/BA;RENOVACAO;S;;28/08/2024 a 27/08/2027;114;20;http://pesquisa.in.gov.br/imprensa/jsp/visualiza/index.jsp?data=22/06/2026&jornal=515&pagina=20;DOU_XML;Art. 2º Deferir as renovações de certificação de entidade beneficente de assistência social das seguintes entidades por atenderem os requisitos legais constante [...] 35) ASSOCIAÇÃO DE PAIS E AMIGOS DOS EXCEPCIONAIS, 16.256.083/0001-14, JACOBINA/BA, 308796.0904136/2024, de 28/08/2024 a 27/08/2027.
24056162#9;24056162;515_20260622_24056162.xml;2026-06-22;2026-06-11;PORTARIA Nº 85, DE 11 DE JUNHO DE 2026;Ministério do Desenvolvimento e Assistência Social, Família e Combate à Fome/Secretaria Nacional de Assistência Social/Departamento da Rede Socioassistencial Privada do Sistema Único de Assistência Social;ASSISTENCIA;21404397000157;S;ASSOCIAÇÃO DE PAIS E AMIGOS DOS EXCEPCIONAIS;LAMBARI/MG;RENOVACAO;S;;01/01/2024 a 31/12/2026;114;20;http://pesquisa.in.gov.br/imprensa/jsp/visualiza/index.jsp?data=22/06/2026&jornal=515&pagina=20;DOU_XML;Art. 2º Deferir as renovações de certificação de entidade beneficente de assistência social das seguintes entidades por atenderem os requisitos legais constante [...] 36) ASSOCIAÇÃO DE PAIS E AMIGOS DOS EXCEPCIONAIS, 21.404.397/0001-57, LAMBARI/MG, 308796.0721612/2023, de 01/01/2024 a 31/12/2026.
24056162#9;24056162;515_20260622_24056162.xml;2026-06-22;2026-06-11;PORTARIA Nº 85, DE 11 DE JUNHO DE 2026;Ministério do Desenvolvimento e Assistência Social, Família e Combate à Fome/Secretaria Nacional de Assistência Social/Departamento da Rede Socioassistencial Privada do Sistema Único de Assistência Social;ASSISTENCIA;17759168000188;S;ASSOCIAÇÃO DE PAIS E AMIGOS DOS EXCEPCIONAIS;UBÁ/MG;RENOVACAO;S;;01/01/2025 a 31/12/2027;114;20;http://pesquisa.in.gov.br/imprensa/jsp/visualiza/index.jsp?data=22/06/2026&jornal=515&pagina=20;DOU_XML;Art. 2º Deferir as renovações de certificação de entidade beneficente de assistência social das seguintes entidades por atenderem os requisitos legais constante [...] 37) ASSOCIAÇÃO DE PAIS E AMIGOS DOS EXCEPCIONAIS, 17.759.168/0001-88, UBÁ/MG, 308796.1044620/2024, de 01/01/2025 a 31/12/2027.
24056162#9;24056162;515_20260622_24056162.xml;2026-06-22;2026-06-11;PORTARIA Nº 85, DE 11 DE JUNHO DE 2026;Ministério do Desenvolvimento e Assistência Social, Família e Combate à Fome/Secretaria Nacional de Assistência Social/Departamento da Rede Socioassistencial Privada do Sistema Único de Assistência Social;ASSISTENCIA;76716026000100;S;ASSOCIAÇÃO DE PAIS E AMIGOS DOS EXCEPCIONAIS;SÃO CARLOS DO IVAÍ/PR;RENOVACAO;S;;01/01/2025 a 31/12/2027;114;20;http://pesquisa.in.gov.br/imprensa/jsp/visualiza/index.jsp?data=22/06/2026&jornal=515&pagina=20;DOU_XML;Art. 2º Deferir as renovações de certificação de entidade beneficente de assistência social das seguintes entidades por atenderem os requisitos legais constante [...] 38) ASSOCIAÇÃO DE PAIS E AMIGOS DOS EXCEPCIONAIS, 76.716.026/0001-00, SÃO CARLOS DO IVAÍ/PR, 308796.1007479/2024, de 01/01/2025 a 31/12/2027.
24056162#9;24056162;515_20260622_24056162.xml;2026-06-22;2026-06-11;PORTARIA Nº 85, DE 11 DE JUNHO DE 2026;Ministério do Desenvolvimento e Assistência Social, Família e Combate à Fome/Secretaria Nacional de Assistência Social/Departamento da Rede Socioassistencial Privada do Sistema Único de Assistência Social;ASSISTENCIA;30398556000149;S;ASSOCIAÇÃO DE PAIS E AMIGOS DOS EXCEPCIONAIS;BOM JESUS DO ITABAPOANA/RJ;RENOVACAO;S;;18/12/2024 a 17/12/2027;114;20;http://pesquisa.in.gov.br/imprensa/jsp/visualiza/index.jsp?data=22/06/2026&jornal=515&pagina=20;DOU_XML;Art. 2º Deferir as renovações de certificação de entidade beneficente de assistência social das seguintes entidades por atenderem os requisitos legais constante [...] 39) ASSOCIAÇÃO DE PAIS E AMIGOS DOS EXCEPCIONAIS, 30.398.556/0001-49, BOM JESUS DO ITABAPOANA/RJ, 308796.1025686/2024, de 18/12/2024 a 17/12/2027.
24056162#9;24056162;515_20260622_24056162.xml;2026-06-22;2026-06-11;PORTARIA Nº 85, DE 11 DE JUNHO DE 2026;Ministério do Desenvolvimento e Assistência Social, Família e Combate à Fome/Secretaria Nacional de Assistência Social/Departamento da Rede Socioassistencial Privada do Sistema Único de Assistência Social;ASSISTENCIA;07383677000103;S;ASSOCIAÇÃO DE PAIS E AMIGOS DOS EXCEPCIONAIS;TERRA DE AREIA/RS;RENOVACAO;S;;01/01/2025 a 31/12/2029;114;20;http://pesquisa.in.gov.br/imprensa/jsp/visualiza/index.jsp?data=22/06/2026&jornal=515&pagina=20;DOU_XML;Art. 2º Deferir as renovações de certificação de entidade beneficente de assistência social das seguintes entidades por atenderem os requisitos legais constante [...] 40) ASSOCIAÇÃO DE PAIS E AMIGOS DOS EXCEPCIONAIS, 07.383.677/0001-03, TERRA DE AREIA/RS, 308796.1051747/2024, de 01/01/2025 a 31/12/2029.
24056162#9;24056162;515_20260622_24056162.xml;2026-06-22;2026-06-11;PORTARIA Nº 85, DE 11 DE JUNHO DE 2026;Ministério do Desenvolvimento e Assistência Social, Família e Combate à Fome/Secretaria Nacional de Assistência Social/Departamento da Rede Socioassistencial Privada do Sistema Único de Assistência Social;ASSISTENCIA;01978047000197;S;ASSOCIAÇÃO DE PAIS E AMIGOS DOS EXCEPCIONAIS;BOCAINA/SP;RENOVACAO;S;;26/01/2025 a 25/01/2030;114;20;http://pesquisa.in.gov.br/imprensa/jsp/visualiza/index.jsp?data=22/06/2026&jornal=515&pagina=20;DOU_XML;Art. 2º Deferir as renovações de certificação de entidade beneficente de assistência social das seguintes entidades por atenderem os requisitos legais constante [...] 41) ASSOCIAÇÃO DE PAIS E AMIGOS DOS EXCEPCIONAIS, 01.978.047/0001-97, BOCAINA/SP, 308796.0888436/2024, de 26/01/2025 a 25/01/2030.
24056162#9;24056162;515_20260622_24056162.xml;2026-06-22;2026-06-11;PORTARIA Nº 85, DE 11 DE JUNHO DE 2026;Ministério do Desenvolvimento e Assistência Social, Família e Combate à Fome/Secretaria Nacional de Assistência Social/Departamento da Rede Socioassistencial Privada do Sistema Único de Assistência Social;ASSISTENCIA;51840999000118;S;ASSOCIAÇÃO DE PAIS E AMIGOS DOS EXCEPCIONAIS;JOSÉ BONIFÁCIO/SP;RENOVACAO;S;;01/01/2025 a 31/12/2027;114;20;http://pesquisa.in.gov.br/imprensa/jsp/visualiza/index.jsp?data=22/06/2026&jornal=515&pagina=20;DOU_XML;Art. 2º Deferir as renovações de certificação de entidade beneficente de assistência social das seguintes entidades por atenderem os requisitos legais constante [...] 42) ASSOCIAÇÃO DE PAIS E AMIGOS DOS EXCEPCIONAIS, 51.840.999/0001-18, JOSÉ BONIFÁCIO/SP, 308796.0948365/2024, de 01/01/2025 a 31/12/2027.
24056162#9;24056162;515_20260622_24056162.xml;2026-06-22;2026-06-11;PORTARIA Nº 85, DE 11 DE JUNHO DE 2026;Ministério do Desenvolvimento e Assistência Social, Família e Combate à Fome/Secretaria Nacional de Assistência Social/Departamento da Rede Socioassistencial Privada do Sistema Único de Assistência Social;ASSISTENCIA;88276258000166;S;ASSOCIAÇÃO DE PAIS E AMIGOS DOS EXCEPCIONAIS;ENCRUZILHADA DO SUL/RS;RENOVACAO;S;;01/01/2025 a 31/12/2029;114;20;http://pesquisa.in.gov.br/imprensa/jsp/visualiza/index.jsp?data=22/06/2026&jornal=515&pagina=20;DOU_XML;Art. 2º Deferir as renovações de certificação de entidade beneficente de assistência social das seguintes entidades por atenderem os requisitos legais constante [...] 43) ASSOCIAÇÃO DE PAIS E AMIGOS DOS EXCEPCIONAIS, 88.276.258/0001-66, ENCRUZILHADA DO SUL/RS, 308796.0974703/2024, de 01/01/2025 a 31/12/2029.
24056162#9;24056162;515_20260622_24056162.xml;2026-06-22;2026-06-11;PORTARIA Nº 85, DE 11 DE JUNHO DE 2026;Ministério do Desenvolvimento e Assistência Social, Família e Combate à Fome/Secretaria Nacional de Assistência Social/Departamento da Rede Socioassistencial Privada do Sistema Único de Assistência Social;ASSISTENCIA;83009720000145;S;ASSOCIAÇÃO DE PAIS E AMIGOS DOS EXCEPCIONAIS - APAE DE XANXERÊ SC;XANXERÊ/SC;RENOVACAO;S;;01/01/2025 a 31/12/2027;114;20;http://pesquisa.in.gov.br/imprensa/jsp/visualiza/index.jsp?data=22/06/2026&jornal=515&pagina=20;DOU_XML;Art. 2º Deferir as renovações de certificação de entidade beneficente de assistência social das seguintes entidades por atenderem os requisitos legais constante [...] 44) ASSOCIAÇÃO DE PAIS E AMIGOS DOS EXCEPCIONAIS - APAE DE XANXERÊ SC, 83.009.720/0001-45, XANXERÊ/SC, 308796.0819642/2024, de 01/01/2025 a 31/12/2027.
24056162#9;24056162;515_20260622_24056162.xml;2026-06-22;2026-06-11;PORTARIA Nº 85, DE 11 DE JUNHO DE 2026;Ministério do Desenvolvimento e Assistência Social, Família e Combate à Fome/Secretaria Nacional de Assistência Social/Departamento da Rede Socioassistencial Privada do Sistema Único de Assistência Social;ASSISTENCIA;83453183000128;S;ASSOCIAÇÃO DE PAIS E AMIGOS DOS EXCEPCIONAIS - APAE DE CURITIBANOS;CURITIBANOS/SC;RENOVACAO;S;;01/01/2024 a 31/12/2026;114;20;http://pesquisa.in.gov.br/imprensa/jsp/visualiza/index.jsp?data=22/06/2026&jornal=515&pagina=20;DOU_XML;Art. 2º Deferir as renovações de certificação de entidade beneficente de assistência social das seguintes entidades por atenderem os requisitos legais constante [...] 45) ASSOCIAÇÃO DE PAIS E AMIGOS DOS EXCEPCIONAIS - APAE DE CURITIBANOS, 83.453.183/0001-28, CURITIBANOS/SC, 308796.0806291/2023, de 01/01/2024 a 31/12/2026.
24056162#9;24056162;515_20260622_24056162.xml;2026-06-22;2026-06-11;PORTARIA Nº 85, DE 11 DE JUNHO DE 2026;Ministério do Desenvolvimento e Assistência Social, Família e Combate à Fome/Secretaria Nacional de Assistência Social/Departamento da Rede Socioassistencial Privada do Sistema Único de Assistência Social;ASSISTENCIA;07793799000160;S;ASSOCIAÇÃO DE PAIS E AMIGOS DOS EXCEPCIONAIS - APAE DE DOM VIÇOSO;DOM VIÇOSO/MG;RENOVACAO;S;;01/01/2025 a 31/12/2029;114;20;http://pesquisa.in.gov.br/imprensa/jsp/visualiza/index.jsp?data=22/06/2026&jornal=515&pagina=20;DOU_XML;Art. 2º Deferir as renovações de certificação de entidade beneficente de assistência social das seguintes entidades por atenderem os requisitos legais constante [...] 46) ASSOCIAÇÃO DE PAIS E AMIGOS DOS EXCEPCIONAIS - APAE DE DOM VIÇOSO, 07.793.799/0001-60, DOM VIÇOSO/MG, 308796.1089591/2024, de 01/01/2025 a 31/12/2029.
24056162#9;24056162;515_20260622_24056162.xml;2026-06-22;2026-06-11;PORTARIA Nº 85, DE 11 DE JUNHO DE 2026;Ministério do Desenvolvimento e Assistência Social, Família e Combate à Fome/Secretaria Nacional de Assistência Social/Departamento da Rede Socioassistencial Privada do Sistema Único de Assistência Social;ASSISTENCIA;00497170000123;S;ASSOCIAÇÃO DE PAIS E AMIGOS DOS EXCEPCIONAIS - ESPAÇO CRIADOR;CHAPADA/RS;RENOVACAO;S;;01/01/2025 a 31/12/2029;114;20;http://pesquisa.in.gov.br/imprensa/jsp/visualiza/index.jsp?data=22/06/2026&jornal=515&pagina=20;DOU_XML;Art. 2º Deferir as renovações de certificação de entidade beneficente de assistência social das seguintes entidades por atenderem os requisitos legais constante [...] 47) ASSOCIAÇÃO DE PAIS E AMIGOS DOS EXCEPCIONAIS - ESPAÇO CRIADOR, 00.497.170/0001-23, CHAPADA/RS, 308796.0928672/2024, de 01/01/2025 a 31/12/2029.
24056162#9;24056162;515_20260622_24056162.xml;2026-06-22;2026-06-11;PORTARIA Nº 85, DE 11 DE JUNHO DE 2026;Ministério do Desenvolvimento e Assistência Social, Família e Combate à Fome/Secretaria Nacional de Assistência Social/Departamento da Rede Socioassistencial Privada do Sistema Único de Assistência Social;ASSISTENCIA;75203687000161;S;ASSOCIAÇÃO DE PAIS E AMIGOS DOS EXCEPCIONAIS APAE;CAMBÉ/PR;RENOVACAO;S;;01/01/2025 a 31/12/2027;114;20;http://pesquisa.in.gov.br/imprensa/jsp/visualiza/index.jsp?data=22/06/2026&jornal=515&pagina=20;DOU_XML;Art. 2º Deferir as renovações de certificação de entidade beneficente de assistência social das seguintes entidades por atenderem os requisitos legais constante [...] 48) ASSOCIAÇÃO DE PAIS E AMIGOS DOS EXCEPCIONAIS APAE, 75.203.687/0001-61, CAMBÉ/PR, 308796.1067067/2024, de 01/01/2025 a 31/12/2027.
24056162#9;24056162;515_20260622_24056162.xml;2026-06-22;2026-06-11;PORTARIA Nº 85, DE 11 DE JUNHO DE 2026;Ministério do Desenvolvimento e Assistência Social, Família e Combate à Fome/Secretaria Nacional de Assistência Social/Departamento da Rede Socioassistencial Privada do Sistema Único de Assistência Social;ASSISTENCIA;80884331000170;S;ASSOCIACAO DE PAIS E AMIGOS DOS EXCEPCIONAIS DE AMPERE;AMPÉRE/PR;RENOVACAO;S;;01/01/2025 a 31/12/2027;114;20;http://pesquisa.in.gov.br/imprensa/jsp/visualiza/index.jsp?data=22/06/2026&jornal=515&pagina=20;DOU_XML;Art. 2º Deferir as renovações de certificação de entidade beneficente de assistência social das seguintes entidades por atenderem os requisitos legais constante [...] 49) ASSOCIACAO DE PAIS E AMIGOS DOS EXCEPCIONAIS DE AMPERE, 80.884.331/0001-70, AMPÉRE/PR, 308796.1077103/2024, de 01/01/2025 a 31/12/2027.
24056162#9;24056162;515_20260622_24056162.xml;2026-06-22;2026-06-11;PORTARIA Nº 85, DE 11 DE JUNHO DE 2026;Ministério do Desenvolvimento e Assistência Social, Família e Combate à Fome/Secretaria Nacional de Assistência Social/Departamento da Rede Socioassistencial Privada do Sistema Único de Assistência Social;ASSISTENCIA;76698380000141;S;ASSOCIAÇÃO DE PAIS E AMIGOS DOS EXCEPCIONAIS DE BALNEÁRIO CAMBORIÚ - APAE;BALNEÁRIO CAMBORIÚ/SC;RENOVACAO;S;;01/01/2025 a 31/12/2027;114;20;http://pesquisa.in.gov.br/imprensa/jsp/visualiza/index.jsp?data=22/06/2026&jornal=515&pagina=20;DOU_XML;Art. 2º Deferir as renovações de certificação de entidade beneficente de assistência social das seguintes entidades por atenderem os requisitos legais constante [...] 50) ASSOCIAÇÃO DE PAIS E AMIGOS DOS EXCEPCIONAIS DE BALNEÁRIO CAMBORIÚ - APAE, 76.698.380/0001-41, BALNEÁRIO CAMBORIÚ/SC, 308796.1030552/2024, de 01/01/2025 a 31/12/2027.
24056162#9;24056162;515_20260622_24056162.xml;2026-06-22;2026-06-11;PORTARIA Nº 85, DE 11 DE JUNHO DE 2026;Ministério do Desenvolvimento e Assistência Social, Família e Combate à Fome/Secretaria Nacional de Assistência Social/Departamento da Rede Socioassistencial Privada do Sistema Único de Assistência Social;ASSISTENCIA;01150287000107;S;ASSOCIAÇÃO DE PAIS E AMIGOS DOS EXCEPCIONAIS DE C.RICA;COSTA RICA/MS;RENOVACAO;S;;01/01/2025 a 31/12/2029;114;20;http://pesquisa.in.gov.br/imprensa/jsp/visualiza/index.jsp?data=22/06/2026&jornal=515&pagina=20;DOU_XML;Art. 2º Deferir as renovações de certificação de entidade beneficente de assistência social das seguintes entidades por atenderem os requisitos legais constante [...] 51) ASSOCIAÇÃO DE PAIS E AMIGOS DOS EXCEPCIONAIS DE C.RICA, 01.150.287/0001-07, COSTA RICA/MS, 308796.0938702/2024, de 01/01/2025 a 31/12/2029.
24056162#9;24056162;515_20260622_24056162.xml;2026-06-22;2026-06-11;PORTARIA Nº 85, DE 11 DE JUNHO DE 2026;Ministério do Desenvolvimento e Assistência Social, Família e Combate à Fome/Secretaria Nacional de Assistência Social/Departamento da Rede Socioassistencial Privada do Sistema Único de Assistência Social;ASSISTENCIA;08726034000170;S;ASSOCIAÇÃO DE PAIS E AMIGOS DOS EXCEPCIONAIS DE CAMPINA DO SIMÃO APAE;CAMPINA DO SIMÃO/PR;RENOVACAO;S;;01/01/2025 a 31/12/2029;114;20;http://pesquisa.in.gov.br/imprensa/jsp/visualiza/index.jsp?data=22/06/2026&jornal=515&pagina=20;DOU_XML;Art. 2º Deferir as renovações de certificação de entidade beneficente de assistência social das seguintes entidades por atenderem os requisitos legais constante [...] 52) ASSOCIAÇÃO DE PAIS E AMIGOS DOS EXCEPCIONAIS DE CAMPINA DO SIMÃO APAE, 08.726.034/0001-70, CAMPINA DO SIMÃO/PR, 308796.1052261/2024, de 01/01/2025 a 31/12/2029.
24056162#9;24056162;515_20260622_24056162.xml;2026-06-22;2026-06-11;PORTARIA Nº 85, DE 11 DE JUNHO DE 2026;Ministério do Desenvolvimento e Assistência Social, Família e Combate à Fome/Secretaria Nacional de Assistência Social/Departamento da Rede Socioassistencial Privada do Sistema Único de Assistência Social;ASSISTENCIA;20875308000198;S;ASSOCIAÇÃO DE PAIS E AMIGOS DOS EXCEPCIONAIS DE CAMPO BELO;CAMPO BELO/MG;RENOVACAO;S;;01/01/2025 a 31/12/2027;114;20;http://pesquisa.in.gov.br/imprensa/jsp/visualiza/index.jsp?data=22/06/2026&jornal=515&pagina=20;DOU_XML;Art. 2º Deferir as renovações de certificação de entidade beneficente de assistência social das seguintes entidades por atenderem os requisitos legais constante [...] 53) ASSOCIAÇÃO DE PAIS E AMIGOS DOS EXCEPCIONAIS DE CAMPO BELO, 20.875.308/0001-98, CAMPO BELO/MG, 308796.1036636/2024, de 01/01/2025 a 31/12/2027.
24056162#9;24056162;515_20260622_24056162.xml;2026-06-22;2026-06-11;PORTARIA Nº 85, DE 11 DE JUNHO DE 2026;Ministério do Desenvolvimento e Assistência Social, Família e Combate à Fome/Secretaria Nacional de Assistência Social/Departamento da Rede Socioassistencial Privada do Sistema Único de Assistência Social;ASSISTENCIA;92452119000113;S;ASSOCIACAO DE PAIS E AMIGOS DOS EXCEPCIONAIS DE CASCA;CASCA/RS;RENOVACAO;S;;10/11/2024 a 09/11/2027;114;20;http://pesquisa.in.gov.br/imprensa/jsp/visualiza/index.jsp?data=22/06/2026&jornal=515&pagina=20;DOU_XML;Art. 2º Deferir as renovações de certificação de entidade beneficente de assistência social das seguintes entidades por atenderem os requisitos legais constante [...] 54) ASSOCIACAO DE PAIS E AMIGOS DOS EXCEPCIONAIS DE CASCA, 92.452.119/0001-13, CASCA/RS, 308796.1022614/2024, de 10/11/2024 a 09/11/2027.
24056162#9;24056162;515_20260622_24056162.xml;2026-06-22;2026-06-11;PORTARIA Nº 85, DE 11 DE JUNHO DE 2026;Ministério do Desenvolvimento e Assistência Social, Família e Combate à Fome/Secretaria Nacional de Assistência Social/Departamento da Rede Socioassistencial Privada do Sistema Único de Assistência Social;ASSISTENCIA;78973021000180;S;ASSOCIAÇÃO DE PAIS E AMIGOS DOS EXCEPCIONAIS DE CENTENÁRIO DO SUL;CENTENÁRIO DO SUL/PR;RENOVACAO;S;;01/01/2025 a 31/12/2027;114;20;http://pesquisa.in.gov.br/imprensa/jsp/visualiza/index.jsp?data=22/06/2026&jornal=515&pagina=20;DOU_XML;Art. 2º Deferir as renovações de certificação de entidade beneficente de assistência social das seguintes entidades por atenderem os requisitos legais constante [...] 55) ASSOCIAÇÃO DE PAIS E AMIGOS DOS EXCEPCIONAIS DE CENTENÁRIO DO SUL, 78.973.021/0001-80, CENTENÁRIO DO SUL/PR, 308796.1070120/2024, de 01/01/2025 a 31/12/2027.
24056162#9;24056162;515_20260622_24056162.xml;2026-06-22;2026-06-11;PORTARIA Nº 85, DE 11 DE JUNHO DE 2026;Ministério do Desenvolvimento e Assistência Social, Família e Combate à Fome/Secretaria Nacional de Assistência Social/Departamento da Rede Socioassistencial Privada do Sistema Único de Assistência Social;ASSISTENCIA;37541513000110;S;ASSOCIAÇÃO DE PAIS E AMIGOS DOS EXCEPCIONAIS DE CHAPADÃO DO SUL;CHAPADÃO DO SUL/MS;RENOVACAO;S;;01/01/2025 a 31/12/2027;114;20;http://pesquisa.in.gov.br/imprensa/jsp/visualiza/index.jsp?data=22/06/2026&jornal=515&pagina=20;DOU_XML;Art. 2º Deferir as renovações de certificação de entidade beneficente de assistência social das seguintes entidades por atenderem os requisitos legais constante [...] 56) ASSOCIAÇÃO DE PAIS E AMIGOS DOS EXCEPCIONAIS DE CHAPADÃO DO SUL, 37.541.513/0001-10, CHAPADÃO DO SUL/MS, 308796.0909198/2024, de 01/01/2025 a 31/12/2027.
24056162#9;24056162;515_20260622_24056162.xml;2026-06-22;2026-06-11;PORTARIA Nº 85, DE 11 DE JUNHO DE 2026;Ministério do Desenvolvimento e Assistência Social, Família e Combate à Fome/Secretaria Nacional de Assistência Social/Departamento da Rede Socioassistencial Privada do Sistema Único de Assistência Social;ASSISTENCIA;03380445000132;S;ASSOCIAÇÃO DE PAIS E AMIGOS DOS EXCEPCIONAIS DE CRAVINHOS;CRAVINHOS/SP;RENOVACAO;S;;01/01/2025 a 31/12/2027;114;20;http://pesquisa.in.gov.br/imprensa/jsp/visualiza/index.jsp?data=22/06/2026&jornal=515&pagina=20;DOU_XML;Art. 2º Deferir as renovações de certificação de entidade beneficente de assistência social das seguintes entidades por atenderem os requisitos legais constante [...] 57) ASSOCIAÇÃO DE PAIS E AMIGOS DOS EXCEPCIONAIS DE CRAVINHOS, 03.380.445/0001-32, CRAVINHOS/SP, 308796.0918441/2024, de 01/01/2025 a 31/12/2027.
24056162#9;24056162;515_20260622_24056162.xml;2026-06-22;2026-06-11;PORTARIA Nº 85, DE 11 DE JUNHO DE 2026;Ministério do Desenvolvimento e Assistência Social, Família e Combate à Fome/Secretaria Nacional de Assistência Social/Departamento da Rede Socioassistencial Privada do Sistema Único de Assistência Social;ASSISTENCIA;87843892000170;S;ASSOCIAÇÃO DE PAIS E AMIGOS DOS EXCEPCIONAIS DE FLORES DA CUNHA;FLORES DA CUNHA/RS;RENOVACAO;S;;01/01/2024 a 31/12/2026;114;20;http://pesquisa.in.gov.br/imprensa/jsp/visualiza/index.jsp?data=22/06/2026&jornal=515&pagina=20;DOU_XML;Art. 2º Deferir as renovações de certificação de entidade beneficente de assistência social das seguintes entidades por atenderem os requisitos legais constante [...] 58) ASSOCIAÇÃO DE PAIS E AMIGOS DOS EXCEPCIONAIS DE FLORES DA CUNHA, 87.843.892/0001-70, FLORES DA CUNHA/RS, 308796.0667879/2023, de 01/01/2024 a 31/12/2026.
24056162#9;24056162;515_20260622_24056162.xml;2026-06-22;2026-06-11;PORTARIA Nº 85, DE 11 DE JUNHO DE 2026;Ministério do Desenvolvimento e Assistência Social, Família e Combate à Fome/Secretaria Nacional de Assistência Social/Departamento da Rede Socioassistencial Privada do Sistema Único de Assistência Social;ASSISTENCIA;05606034000148;S;ASSOCIACAO DE PAIS E AMIGOS DOS EXCEPCIONAIS DE HONORIO SERPA - APAE;HONÓRIO SERPA/PR;RENOVACAO;S;;01/01/2025 a 31/12/2029;114;20;http://pesquisa.in.gov.br/imprensa/jsp/visualiza/index.jsp?data=22/06/2026&jornal=515&pagina=20;DOU_XML;Art. 2º Deferir as renovações de certificação de entidade beneficente de assistência social das seguintes entidades por atenderem os requisitos legais constante [...] 59) ASSOCIACAO DE PAIS E AMIGOS DOS EXCEPCIONAIS DE HONORIO SERPA - APAE, 05.606.034/0001-48, HONÓRIO SERPA/PR, 308796.1074074/2024, de 01/01/2025 a 31/12/2029.
24056162#9;24056162;515_20260622_24056162.xml;2026-06-22;2026-06-11;PORTARIA Nº 85, DE 11 DE JUNHO DE 2026;Ministério do Desenvolvimento e Assistência Social, Família e Combate à Fome/Secretaria Nacional de Assistência Social/Departamento da Rede Socioassistencial Privada do Sistema Único de Assistência Social;ASSISTENCIA;28918068000173;S;ASSOCIAÇÃO DE PAIS E AMIGOS DOS EXCEPCIONAIS DE ITAPERUNA;ITAPERUNA/RJ;RENOVACAO;S;;01/01/2025 a 31/12/2027;114;20;http://pesquisa.in.gov.br/imprensa/jsp/visualiza/index.jsp?data=22/06/2026&jornal=515&pagina=20;DOU_XML;Art. 2º Deferir as renovações de certificação de entidade beneficente de assistência social das seguintes entidades por atenderem os requisitos legais constante [...] 60) ASSOCIAÇÃO DE PAIS E AMIGOS DOS EXCEPCIONAIS DE ITAPERUNA, 28.918.068/0001-73, ITAPERUNA/RJ, 308796.0816139/2024, de 01/01/2025 a 31/12/2027.
24056162#9;24056162;515_20260622_24056162.xml;2026-06-22;2026-06-11;PORTARIA Nº 85, DE 11 DE JUNHO DE 2026;Ministério do Desenvolvimento e Assistência Social, Família e Combate à Fome/Secretaria Nacional de Assistência Social/Departamento da Rede Socioassistencial Privada do Sistema Único de Assistência Social;ASSISTENCIA;44490464000107;S;ASSOCIAÇÃO DE PAIS E AMIGOS DOS EXCEPCIONAIS DE ITÁPOLIS;ITÁPOLIS/SP;RENOVACAO;S;;01/01/2025 a 31/12/2027;114;20;http://pesquisa.in.gov.br/imprensa/jsp/visualiza/index.jsp?data=22/06/2026&jornal=515&pagina=20;DOU_XML;Art. 2º Deferir as renovações de certificação de entidade beneficente de assistência social das seguintes entidades por atenderem os requisitos legais constante [...] 61) ASSOCIAÇÃO DE PAIS E AMIGOS DOS EXCEPCIONAIS DE ITÁPOLIS, 44.490.464/0001-07, ITÁPOLIS/SP, 308796.0899843/2024, de 01/01/2025 a 31/12/2027.
24056162#9;24056162;515_20260622_24056162.xml;2026-06-22;2026-06-11;PORTARIA Nº 85, DE 11 DE JUNHO DE 2026;Ministério do Desenvolvimento e Assistência Social, Família e Combate à Fome/Secretaria Nacional de Assistência Social/Departamento da Rede Socioassistencial Privada do Sistema Único de Assistência Social;ASSISTENCIA;50343177000169;S;ASSOCIAÇÃO DE PAIS E AMIGOS DOS EXCEPCIONAIS DE ITARARÉ;ITARARÉ/SP;RENOVACAO;S;;01/01/2025 a 31/12/2027;114;20;http://pesquisa.in.gov.br/imprensa/jsp/visualiza/index.jsp?data=22/06/2026&jornal=515&pagina=20;DOU_XML;Art. 2º Deferir as renovações de certificação de entidade beneficente de assistência social das seguintes entidades por atenderem os requisitos legais constante [...] 62) ASSOCIAÇÃO DE PAIS E AMIGOS DOS EXCEPCIONAIS DE ITARARÉ, 50.343.177/0001-69, ITARARÉ/SP, 308796.1092941/2024, de 01/01/2025 a 31/12/2027.
24056162#9;24056162;515_20260622_24056162.xml;2026-06-22;2026-06-11;PORTARIA Nº 85, DE 11 DE JUNHO DE 2026;Ministério do Desenvolvimento e Assistência Social, Família e Combate à Fome/Secretaria Nacional de Assistência Social/Departamento da Rede Socioassistencial Privada do Sistema Único de Assistência Social;ASSISTENCIA;78276847000190;S;ASSOCIAÇÃO DE PAIS E AMIGOS DOS EXCEPCIONAIS DE IVAIPORÃ;IVAIPORÃ/PR;RENOVACAO;S;;01/01/2025 a 31/12/2027;114;20;http://pesquisa.in.gov.br/imprensa/jsp/visualiza/index.jsp?data=22/06/2026&jornal=515&pagina=20;DOU_XML;Art. 2º Deferir as renovações de certificação de entidade beneficente de assistência social das seguintes entidades por atenderem os requisitos legais constante [...] 63) ASSOCIAÇÃO DE PAIS E AMIGOS DOS EXCEPCIONAIS DE IVAIPORÃ, 78.276.847/0001-90, IVAIPORÃ/PR, 308796.1094437/2024, de 01/01/2025 a 31/12/2027.
24056162#9;24056162;515_20260622_24056162.xml;2026-06-22;2026-06-11;PORTARIA Nº 85, DE 11 DE JUNHO DE 2026;Ministério do Desenvolvimento e Assistência Social, Família e Combate à Fome/Secretaria Nacional de Assistência Social/Departamento da Rede Socioassistencial Privada do Sistema Único de Assistência Social;ASSISTENCIA;00662901000149;S;ASSOCIAÇÃO DE PAIS E AMIGOS DOS EXCEPCIONAIS DE MANTENA - APAE;MANTENA/MG;RENOVACAO;S;;01/01/2025 a 31/12/2027;114;20;http://pesquisa.in.gov.br/imprensa/jsp/visualiza/index.jsp?data=22/06/2026&jornal=515&pagina=20;DOU_XML;Art. 2º Deferir as renovações de certificação de entidade beneficente de assistência social das seguintes entidades por atenderem os requisitos legais constante [...] 64) ASSOCIAÇÃO DE PAIS E AMIGOS DOS EXCEPCIONAIS DE MANTENA - APAE, 00.662.901/0001-49, MANTENA/MG, 308796.1074947/2024, de 01/01/2025 a 31/12/2027.
24056162#9;24056162;515_20260622_24056162.xml;2026-06-22;2026-06-11;PORTARIA Nº 85, DE 11 DE JUNHO DE 2026;Ministério do Desenvolvimento e Assistência Social, Família e Combate à Fome/Secretaria Nacional de Assistência Social/Departamento da Rede Socioassistencial Privada do Sistema Único de Assistência Social;ASSISTENCIA;90779752000195;S;ASSOCIAÇÃO DE PAIS E AMIGOS DOS EXCEPCIONAIS DE MARAU RS;MARAU/RS;RENOVACAO;S;;01/01/2025 a 31/12/2027;114;20;http://pesquisa.in.gov.br/imprensa/jsp/visualiza/index.jsp?data=22/06/2026&jornal=515&pagina=20;DOU_XML;Art. 2º Deferir as renovações de certificação de entidade beneficente de assistência social das seguintes entidades por atenderem os requisitos legais constante [...] 65) ASSOCIAÇÃO DE PAIS E AMIGOS DOS EXCEPCIONAIS DE MARAU RS, 90.779.752/0001-95, MARAU/RS, 308796.1008296/2024, de 01/01/2025 a 31/12/2027.
24056162#9;24056162;515_20260622_24056162.xml;2026-06-22;2026-06-11;PORTARIA Nº 85, DE 11 DE JUNHO DE 2026;Ministério do Desenvolvimento e Assistência Social, Família e Combate à Fome/Secretaria Nacional de Assistência Social/Departamento da Rede Socioassistencial Privada do Sistema Único de Assistência Social;ASSISTENCIA;80299480000172;S;ASSOCIAÇÃO DE PAIS E AMIGOS DOS EXCEPCIONAIS DE MATINHOS;MATINHOS/PR;RENOVACAO;S;;01/01/2025 a 31/12/2027;114;20;http://pesquisa.in.gov.br/imprensa/jsp/visualiza/index.jsp?data=22/06/2026&jornal=515&pagina=20;DOU_XML;Art. 2º Deferir as renovações de certificação de entidade beneficente de assistência social das seguintes entidades por atenderem os requisitos legais constante [...] 66) ASSOCIAÇÃO DE PAIS E AMIGOS DOS EXCEPCIONAIS DE MATINHOS, 80.299.480/0001-72, MATINHOS/PR, 308796.1006983/2024, de 01/01/2025 a 31/12/2027.
24056162#9;24056162;515_20260622_24056162.xml;2026-06-22;2026-06-11;PORTARIA Nº 85, DE 11 DE JUNHO DE 2026;Ministério do Desenvolvimento e Assistência Social, Família e Combate à Fome/Secretaria Nacional de Assistência Social/Departamento da Rede Socioassistencial Privada do Sistema Único de Assistência Social;ASSISTENCIA;30131205000177;S;ASSOCIAÇÃO DE PAIS E AMIGOS DOS EXCEPCIONAIS DE NITERÓI;NITERÓI/RJ;RENOVACAO;S;;29/05/2024 a 28/05/2027;114;20;http://pesquisa.in.gov.br/imprensa/jsp/visualiza/index.jsp?data=22/06/2026&jornal=515&pagina=20;DOU_XML;Art. 2º Deferir as renovações de certificação de entidade beneficente de assistência social das seguintes entidades por atenderem os requisitos legais constante [...] 67) ASSOCIAÇÃO DE PAIS E AMIGOS DOS EXCEPCIONAIS DE NITERÓI, 30.131.205/0001-77, NITERÓI/RJ, 308796.0924693/2024, de 29/05/2024 a 28/05/2027.
24056162#9;24056162;515_20260622_24056162.xml;2026-06-22;2026-06-11;PORTARIA Nº 85, DE 11 DE JUNHO DE 2026;Ministério do Desenvolvimento e Assistência Social, Família e Combate à Fome/Secretaria Nacional de Assistência Social/Departamento da Rede Socioassistencial Privada do Sistema Único de Assistência Social;ASSISTENCIA;02775095000140;S;ASSOCIAÇÃO DE PAIS E AMIGOS DOS EXCEPCIONAIS DE NOVO ITACOLOMI;NOVO ITACOLOMI/PR;RENOVACAO;S;;01/01/2025 a 31/12/2027;114;20;http://pesquisa.in.gov.br/imprensa/jsp/visualiza/index.jsp?data=22/06/2026&jornal=515&pagina=20;DOU_XML;Art. 2º Deferir as renovações de certificação de entidade beneficente de assistência social das seguintes entidades por atenderem os requisitos legais constante [...] 68) ASSOCIAÇÃO DE PAIS E AMIGOS DOS EXCEPCIONAIS DE NOVO ITACOLOMI, 02.775.095/0001-40, NOVO ITACOLOMI/PR, 308796.1062669/2024, de 01/01/2025 a 31/12/2027.
24056162#9;24056162;515_20260622_24056162.xml;2026-06-22;2026-06-11;PORTARIA Nº 85, DE 11 DE JUNHO DE 2026;Ministério do Desenvolvimento e Assistência Social, Família e Combate à Fome/Secretaria Nacional de Assistência Social/Departamento da Rede Socioassistencial Privada do Sistema Único de Assistência Social;ASSISTENCIA;16843062000103;S;ASSOCIAÇÃO DE PAIS E AMIGOS DOS EXCEPCIONAIS DE OURO PRETO- FARMACÊUTICO HÉLIO HARMENDANI;OURO PRETO/MG;RENOVACAO;S;;01/01/2025 a 31/12/2027;114;20;http://pesquisa.in.gov.br/imprensa/jsp/visualiza/index.jsp?data=22/06/2026&jornal=515&pagina=20;DOU_XML;Art. 2º Deferir as renovações de certificação de entidade beneficente de assistência social das seguintes entidades por atenderem os requisitos legais constante [...] 69) ASSOCIAÇÃO DE PAIS E AMIGOS DOS EXCEPCIONAIS DE OURO PRETO- FARMACÊUTICO HÉLIO HARMENDANI, 16.843.062/0001-03, OURO PRETO/MG, 308796.0939945/2024, de 01/01/2025 a 31/12/2027.
24056162#9;24056162;515_20260622_24056162.xml;2026-06-22;2026-06-11;PORTARIA Nº 85, DE 11 DE JUNHO DE 2026;Ministério do Desenvolvimento e Assistência Social, Família e Combate à Fome/Secretaria Nacional de Assistência Social/Departamento da Rede Socioassistencial Privada do Sistema Único de Assistência Social;ASSISTENCIA;47579651000141;S;ASSOCIAÇÃO DE PAIS E AMIGOS DOS EXCEPCIONAIS DE PIRAJUÍ;PIRAJUÍ/SP;RENOVACAO;S;;01/01/2025 a 31/12/2029;114;20;http://pesquisa.in.gov.br/imprensa/jsp/visualiza/index.jsp?data=22/06/2026&jornal=515&pagina=20;DOU_XML;Art. 2º Deferir as renovações de certificação de entidade beneficente de assistência social das seguintes entidades por atenderem os requisitos legais constante [...] 70) ASSOCIAÇÃO DE PAIS E AMIGOS DOS EXCEPCIONAIS DE PIRAJUÍ, 47.579.651/0001-41, PIRAJUÍ/SP, 308796.0883409/2024, de 01/01/2025 a 31/12/2029.
24056162#9;24056162;515_20260622_24056162.xml;2026-06-22;2026-06-11;PORTARIA Nº 85, DE 11 DE JUNHO DE 2026;Ministério do Desenvolvimento e Assistência Social, Família e Combate à Fome/Secretaria Nacional de Assistência Social/Departamento da Rede Socioassistencial Privada do Sistema Único de Assistência Social;ASSISTENCIA;18475731000159;S;ASSOCIAÇÃO DE PAIS E AMIGOS DOS EXCEPCIONAIS DE PRATA MG;PRATA/MG;RENOVACAO;S;;01/01/2025 a 31/12/2027;114;20;http://pesquisa.in.gov.br/imprensa/jsp/visualiza/index.jsp?data=22/06/2026&jornal=515&pagina=20;DOU_XML;Art. 2º Deferir as renovações de certificação de entidade beneficente de assistência social das seguintes entidades por atenderem os requisitos legais constante [...] 71) ASSOCIAÇÃO DE PAIS E AMIGOS DOS EXCEPCIONAIS DE PRATA MG, 18.475.731/0001-59, PRATA/MG, 308796.1013598/2024, de 01/01/2025 a 31/12/2027.
24056162#9;24056162;515_20260622_24056162.xml;2026-06-22;2026-06-11;PORTARIA Nº 85, DE 11 DE JUNHO DE 2026;Ministério do Desenvolvimento e Assistência Social, Família e Combate à Fome/Secretaria Nacional de Assistência Social/Departamento da Rede Socioassistencial Privada do Sistema Único de Assistência Social;ASSISTENCIA;17490996000163;S;ASSOCIAÇÃO DE PAIS E AMIGOS DOS EXCEPCIONAIS DE RIO CASCA;RIO CASCA/MG;RENOVACAO;S;;01/01/2024 a 31/12/2028;114;20;http://pesquisa.in.gov.br/imprensa/jsp/visualiza/index.jsp?data=22/06/2026&jornal=515&pagina=20;DOU_XML;Art. 2º Deferir as renovações de certificação de entidade beneficente de assistência social das seguintes entidades por atenderem os requisitos legais constante [...] 72) ASSOCIAÇÃO DE PAIS E AMIGOS DOS EXCEPCIONAIS DE RIO CASCA, 17.490.996/0001-63, RIO CASCA/MG, 235874.0642095/2023, de 01/01/2024 a 31/12/2028.
24056162#9;24056162;515_20260622_24056162.xml;2026-06-22;2026-06-11;PORTARIA Nº 85, DE 11 DE JUNHO DE 2026;Ministério do Desenvolvimento e Assistência Social, Família e Combate à Fome/Secretaria Nacional de Assistência Social/Departamento da Rede Socioassistencial Privada do Sistema Único de Assistência Social;ASSISTENCIA;83511691000115;S;ASSOCIACAO DE PAIS E AMIGOS DOS EXCEPCIONAIS DE SAO JOSE DO CEDRO SC- APAE;SÃO JOSÉ DO CEDRO/SC;RENOVACAO;S;;01/01/2025 a 31/12/2027;114;20;http://pesquisa.in.gov.br/imprensa/jsp/visualiza/index.jsp?data=22/06/2026&jornal=515&pagina=20;DOU_XML;Art. 2º Deferir as renovações de certificação de entidade beneficente de assistência social das seguintes entidades por atenderem os requisitos legais constante [...] 73) ASSOCIACAO DE PAIS E AMIGOS DOS EXCEPCIONAIS DE SAO JOSE DO CEDRO SC- APAE, 83.511.691/0001-15, SÃO JOSÉ DO CEDRO/SC, 308796.1043649/2024, de 01/01/2025 a 31/12/2027.
24056162#9;24056162;515_20260622_24056162.xml;2026-06-22;2026-06-11;PORTARIA Nº 85, DE 11 DE JUNHO DE 2026;Ministério do Desenvolvimento e Assistência Social, Família e Combate à Fome/Secretaria Nacional de Assistência Social/Departamento da Rede Socioassistencial Privada do Sistema Único de Assistência Social;ASSISTENCIA;04415860000147;S;ASSOCIAÇÃO DE PAIS E AMIGOS DOS EXCEPCIONAIS DE SAPEZAL/MT - APAE;SAPEZAL/MT;RENOVACAO;S;;01/01/2025 a 31/12/2027;114;20;http://pesquisa.in.gov.br/imprensa/jsp/visualiza/index.jsp?data=22/06/2026&jornal=515&pagina=20;DOU_XML;Art. 2º Deferir as renovações de certificação de entidade beneficente de assistência social das seguintes entidades por atenderem os requisitos legais constante [...] 74) ASSOCIAÇÃO DE PAIS E AMIGOS DOS EXCEPCIONAIS DE SAPEZAL/MT - APAE, 04.415.860/0001-47, SAPEZAL/MT, 308796.1057935/2024, de 01/01/2025 a 31/12/2027.
24056162#9;24056162;515_20260622_24056162.xml;2026-06-22;2026-06-11;PORTARIA Nº 85, DE 11 DE JUNHO DE 2026;Ministério do Desenvolvimento e Assistência Social, Família e Combate à Fome/Secretaria Nacional de Assistência Social/Departamento da Rede Socioassistencial Privada do Sistema Único de Assistência Social;ASSISTENCIA;90937137000160;S;ASSOCIAÇÃO DE PAIS E AMIGOS DOS EXCEPCIONAIS DE TRAMANDAÍ;TRAMANDAÍ/RS;RENOVACAO;S;;01/01/2025 a 31/12/2027;114;20;http://pesquisa.in.gov.br/imprensa/jsp/visualiza/index.jsp?data=22/06/2026&jornal=515&pagina=20;DOU_XML;Art. 2º Deferir as renovações de certificação de entidade beneficente de assistência social das seguintes entidades por atenderem os requisitos legais constante [...] 75) ASSOCIAÇÃO DE PAIS E AMIGOS DOS EXCEPCIONAIS DE TRAMANDAÍ, 90.937.137/0001-60, TRAMANDAÍ/RS, 308796.0915465/2024, de 01/01/2025 a 31/12/2027.
24056162#9;24056162;515_20260622_24056162.xml;2026-06-22;2026-06-11;PORTARIA Nº 85, DE 11 DE JUNHO DE 2026;Ministério do Desenvolvimento e Assistência Social, Família e Combate à Fome/Secretaria Nacional de Assistência Social/Departamento da Rede Socioassistencial Privada do Sistema Único de Assistência Social;ASSISTENCIA;78060613000101;S;ASSOCIACAO DE PAIS E AMIGOS DOS EXCEPCIONAIS/APAE;WENCESLAU BRAZ/PR;RENOVACAO;S;;01/01/2025 a 31/12/2027;114;20;http://pesquisa.in.gov.br/imprensa/jsp/visualiza/index.jsp?data=22/06/2026&jornal=515&pagina=20;DOU_XML;Art. 2º Deferir as renovações de certificação de entidade beneficente de assistência social das seguintes entidades por atenderem os requisitos legais constante [...] 76) ASSOCIACAO DE PAIS E AMIGOS DOS EXCEPCIONAIS/APAE, 78.060.613/0001-01, WENCESLAU BRAZ/PR, 235874.0645423/2023, de 01/01/2025 a 31/12/2027.
24056162#9;24056162;515_20260622_24056162.xml;2026-06-22;2026-06-11;PORTARIA Nº 85, DE 11 DE JUNHO DE 2026;Ministério do Desenvolvimento e Assistência Social, Família e Combate à Fome/Secretaria Nacional de Assistência Social/Departamento da Rede Socioassistencial Privada do Sistema Único de Assistência Social;ASSISTENCIA;01711946000129;S;ASSOCIAÇÃO DE PAIS E AMIGOS DOS EXCEPCIONAIS-APAE MARABÁ;MARABÁ/PA;RENOVACAO;S;;01/01/2025 a 31/12/2027;114;20;http://pesquisa.in.gov.br/imprensa/jsp/visualiza/index.jsp?data=22/06/2026&jornal=515&pagina=20;DOU_XML;Art. 2º Deferir as renovações de certificação de entidade beneficente de assistência social das seguintes entidades por atenderem os requisitos legais constante [...] 77) ASSOCIAÇÃO DE PAIS E AMIGOS DOS EXCEPCIONAIS-APAE MARABÁ, 01.711.946/0001-29, MARABÁ/PA, 308796.0934216/2024, de 01/01/2025 a 31/12/2027.
24056162#9;24056162;515_20260622_24056162.xml;2026-06-22;2026-06-11;PORTARIA Nº 85, DE 11 DE JUNHO DE 2026;Ministério do Desenvolvimento e Assistência Social, Família e Combate à Fome/Secretaria Nacional de Assistência Social/Departamento da Rede Socioassistencial Privada do Sistema Único de Assistência Social;ASSISTENCIA;78510898000135;S;ASSOCIACAO DE PAIS E AMIGOS EXCEPCIONAIS APAE;CAMPO ERÊ/SC;RENOVACAO;S;;01/01/2025 a 31/12/2027;114;20;http://pesquisa.in.gov.br/imprensa/jsp/visualiza/index.jsp?data=22/06/2026&jornal=515&pagina=20;DOU_XML;Art. 2º Deferir as renovações de certificação de entidade beneficente de assistência social das seguintes entidades por atenderem os requisitos legais constante [...] 78) ASSOCIACAO DE PAIS E AMIGOS EXCEPCIONAIS APAE, 78.510.898/0001-35, CAMPO ERÊ/SC, 308796.1012645/2024, de 01/01/2025 a 31/12/2027.
24056162#9;24056162;515_20260622_24056162.xml;2026-06-22;2026-06-11;PORTARIA Nº 85, DE 11 DE JUNHO DE 2026;Ministério do Desenvolvimento e Assistência Social, Família e Combate à Fome/Secretaria Nacional de Assistência Social/Departamento da Rede Socioassistencial Privada do Sistema Único de Assistência Social;ASSISTENCIA;04432781000144;S;ASSOCIAÇÃO DE SURDOS DE LAJEADO;LAJEADO/RS;RENOVACAO;S;;01/01/2025 a 31/12/2029;114;20;http://pesquisa.in.gov.br/imprensa/jsp/visualiza/index.jsp?data=22/06/2026&jornal=515&pagina=20;DOU_XML;Art. 2º Deferir as renovações de certificação de entidade beneficente de assistência social das seguintes entidades por atenderem os requisitos legais constante [...] 79) ASSOCIAÇÃO DE SURDOS DE LAJEADO, 04.432.781/0001-44, LAJEADO/RS, 308796.0915663/2024, de 01/01/2025 a 31/12/2029.
24056162#9;24056162;515_20260622_24056162.xml;2026-06-22;2026-06-11;PORTARIA Nº 85, DE 11 DE JUNHO DE 2026;Ministério do Desenvolvimento e Assistência Social, Família e Combate à Fome/Secretaria Nacional de Assistência Social/Departamento da Rede Socioassistencial Privada do Sistema Único de Assistência Social;ASSISTENCIA;04942217000171;S;ASSOCIAÇÃO DE VALORIZAÇÃO E PROMOÇÃO DAS PESSOAS COM DEFICIÊNCIA;SÃO JOÃO DA BOA VISTA/SP;RENOVACAO;S;;01/01/2025 a 31/12/2029;114;20;http://pesquisa.in.gov.br/imprensa/jsp/visualiza/index.jsp?data=22/06/2026&jornal=515&pagina=20;DOU_XML;Art. 2º Deferir as renovações de certificação de entidade beneficente de assistência social das seguintes entidades por atenderem os requisitos legais constante [...] 80) ASSOCIAÇÃO DE VALORIZAÇÃO E PROMOÇÃO DAS PESSOAS COM DEFICIÊNCIA, 04.942.217/0001-71, SÃO JOÃO DA BOA VISTA/SP, 308796.1055870/2024, de 01/01/2025 a 31/12/2029.
24056162#9;24056162;515_20260622_24056162.xml;2026-06-22;2026-06-11;PORTARIA Nº 85, DE 11 DE JUNHO DE 2026;Ministério do Desenvolvimento e Assistência Social, Família e Combate à Fome/Secretaria Nacional de Assistência Social/Departamento da Rede Socioassistencial Privada do Sistema Único de Assistência Social;ASSISTENCIA;01166235000110;S;ASSOCIAÇÃO DOS DEFICIENTES FÍSICOS DE ARIQUEMES-ASDEFARI;ARIQUEMES/RO;RENOVACAO;S;;01/01/2025 a 31/12/2029;114;20;http://pesquisa.in.gov.br/imprensa/jsp/visualiza/index.jsp?data=22/06/2026&jornal=515&pagina=20;DOU_XML;Art. 2º Deferir as renovações de certificação de entidade beneficente de assistência social das seguintes entidades por atenderem os requisitos legais constante [...] 81) ASSOCIAÇÃO DOS DEFICIENTES FÍSICOS DE ARIQUEMES-ASDEFARI, 01.166.235/0001-10, ARIQUEMES/RO, 308796.0856817/2024, de 01/01/2025 a 31/12/2029.
24056162#9;24056162;515_20260622_24056162.xml;2026-06-22;2026-06-11;PORTARIA Nº 85, DE 11 DE JUNHO DE 2026;Ministério do Desenvolvimento e Assistência Social, Família e Combate à Fome/Secretaria Nacional de Assistência Social/Departamento da Rede Socioassistencial Privada do Sistema Único de Assistência Social;ASSISTENCIA;00918325000158;S;ASSOCIAÇÃO DOS PAIS E AMIGOS DOS EXCEPCIONAIS;GUAPÉ/MG;RENOVACAO;S;;01/01/2024 a 31/12/2028;114;20;http://pesquisa.in.gov.br/imprensa/jsp/visualiza/index.jsp?data=22/06/2026&jornal=515&pagina=20;DOU_XML;Art. 2º Deferir as renovações de certificação de entidade beneficente de assistência social das seguintes entidades por atenderem os requisitos legais constante [...] 82) ASSOCIAÇÃO DOS PAIS E AMIGOS DOS EXCEPCIONAIS, 00.918.325/0001-58, GUAPÉ/MG, 308796.0802026/2023, de 01/01/2024 a 31/12/2028.
24056162#9;24056162;515_20260622_24056162.xml;2026-06-22;2026-06-11;PORTARIA Nº 85, DE 11 DE JUNHO DE 2026;Ministério do Desenvolvimento e Assistência Social, Família e Combate à Fome/Secretaria Nacional de Assistência Social/Departamento da Rede Socioassistencial Privada do Sistema Único de Assistência Social;ASSISTENCIA;50136076000117;S;ASSOCIAÇÃO ESTRELA AZUL;MAUÁ/SP;RENOVACAO;S;;24/08/2024 a 23/08/2027;114;20;http://pesquisa.in.gov.br/imprensa/jsp/visualiza/index.jsp?data=22/06/2026&jornal=515&pagina=20;DOU_XML;Art. 2º Deferir as renovações de certificação de entidade beneficente de assistência social das seguintes entidades por atenderem os requisitos legais constante [...] 83) ASSOCIAÇÃO ESTRELA AZUL, 50.136.076/0001-17, MAUÁ/SP, 308796.0979957/2024, de 24/08/2024 a 23/08/2027.
24056162#9;24056162;515_20260622_24056162.xml;2026-06-22;2026-06-11;PORTARIA Nº 85, DE 11 DE JUNHO DE 2026;Ministério do Desenvolvimento e Assistência Social, Família e Combate à Fome/Secretaria Nacional de Assistência Social/Departamento da Rede Socioassistencial Privada do Sistema Único de Assistência Social;ASSISTENCIA;08403113000140;S;ASSOCIAÇÃO FÊNIX;CURITIBA/PR;RENOVACAO;S;;01/01/2025 a 31/12/2029;114;20;http://pesquisa.in.gov.br/imprensa/jsp/visualiza/index.jsp?data=22/06/2026&jornal=515&pagina=20;DOU_XML;Art. 2º Deferir as renovações de certificação de entidade beneficente de assistência social das seguintes entidades por atenderem os requisitos legais constante [...] 84) ASSOCIAÇÃO FÊNIX, 08.403.113/0001-40, CURITIBA/PR, 71000.045611/2024-19, de 01/01/2025 a 31/12/2029.
24056162#9;24056162;515_20260622_24056162.xml;2026-06-22;2026-06-11;PORTARIA Nº 85, DE 11 DE JUNHO DE 2026;Ministério do Desenvolvimento e Assistência Social, Família e Combate à Fome/Secretaria Nacional de Assistência Social/Departamento da Rede Socioassistencial Privada do Sistema Único de Assistência Social;ASSISTENCIA;04527998000138;S;ASSOCIAÇÃO GRUPO RIO PARDENSE AMIGOS DO DEFICIENTE FÍSICO - AGRADEF;SÃO JOSÉ DO RIO PARDO/SP;RENOVACAO;S;;01/01/2025 a 31/12/2029;114;20;http://pesquisa.in.gov.br/imprensa/jsp/visualiza/index.jsp?data=22/06/2026&jornal=515&pagina=20;DOU_XML;Art. 2º Deferir as renovações de certificação de entidade beneficente de assistência social das seguintes entidades por atenderem os requisitos legais constante [...] 85) ASSOCIAÇÃO GRUPO RIO PARDENSE AMIGOS DO DEFICIENTE FÍSICO - AGRADEF, 04.527.998/0001-38, SÃO JOSÉ DO RIO PARDO/SP, 308796.0834340/2024, de 01/01/2025 a 31/12/2029.
24056162#9;24056162;515_20260622_24056162.xml;2026-06-22;2026-06-11;PORTARIA Nº 85, DE 11 DE JUNHO DE 2026;Ministério do Desenvolvimento e Assistência Social, Família e Combate à Fome/Secretaria Nacional de Assistência Social/Departamento da Rede Socioassistencial Privada do Sistema Único de Assistência Social;ASSISTENCIA;21795959000130;S;ASSOCIAÇÃO MOBILIZANDO AMIGOS PELO AMOR - MAPEAR;SÃO JOSÉ DO RIO PARDO/SP;RENOVACAO;S;;01/01/2024 a 31/12/2028;114;20;http://pesquisa.in.gov.br/imprensa/jsp/visualiza/index.jsp?data=22/06/2026&jornal=515&pagina=20;DOU_XML;Art. 2º Deferir as renovações de certificação de entidade beneficente de assistência social das seguintes entidades por atenderem os requisitos legais constante [...] 86) ASSOCIAÇÃO MOBILIZANDO AMIGOS PELO AMOR - MAPEAR, 21.795.959/0001-30, SÃO JOSÉ DO RIO PARDO/SP, 308796.0808045/2023, de 01/01/2024 a 31/12/2028.
24056162#9;24056162;515_20260622_24056162.xml;2026-06-22;2026-06-11;PORTARIA Nº 85, DE 11 DE JUNHO DE 2026;Ministério do Desenvolvimento e Assistência Social, Família e Combate à Fome/Secretaria Nacional de Assistência Social/Departamento da Rede Socioassistencial Privada do Sistema Único de Assistência Social;ASSISTENCIA;83798504000126;S;ASSOCIAÇÃO PAIS AMIGOS DOS EXEPCIONAIS ITAIOPOLIS APAE;ITAIÓPOLIS/SC;RENOVACAO;S;;01/01/2025 a 31/12/2027;114;20;http://pesquisa.in.gov.br/imprensa/jsp/visualiza/index.jsp?data=22/06/2026&jornal=515&pagina=20;DOU_XML;Art. 2º Deferir as renovações de certificação de entidade beneficente de assistência social das seguintes entidades por atenderem os requisitos legais constante [...] 87) ASSOCIAÇÃO PAIS AMIGOS DOS EXEPCIONAIS ITAIOPOLIS APAE, 83.798.504/0001-26, ITAIÓPOLIS/SC, 308796.0850963/2024, de 01/01/2025 a 31/12/2027.
24056162#9;24056162;515_20260622_24056162.xml;2026-06-22;2026-06-11;PORTARIA Nº 85, DE 11 DE JUNHO DE 2026;Ministério do Desenvolvimento e Assistência Social, Família e Combate à Fome/Secretaria Nacional de Assistência Social/Departamento da Rede Socioassistencial Privada do Sistema Único de Assistência Social;ASSISTENCIA;70918834000166;S;ASSOCIACAO PAIS AMIGOS EXCEPCIONAIS-APAE JOAO PINHEIRO;JOÃO PINHEIRO/MG;RENOVACAO;S;;01/01/2025 a 31/12/2029;114;20;http://pesquisa.in.gov.br/imprensa/jsp/visualiza/index.jsp?data=22/06/2026&jornal=515&pagina=20;DOU_XML;Art. 2º Deferir as renovações de certificação de entidade beneficente de assistência social das seguintes entidades por atenderem os requisitos legais constante [...] 88) ASSOCIACAO PAIS AMIGOS EXCEPCIONAIS-APAE JOAO PINHEIRO, 70.918.834/0001-66, JOÃO PINHEIRO/MG, 308796.0898489/2024, de 01/01/2025 a 31/12/2029.
24056162#9;24056162;515_20260622_24056162.xml;2026-06-22;2026-06-11;PORTARIA Nº 85, DE 11 DE JUNHO DE 2026;Ministério do Desenvolvimento e Assistência Social, Família e Combate à Fome/Secretaria Nacional de Assistência Social/Departamento da Rede Socioassistencial Privada do Sistema Único de Assistência Social;ASSISTENCIA;36925386000190;S;ASSOCIACAO PESTALOZZI DE JUINA;JUÍNA/MT;RENOVACAO;S;;01/01/2024 a 31/12/2026;114;20;http://pesquisa.in.gov.br/imprensa/jsp/visualiza/index.jsp?data=22/06/2026&jornal=515&pagina=20;DOU_XML;Art. 2º Deferir as renovações de certificação de entidade beneficente de assistência social das seguintes entidades por atenderem os requisitos legais constante [...] 89) ASSOCIACAO PESTALOZZI DE JUINA, 36.925.386/0001-90, JUÍNA/MT, 235874.0458436/2022, de 01/01/2024 a 31/12/2026.
24056162#9;24056162;515_20260622_24056162.xml;2026-06-22;2026-06-11;PORTARIA Nº 85, DE 11 DE JUNHO DE 2026;Ministério do Desenvolvimento e Assistência Social, Família e Combate à Fome/Secretaria Nacional de Assistência Social/Departamento da Rede Socioassistencial Privada do Sistema Único de Assistência Social;ASSISTENCIA;32244204000164;S;ASSOCIAÇÃO REFÚGIO DOS/AS MENINOS/AS DE RUA;PEQUERI/MG;RENOVACAO;S;;01/01/2025 a 31/12/2027;114;20;http://pesquisa.in.gov.br/imprensa/jsp/visualiza/index.jsp?data=22/06/2026&jornal=515&pagina=20;DOU_XML;Art. 2º Deferir as renovações de certificação de entidade beneficente de assistência social das seguintes entidades por atenderem os requisitos legais constante [...] 90) ASSOCIAÇÃO REFÚGIO DOS/AS MENINOS/AS DE RUA, 32.244.204/0001-64, PEQUERI/MG, 71000.017105/2024-21, de 01/01/2025 a 31/12/2027.
24056162#9;24056162;515_20260622_24056162.xml;2026-06-22;2026-06-11;PORTARIA Nº 85, DE 11 DE JUNHO DE 2026;Ministério do Desenvolvimento e Assistência Social, Família e Combate à Fome/Secretaria Nacional de Assistência Social/Departamento da Rede Socioassistencial Privada do Sistema Único de Assistência Social;ASSISTENCIA;71744007000166;S;ASSOCIAÇÃO RENASCER;SÃO JOSÉ DO RIO PRETO/SP;RENOVACAO;S;;01/01/2025 a 31/12/2027;114;20;http://pesquisa.in.gov.br/imprensa/jsp/visualiza/index.jsp?data=22/06/2026&jornal=515&pagina=20;DOU_XML;Art. 2º Deferir as renovações de certificação de entidade beneficente de assistência social das seguintes entidades por atenderem os requisitos legais constante [...] 91) ASSOCIAÇÃO RENASCER, 71.744.007/0001-66, SÃO JOSÉ DO RIO PRETO/SP, 308796.0821378/2024, de 01/01/2025 a 31/12/2027.
24056162#9;24056162;515_20260622_24056162.xml;2026-06-22;2026-06-11;PORTARIA Nº 85, DE 11 DE JUNHO DE 2026;Ministério do Desenvolvimento e Assistência Social, Família e Combate à Fome/Secretaria Nacional de Assistência Social/Departamento da Rede Socioassistencial Privada do Sistema Único de Assistência Social;ASSISTENCIA;08949099000184;S;ASSOCIAÇÃO SERVINDO E PROTEGENDO;BELO HORIZONTE/MG;RENOVACAO;S;;01/01/2025 a 31/12/2027;114;20;http://pesquisa.in.gov.br/imprensa/jsp/visualiza/index.jsp?data=22/06/2026&jornal=515&pagina=20;DOU_XML;Art. 2º Deferir as renovações de certificação de entidade beneficente de assistência social das seguintes entidades por atenderem os requisitos legais constante [...] 92) ASSOCIAÇÃO SERVINDO E PROTEGENDO, 08.949.099/0001-84, BELO HORIZONTE/MG, 308796.1019776/2024, de 01/01/2025 a 31/12/2027.
24056162#9;24056162;515_20260622_24056162.xml;2026-06-22;2026-06-11;PORTARIA Nº 85, DE 11 DE JUNHO DE 2026;Ministério do Desenvolvimento e Assistência Social, Família e Combate à Fome/Secretaria Nacional de Assistência Social/Departamento da Rede Socioassistencial Privada do Sistema Único de Assistência Social;ASSISTENCIA;03408061000180;S;ASSOCIAÇÃO TRA NOI DO BRASIL;ARAGUAÍNA/TO;RENOVACAO;S;;01/01/2025 a 31/12/2029;114;20;http://pesquisa.in.gov.br/imprensa/jsp/visualiza/index.jsp?data=22/06/2026&jornal=515&pagina=20;DOU_XML;Art. 2º Deferir as renovações de certificação de entidade beneficente de assistência social das seguintes entidades por atenderem os requisitos legais constante [...] 93) ASSOCIAÇÃO TRA NOI DO BRASIL, 03.408.061/0001-80, ARAGUAÍNA/TO, 308796.1141437/2024, de 01/01/2025 a 31/12/2029.
24056162#9;24056162;515_20260622_24056162.xml;2026-06-22;2026-06-11;PORTARIA Nº 85, DE 11 DE JUNHO DE 2026;Ministério do Desenvolvimento e Assistência Social, Família e Combate à Fome/Secretaria Nacional de Assistência Social/Departamento da Rede Socioassistencial Privada do Sistema Único de Assistência Social;ASSISTENCIA;05044186000102;S;ASSOCIAÇÃO VIDA E ARTE;TUBARÃO/SC;RENOVACAO;S;;01/01/2025 a 31/12/2029;114;20;http://pesquisa.in.gov.br/imprensa/jsp/visualiza/index.jsp?data=22/06/2026&jornal=515&pagina=20;DOU_XML;Art. 2º Deferir as renovações de certificação de entidade beneficente de assistência social das seguintes entidades por atenderem os requisitos legais constante [...] 94) ASSOCIAÇÃO VIDA E ARTE, 05.044.186/0001-02, TUBARÃO/SC, 308796.1041313/2024, de 01/01/2025 a 31/12/2029.
24056162#9;24056162;515_20260622_24056162.xml;2026-06-22;2026-06-11;PORTARIA Nº 85, DE 11 DE JUNHO DE 2026;Ministério do Desenvolvimento e Assistência Social, Família e Combate à Fome/Secretaria Nacional de Assistência Social/Departamento da Rede Socioassistencial Privada do Sistema Único de Assistência Social;ASSISTENCIA;04810265000106;S;CAMID - CASA DE APOIO AO MENOR IRMÃ DULCE;SÃO JOÃO DA BOA VISTA/SP;RENOVACAO;S;;01/01/2025 a 31/12/2027;114;20;http://pesquisa.in.gov.br/imprensa/jsp/visualiza/index.jsp?data=22/06/2026&jornal=515&pagina=20;DOU_XML;Art. 2º Deferir as renovações de certificação de entidade beneficente de assistência social das seguintes entidades por atenderem os requisitos legais constante [...] 95) CAMID - CASA DE APOIO AO MENOR IRMÃ DULCE, 04.810.265/0001-06, SÃO JOÃO DA BOA VISTA/SP, 308796.1076288/2024, de 01/01/2025 a 31/12/2027.
24056162#9;24056162;515_20260622_24056162.xml;2026-06-22;2026-06-11;PORTARIA Nº 85, DE 11 DE JUNHO DE 2026;Ministério do Desenvolvimento e Assistência Social, Família e Combate à Fome/Secretaria Nacional de Assistência Social/Departamento da Rede Socioassistencial Privada do Sistema Único de Assistência Social;ASSISTENCIA;33654419000116;S;CARITAS BRASILEIRA;BRASÍLIA/DF;RENOVACAO;S;;01/01/2024 a 31/12/2026;114;20;http://pesquisa.in.gov.br/imprensa/jsp/visualiza/index.jsp?data=22/06/2026&jornal=515&pagina=20;DOU_XML;Art. 2º Deferir as renovações de certificação de entidade beneficente de assistência social das seguintes entidades por atenderem os requisitos legais constante [...] 96) CARITAS BRASILEIRA, 33.654.419/0001-16, BRASÍLIA/DF, 308796.0732339/2023, de 01/01/2024 a 31/12/2026.
24056162#9;24056162;515_20260622_24056162.xml;2026-06-22;2026-06-11;PORTARIA Nº 85, DE 11 DE JUNHO DE 2026;Ministério do Desenvolvimento e Assistência Social, Família e Combate à Fome/Secretaria Nacional de Assistência Social/Departamento da Rede Socioassistencial Privada do Sistema Único de Assistência Social;ASSISTENCIA;07562421000155;S;CARITAS DIOCESANA DA DIOCESE DE CACHOEIRO DE ITAPEMIRIM;CACHOEIRO DE ITAPEMIRIM/ES;RENOVACAO;S;;01/01/2025 a 31/12/2029;114;20;http://pesquisa.in.gov.br/imprensa/jsp/visualiza/index.jsp?data=22/06/2026&jornal=515&pagina=20;DOU_XML;Art. 2º Deferir as renovações de certificação de entidade beneficente de assistência social das seguintes entidades por atenderem os requisitos legais constante [...] 97) CARITAS DIOCESANA DA DIOCESE DE CACHOEIRO DE ITAPEMIRIM, 07.562.421/0001-55, CACHOEIRO DE ITAPEMIRIM/ES, 308796.1068408/2024, de 01/01/2025 a 31/12/2029.
24056162#9;24056162;515_20260622_24056162.xml;2026-06-22;2026-06-11;PORTARIA Nº 85, DE 11 DE JUNHO DE 2026;Ministério do Desenvolvimento e Assistência Social, Família e Combate à Fome/Secretaria Nacional de Assistência Social/Departamento da Rede Socioassistencial Privada do Sistema Único de Assistência Social;ASSISTENCIA;53341376000126;S;CASA DA CRIANÇA RUTH WIRTH E ASSOCIAÇÃO JOVEM APRENDIZ DE OSVALDO CRUZ;OSVALDO CRUZ/SP;RENOVACAO;S;;01/01/2025 a 31/12/2027;114;20;http://pesquisa.in.gov.br/imprensa/jsp/visualiza/index.jsp?data=22/06/2026&jornal=515&pagina=20;DOU_XML;Art. 2º Deferir as renovações de certificação de entidade beneficente de assistência social das seguintes entidades por atenderem os requisitos legais constante [...] 98) CASA DA CRIANÇA RUTH WIRTH E ASSOCIAÇÃO JOVEM APRENDIZ DE OSVALDO CRUZ, 53.341.376/0001-26, OSVALDO CRUZ/SP, 308796.0857089/2024, de 01/01/2025 a 31/12/2027.
24056162#9;24056162;515_20260622_24056162.xml;2026-06-22;2026-06-11;PORTARIA Nº 85, DE 11 DE JUNHO DE 2026;Ministério do Desenvolvimento e Assistência Social, Família e Combate à Fome/Secretaria Nacional de Assistência Social/Departamento da Rede Socioassistencial Privada do Sistema Único de Assistência Social;ASSISTENCIA;01649106000183;S;CASA DE ACOLHIMENTO ABRACE;TUPÃ/SP;RENOVACAO;S;;31/10/2024 a 30/10/2027;114;20;http://pesquisa.in.gov.br/imprensa/jsp/visualiza/index.jsp?data=22/06/2026&jornal=515&pagina=20;DOU_XML;Art. 2º Deferir as renovações de certificação de entidade beneficente de assistência social das seguintes entidades por atenderem os requisitos legais constante [...] 99) CASA DE ACOLHIMENTO ABRACE, 01.649.106/0001-83, TUPÃ/SP, 308796.1102824/2024, de 31/10/2024 a 30/10/2027.
24056162#9;24056162;515_20260622_24056162.xml;2026-06-22;2026-06-11;PORTARIA Nº 85, DE 11 DE JUNHO DE 2026;Ministério do Desenvolvimento e Assistência Social, Família e Combate à Fome/Secretaria Nacional de Assistência Social/Departamento da Rede Socioassistencial Privada do Sistema Único de Assistência Social;ASSISTENCIA;13157758000180;S;CASA DE APOIO PROJETO ESPERANÇA - CAPE;LENÇÓIS PAULISTA/SP;RENOVACAO;S;;01/01/2025 a 31/12/2029;114;20;http://pesquisa.in.gov.br/imprensa/jsp/visualiza/index.jsp?data=22/06/2026&jornal=515&pagina=20;DOU_XML;Art. 2º Deferir as renovações de certificação de entidade beneficente de assistência social das seguintes entidades por atenderem os requisitos legais constante [...] 100) CASA DE APOIO PROJETO ESPERANÇA - CAPE, 13.157.758/0001-80, LENÇÓIS PAULISTA/SP, 308796.1007438/2024, de 01/01/2025 a 31/12/2029.
24056162#9;24056162;515_20260622_24056162.xml;2026-06-22;2026-06-11;PORTARIA Nº 85, DE 11 DE JUNHO DE 2026;Ministério do Desenvolvimento e Assistência Social, Família e Combate à Fome/Secretaria Nacional de Assistência Social/Departamento da Rede Socioassistencial Privada do Sistema Único de Assistência Social;ASSISTENCIA;03508684000125;S;CASA DE APOIO SÃO LUIZ;APARECIDA DE GOIÂNIA/GO;RENOVACAO;S;;01/01/2025 a 31/12/2027;114;20;http://pesquisa.in.gov.br/imprensa/jsp/visualiza/index.jsp?data=22/06/2026&jornal=515&pagina=20;DOU_XML;Art. 2º Deferir as renovações de certificação de entidade beneficente de assistência social das seguintes entidades por atenderem os requisitos legais constante [...] 101) CASA DE APOIO SÃO LUIZ, 03.508.684/0001-25, APARECIDA DE GOIÂNIA/GO, 308796.1068917/2024, de 01/01/2025 a 31/12/2027.
24056162#9;24056162;515_20260622_24056162.xml;2026-06-22;2026-06-11;PORTARIA Nº 85, DE 11 DE JUNHO DE 2026;Ministério do Desenvolvimento e Assistência Social, Família e Combate à Fome/Secretaria Nacional de Assistência Social/Departamento da Rede Socioassistencial Privada do Sistema Único de Assistência Social;ASSISTENCIA;22633254000180;S;CASA DE CONVIVÊNCIA JOSÉ CAETANO PEREIRA;BRASÓPOLIS/MG;RENOVACAO;S;;01/01/2024 a 31/12/2026;114;20;http://pesquisa.in.gov.br/imprensa/jsp/visualiza/index.jsp?data=22/06/2026&jornal=515&pagina=20;DOU_XML;Art. 2º Deferir as renovações de certificação de entidade beneficente de assistência social das seguintes entidades por atenderem os requisitos legais constante [...] 102) CASA DE CONVIVÊNCIA JOSÉ CAETANO PEREIRA, 22.633.254/0001-80, BRASÓPOLIS/MG, 308796.0810704/2023, de 01/01/2024 a 31/12/2026.
24056162#9;24056162;515_20260622_24056162.xml;2026-06-22;2026-06-11;PORTARIA Nº 85, DE 11 DE JUNHO DE 2026;Ministério do Desenvolvimento e Assistência Social, Família e Combate à Fome/Secretaria Nacional de Assistência Social/Departamento da Rede Socioassistencial Privada do Sistema Único de Assistência Social;ASSISTENCIA;96488101000122;S;CASA DE ORACAO MISSIONARIOS DA LUZ;SÃO JOSÉ DOS CAMPOS/SP;RENOVACAO;S;;01/01/2025 a 31/12/2027;114;20;http://pesquisa.in.gov.br/imprensa/jsp/visualiza/index.jsp?data=22/06/2026&jornal=515&pagina=20;DOU_XML;Art. 2º Deferir as renovações de certificação de entidade beneficente de assistência social das seguintes entidades por atenderem os requisitos legais constante [...] 103) CASA DE ORACAO MISSIONARIOS DA LUZ, 96.488.101/0001-22, SÃO JOSÉ DOS CAMPOS/SP, 308796.0898426/2024, de 01/01/2025 a 31/12/2027.
24056162#9;24056162;515_20260622_24056162.xml;2026-06-22;2026-06-11;PORTARIA Nº 85, DE 11 DE JUNHO DE 2026;Ministério do Desenvolvimento e Assistência Social, Família e Combate à Fome/Secretaria Nacional de Assistência Social/Departamento da Rede Socioassistencial Privada do Sistema Único de Assistência Social;ASSISTENCIA;54407838000123;S;CASA DO BOM MENINO;PIRACICABA/SP;RENOVACAO;S;;06/05/2024 a 05/05/2027;114;20;http://pesquisa.in.gov.br/imprensa/jsp/visualiza/index.jsp?data=22/06/2026&jornal=515&pagina=20;DOU_XML;Art. 2º Deferir as renovações de certificação de entidade beneficente de assistência social das seguintes entidades por atenderem os requisitos legais constante [...] 104) CASA DO BOM MENINO, 54.407.838/0001-23, PIRACICABA/SP, 308796.0853631/2024, de 06/05/2024 a 05/05/2027.
24056162#9;24056162;515_20260622_24056162.xml;2026-06-22;2026-06-11;PORTARIA Nº 85, DE 11 DE JUNHO DE 2026;Ministério do Desenvolvimento e Assistência Social, Família e Combate à Fome/Secretaria Nacional de Assistência Social/Departamento da Rede Socioassistencial Privada do Sistema Único de Assistência Social;ASSISTENCIA;39845862000150;S;CENTRAL DE OPORTUNIDADES;RIO DE JANEIRO/RJ;RENOVACAO;S;;22/02/2024 a 21/02/2027;114;20;http://pesquisa.in.gov.br/imprensa/jsp/visualiza/index.jsp?data=22/06/2026&jornal=515&pagina=20;DOU_XML;Art. 2º Deferir as renovações de certificação de entidade beneficente de assistência social das seguintes entidades por atenderem os requisitos legais constante [...] 105) CENTRAL DE OPORTUNIDADES, 39.845.862/0001-50, RIO DE JANEIRO/RJ, 235874.0205183/2021, de 22/02/2024 a 21/02/2027.
24056162#9;24056162;515_20260622_24056162.xml;2026-06-22;2026-06-11;PORTARIA Nº 85, DE 11 DE JUNHO DE 2026;Ministério do Desenvolvimento e Assistência Social, Família e Combate à Fome/Secretaria Nacional de Assistência Social/Departamento da Rede Socioassistencial Privada do Sistema Único de Assistência Social;ASSISTENCIA;52344504000122;S;CENTRO COMUNITARIO SÃO PEDRO;HORTOLÂNDIA/SP;RENOVACAO;S;;01/01/2025 a 31/12/2027;114;20;http://pesquisa.in.gov.br/imprensa/jsp/visualiza/index.jsp?data=22/06/2026&jornal=515&pagina=20;DOU_XML;Art. 2º Deferir as renovações de certificação de entidade beneficente de assistência social das seguintes entidades por atenderem os requisitos legais constante [...] 106) CENTRO COMUNITARIO SÃO PEDRO, 52.344.504/0001-22, HORTOLÂNDIA/SP, 308796.1045235/2024, de 01/01/2025 a 31/12/2027.
24056162#9;24056162;515_20260622_24056162.xml;2026-06-22;2026-06-11;PORTARIA Nº 85, DE 11 DE JUNHO DE 2026;Ministério do Desenvolvimento e Assistência Social, Família e Combate à Fome/Secretaria Nacional de Assistência Social/Departamento da Rede Socioassistencial Privada do Sistema Único de Assistência Social;ASSISTENCIA;00363296000105;S;CENTRO DE AMPARO AOS IDOSOS JESUS MARIA JOSE;SÃO JOSÉ DOS PINHAIS/PR;RENOVACAO;S;;01/01/2025 a 31/12/2027;114;20;http://pesquisa.in.gov.br/imprensa/jsp/visualiza/index.jsp?data=22/06/2026&jornal=515&pagina=20;DOU_XML;Art. 2º Deferir as renovações de certificação de entidade beneficente de assistência social das seguintes entidades por atenderem os requisitos legais constante [...] 107) CENTRO DE AMPARO AOS IDOSOS JESUS MARIA JOSE, 00.363.296/0001-05, SÃO JOSÉ DOS PINHAIS/PR, 308796.1010292/2024, de 01/01/2025 a 31/12/2027.
24056162#9;24056162;515_20260622_24056162.xml;2026-06-22;2026-06-11;PORTARIA Nº 85, DE 11 DE JUNHO DE 2026;Ministério do Desenvolvimento e Assistência Social, Família e Combate à Fome/Secretaria Nacional de Assistência Social/Departamento da Rede Socioassistencial Privada do Sistema Único de Assistência Social;ASSISTENCIA;07346939000151;S;CENTRO DE APOIO E INTEGRAÇÃO DO SURDOCEGO E MÚLTIPLO DEFICIENTE - CAIS;CAMPINAS/SP;RENOVACAO;S;;01/01/2025 a 31/12/2027;114;20;http://pesquisa.in.gov.br/imprensa/jsp/visualiza/index.jsp?data=22/06/2026&jornal=515&pagina=20;DOU_XML;Art. 2º Deferir as renovações de certificação de entidade beneficente de assistência social das seguintes entidades por atenderem os requisitos legais constante [...] 108) CENTRO DE APOIO E INTEGRAÇÃO DO SURDOCEGO E MÚLTIPLO DEFICIENTE - CAIS, 07.346.939/0001-51, CAMPINAS/SP, 308796.1010184/2024, de 01/01/2025 a 31/12/2027.
24056162#9;24056162;515_20260622_24056162.xml;2026-06-22;2026-06-11;PORTARIA Nº 85, DE 11 DE JUNHO DE 2026;Ministério do Desenvolvimento e Assistência Social, Família e Combate à Fome/Secretaria Nacional de Assistência Social/Departamento da Rede Socioassistencial Privada do Sistema Único de Assistência Social;ASSISTENCIA;23285018000182;S;CENTRO DE APRENDIZAGEM PRÓ MENOR DE PASSOS;PASSOS/MG;RENOVACAO;S;;02/06/2024 a 01/06/2027;114;20;http://pesquisa.in.gov.br/imprensa/jsp/visualiza/index.jsp?data=22/06/2026&jornal=515&pagina=20;DOU_XML;Art. 2º Deferir as renovações de certificação de entidade beneficente de assistência social das seguintes entidades por atenderem os requisitos legais constante [...] 109) CENTRO DE APRENDIZAGEM PRÓ MENOR DE PASSOS, 23.285.018/0001-82, PASSOS/MG, 308796.0939517/2024, de 02/06/2024 a 01/06/2027.
24056162#9;24056162;515_20260622_24056162.xml;2026-06-22;2026-06-11;PORTARIA Nº 85, DE 11 DE JUNHO DE 2026;Ministério do Desenvolvimento e Assistência Social, Família e Combate à Fome/Secretaria Nacional de Assistência Social/Departamento da Rede Socioassistencial Privada do Sistema Único de Assistência Social;ASSISTENCIA;03786980000198;S;CENTRO DE DESENVOLVIMENTO AGROECOLÓGICO DO CERRADO;GOIANIA/GO;RENOVACAO;S;;27/03/2024 a 26/03/2027;114;20;http://pesquisa.in.gov.br/imprensa/jsp/visualiza/index.jsp?data=22/06/2026&jornal=515&pagina=20;DOU_XML;Art. 2º Deferir as renovações de certificação de entidade beneficente de assistência social das seguintes entidades por atenderem os requisitos legais constante [...] 110) CENTRO DE DESENVOLVIMENTO AGROECOLÓGICO DO CERRADO, 03.786.980/0001-98, GOIANIA/GO, 71000.018015/2024-58, de 27/03/2024 a 26/03/2027.
24056162#9;24056162;515_20260622_24056162.xml;2026-06-22;2026-06-11;PORTARIA Nº 85, DE 11 DE JUNHO DE 2026;Ministério do Desenvolvimento e Assistência Social, Família e Combate à Fome/Secretaria Nacional de Assistência Social/Departamento da Rede Socioassistencial Privada do Sistema Único de Assistência Social;ASSISTENCIA;88680749000178;S;CENTRO DE ENTIDADES ASSISTENCIAIS DE VACARIA - CEAVA;VACARIA/RS;RENOVACAO;S;;01/01/2025 a 31/12/2029;114;20;http://pesquisa.in.gov.br/imprensa/jsp/visualiza/index.jsp?data=22/06/2026&jornal=515&pagina=20;DOU_XML;Art. 2º Deferir as renovações de certificação de entidade beneficente de assistência social das seguintes entidades por atenderem os requisitos legais constante [...] 111) CENTRO DE ENTIDADES ASSISTENCIAIS DE VACARIA - CEAVA, 88.680.749/0001-78, VACARIA/RS, 308796.1004361/2024, de 01/01/2025 a 31/12/2029.
24056162#9;24056162;515_20260622_24056162.xml;2026-06-22;2026-06-11;PORTARIA Nº 85, DE 11 DE JUNHO DE 2026;Ministério do Desenvolvimento e Assistência Social, Família e Combate à Fome/Secretaria Nacional de Assistência Social/Departamento da Rede Socioassistencial Privada do Sistema Único de Assistência Social;ASSISTENCIA;06237676000180;S;CENTRO DE FORMAÇÃO COMUNITÁRIO SÃO FRANCISCO DE ASSIS;UBERLÂNDIA/MG;RENOVACAO;S;;01/01/2025 a 31/12/2029;114;20;http://pesquisa.in.gov.br/imprensa/jsp/visualiza/index.jsp?data=22/06/2026&jornal=515&pagina=20;DOU_XML;Art. 2º Deferir as renovações de certificação de entidade beneficente de assistência social das seguintes entidades por atenderem os requisitos legais constante [...] 112) CENTRO DE FORMAÇÃO COMUNITÁRIO SÃO FRANCISCO DE ASSIS, 06.237.676/0001-80, UBERLÂNDIA/MG, 308796.1068755/2024, de 01/01/2025 a 31/12/2029.
24056162#9;24056162;515_20260622_24056162.xml;2026-06-22;2026-06-11;PORTARIA Nº 85, DE 11 DE JUNHO DE 2026;Ministério do Desenvolvimento e Assistência Social, Família e Combate à Fome/Secretaria Nacional de Assistência Social/Departamento da Rede Socioassistencial Privada do Sistema Único de Assistência Social;ASSISTENCIA;08364607000162;S;CENTRO DE INTEGRAÇÃO DA FAMILIA;ARACAJU/SE;RENOVACAO;S;;01/01/2025 a 31/12/2029;114;20;http://pesquisa.in.gov.br/imprensa/jsp/visualiza/index.jsp?data=22/06/2026&jornal=515&pagina=20;DOU_XML;Art. 2º Deferir as renovações de certificação de entidade beneficente de assistência social das seguintes entidades por atenderem os requisitos legais constante [...] 113) CENTRO DE INTEGRAÇÃO DA FAMILIA, 08.364.607/0001-62, ARACAJU/SE, 308796.0830044/2024, de 01/01/2025 a 31/12/2029.
24056162#9;24056162;515_20260622_24056162.xml;2026-06-22;2026-06-11;PORTARIA Nº 85, DE 11 DE JUNHO DE 2026;Ministério do Desenvolvimento e Assistência Social, Família e Combate à Fome/Secretaria Nacional de Assistência Social/Departamento da Rede Socioassistencial Privada do Sistema Único de Assistência Social;ASSISTENCIA;61600839000155;S;CENTRO DE INTEGRAÇÃO EMPRESA ESCOLA CIEE;SÃO PAULO/SP;RENOVACAO;S;;01/01/2025 a 31/12/2027;114;20;http://pesquisa.in.gov.br/imprensa/jsp/visualiza/index.jsp?data=22/06/2026&jornal=515&pagina=20;DOU_XML;Art. 2º Deferir as renovações de certificação de entidade beneficente de assistência social das seguintes entidades por atenderem os requisitos legais constante [...] 114) CENTRO DE INTEGRAÇÃO EMPRESA ESCOLA CIEE, 61.600.839/0001-55, SÃO PAULO/SP, 308796.1081530/2024, de 01/01/2025 a 31/12/2027.
24056162#9;24056162;515_20260622_24056162.xml;2026-06-22;2026-06-11;PORTARIA Nº 85, DE 11 DE JUNHO DE 2026;Ministério do Desenvolvimento e Assistência Social, Família e Combate à Fome/Secretaria Nacional de Assistência Social/Departamento da Rede Socioassistencial Privada do Sistema Único de Assistência Social;ASSISTENCIA;04310564000181;S;CENTRO DE INTEGRAÇÃO EMPRESA ESCOLA DO ESTADO DE SANTA CATARINA - CIEE/SC;FLORIANÓPOLIS/SC;RENOVACAO;S;;01/01/2025 a 31/12/2027;114;20;http://pesquisa.in.gov.br/imprensa/jsp/visualiza/index.jsp?data=22/06/2026&jornal=515&pagina=20;DOU_XML;Art. 2º Deferir as renovações de certificação de entidade beneficente de assistência social das seguintes entidades por atenderem os requisitos legais constante [...] 115) CENTRO DE INTEGRAÇÃO EMPRESA ESCOLA DO ESTADO DE SANTA CATARINA - CIEE/SC, 04.310.564/0001-81, FLORIANÓPOLIS/SC, 308796.1060140/2024, de 01/01/2025 a 31/12/2027.
24056162#9;24056162;515_20260622_24056162.xml;2026-06-22;2026-06-11;PORTARIA Nº 85, DE 11 DE JUNHO DE 2026;Ministério do Desenvolvimento e Assistência Social, Família e Combate à Fome/Secretaria Nacional de Assistência Social/Departamento da Rede Socioassistencial Privada do Sistema Único de Assistência Social;ASSISTENCIA;58253667000186;S;CÍRCULO DE AMIGOS DO MENOR PATRULHEIRO DE SANTOS - CAMPS;SANTOS/SP;RENOVACAO;S;;01/01/2024 a 31/12/2026;114;20;http://pesquisa.in.gov.br/imprensa/jsp/visualiza/index.jsp?data=22/06/2026&jornal=515&pagina=20;DOU_XML;Art. 2º Deferir as renovações de certificação de entidade beneficente de assistência social das seguintes entidades por atenderem os requisitos legais constante [...] 116) CÍRCULO DE AMIGOS DO MENOR PATRULHEIRO DE SANTOS - CAMPS, 58.253.667/0001-86, SANTOS/SP, 235874.0440448/2022, de 01/01/2024 a 31/12/2026.
24056162#9;24056162;515_20260622_24056162.xml;2026-06-22;2026-06-11;PORTARIA Nº 85, DE 11 DE JUNHO DE 2026;Ministério do Desenvolvimento e Assistência Social, Família e Combate à Fome/Secretaria Nacional de Assistência Social/Departamento da Rede Socioassistencial Privada do Sistema Único de Assistência Social;ASSISTENCIA;13589270000121;S;COORDENADORIA ECUMENICA DE SERVIÇO;SALVADOR/BA;RENOVACAO;S;;23/08/2024 a 22/08/2027;114;20;http://pesquisa.in.gov.br/imprensa/jsp/visualiza/index.jsp?data=22/06/2026&jornal=515&pagina=20;DOU_XML;Art. 2º Deferir as renovações de certificação de entidade beneficente de assistência social das seguintes entidades por atenderem os requisitos legais constante [...] 117) COORDENADORIA ECUMENICA DE SERVIÇO, 13.589.270/0001-21, SALVADOR/BA, 308796.1058843/2024, de 23/08/2024 a 22/08/2027.
24056162#9;24056162;515_20260622_24056162.xml;2026-06-22;2026-06-11;PORTARIA Nº 85, DE 11 DE JUNHO DE 2026;Ministério do Desenvolvimento e Assistência Social, Família e Combate à Fome/Secretaria Nacional de Assistência Social/Departamento da Rede Socioassistencial Privada do Sistema Único de Assistência Social;ASSISTENCIA;45387982000154;S;EMAÚS IGUALDADE NO BRASIL;CACHOEIRA PAULISTA/SP;RENOVACAO;S;;01/01/2025 a 31/12/2029;114;20;http://pesquisa.in.gov.br/imprensa/jsp/visualiza/index.jsp?data=22/06/2026&jornal=515&pagina=20;DOU_XML;Art. 2º Deferir as renovações de certificação de entidade beneficente de assistência social das seguintes entidades por atenderem os requisitos legais constante [...] 118) EMAÚS IGUALDADE NO BRASIL, 45.387.982/0001-54, CACHOEIRA PAULISTA/SP, 308796.0964852/2024, de 01/01/2025 a 31/12/2029.
24056162#9;24056162;515_20260622_24056162.xml;2026-06-22;2026-06-11;PORTARIA Nº 85, DE 11 DE JUNHO DE 2026;Ministério do Desenvolvimento e Assistência Social, Família e Combate à Fome/Secretaria Nacional de Assistência Social/Departamento da Rede Socioassistencial Privada do Sistema Único de Assistência Social;ASSISTENCIA;44458040000157;S;EQUIPE CRISTO VERDADE QUE LIBERTA;BAURU/SP;RENOVACAO;S;;30/03/2021 a 29/03/2026;114;20;http://pesquisa.in.gov.br/imprensa/jsp/visualiza/index.jsp?data=22/06/2026&jornal=515&pagina=20;DOU_XML;Art. 2º Deferir as renovações de certificação de entidade beneficente de assistência social das seguintes entidades por atenderem os requisitos legais constante [...] 119) EQUIPE CRISTO VERDADE QUE LIBERTA, 44.458.040/0001-57, BAURU/SP, 235874.0020327/2020, de 30/03/2021 a 29/03/2026.
24056162#9;24056162;515_20260622_24056162.xml;2026-06-22;2026-06-11;PORTARIA Nº 85, DE 11 DE JUNHO DE 2026;Ministério do Desenvolvimento e Assistência Social, Família e Combate à Fome/Secretaria Nacional de Assistência Social/Departamento da Rede Socioassistencial Privada do Sistema Único de Assistência Social;ASSISTENCIA;69697662000169;S;ESCOLA DE DESENVOLVIMENTO E INTEGRAÇÃO SOCIAL PARA CRIANÇA E ADOLESCENTE EDISCA;FORTALEZA/CE;RENOVACAO;S;;01/01/2025 a 31/12/2027;114;20;http://pesquisa.in.gov.br/imprensa/jsp/visualiza/index.jsp?data=22/06/2026&jornal=515&pagina=20;DOU_XML;Art. 2º Deferir as renovações de certificação de entidade beneficente de assistência social das seguintes entidades por atenderem os requisitos legais constante [...] 120) ESCOLA DE DESENVOLVIMENTO E INTEGRAÇÃO SOCIAL PARA CRIANÇA E ADOLESCENTE EDISCA, 69.697.662/0001-69, FORTALEZA/CE, 308796.0983432/2024, de 01/01/2025 a 31/12/2027.
24056162#9;24056162;515_20260622_24056162.xml;2026-06-22;2026-06-11;PORTARIA Nº 85, DE 11 DE JUNHO DE 2026;Ministério do Desenvolvimento e Assistência Social, Família e Combate à Fome/Secretaria Nacional de Assistência Social/Departamento da Rede Socioassistencial Privada do Sistema Único de Assistência Social;ASSISTENCIA;08867508000101;S;FUNDAÇÃO ASSISTENCIAL CARLOS LEITE BARBOSA PINHEIRO;FORTALEZA/CE;RENOVACAO;S;;01/01/2025 a 31/12/2029;114;20;http://pesquisa.in.gov.br/imprensa/jsp/visualiza/index.jsp?data=22/06/2026&jornal=515&pagina=20;DOU_XML;Art. 2º Deferir as renovações de certificação de entidade beneficente de assistência social das seguintes entidades por atenderem os requisitos legais constante [...] 121) FUNDAÇÃO ASSISTENCIAL CARLOS LEITE BARBOSA PINHEIRO, 08.867.508/0001-01, FORTALEZA/CE, 308796.1012471/2024, de 01/01/2025 a 31/12/2029.
24056162#9;24056162;515_20260622_24056162.xml;2026-06-22;2026-06-11;PORTARIA Nº 85, DE 11 DE JUNHO DE 2026;Ministério do Desenvolvimento e Assistência Social, Família e Combate à Fome/Secretaria Nacional de Assistência Social/Departamento da Rede Socioassistencial Privada do Sistema Único de Assistência Social;ASSISTENCIA;04959069000106;S;FUNDAÇÃO CENTRO DA CRIANÇA E DO ADOLESCENTE DE SERRO;SERRO/MG;RENOVACAO;S;;01/01/2025 a 31/12/2029;114;20;http://pesquisa.in.gov.br/imprensa/jsp/visualiza/index.jsp?data=22/06/2026&jornal=515&pagina=20;DOU_XML;Art. 2º Deferir as renovações de certificação de entidade beneficente de assistência social das seguintes entidades por atenderem os requisitos legais constante [...] 122) FUNDAÇÃO CENTRO DA CRIANÇA E DO ADOLESCENTE DE SERRO, 04.959.069/0001-06, SERRO/MG, 235874.0388053/2022, de 01/01/2025 a 31/12/2029.
24056162#9;24056162;515_20260622_24056162.xml;2026-06-22;2026-06-11;PORTARIA Nº 85, DE 11 DE JUNHO DE 2026;Ministério do Desenvolvimento e Assistência Social, Família e Combate à Fome/Secretaria Nacional de Assistência Social/Departamento da Rede Socioassistencial Privada do Sistema Único de Assistência Social;ASSISTENCIA;02835722000191;S;FUNDAÇÃO EVANGÉLICA DE ASSISTÊNCIA SOCIAL EL-SHADAI FENASE PROJETO VIVER;NITERÓI/RJ;RENOVACAO;S;;01/01/2024 a 31/12/2028;114;20;http://pesquisa.in.gov.br/imprensa/jsp/visualiza/index.jsp?data=22/06/2026&jornal=515&pagina=20;DOU_XML;Art. 2º Deferir as renovações de certificação de entidade beneficente de assistência social das seguintes entidades por atenderem os requisitos legais constante [...] 123) FUNDAÇÃO EVANGÉLICA DE ASSISTÊNCIA SOCIAL EL-SHADAI FENASE PROJETO VIVER, 02.835.722/0001-91, NITERÓI/RJ, 308796.0777824/2023, de 01/01/2024 a 31/12/2028.
24056162#9;24056162;515_20260622_24056162.xml;2026-06-22;2026-06-11;PORTARIA Nº 85, DE 11 DE JUNHO DE 2026;Ministério do Desenvolvimento e Assistência Social, Família e Combate à Fome/Secretaria Nacional de Assistência Social/Departamento da Rede Socioassistencial Privada do Sistema Único de Assistência Social;ASSISTENCIA;47746532000136;S;FUNDAÇÃO MIRIM DE ARAÇATUBA;ARAÇATUBA/SP;RENOVACAO;S;;01/01/2025 a 31/12/2027;114;20;http://pesquisa.in.gov.br/imprensa/jsp/visualiza/index.jsp?data=22/06/2026&jornal=515&pagina=20;DOU_XML;Art. 2º Deferir as renovações de certificação de entidade beneficente de assistência social das seguintes entidades por atenderem os requisitos legais constante [...] 124) FUNDAÇÃO MIRIM DE ARAÇATUBA, 47.746.532/0001-36, ARAÇATUBA/SP, 308796.1033541/2024, de 01/01/2025 a 31/12/2027.
24056162#9;24056162;515_20260622_24056162.xml;2026-06-22;2026-06-11;PORTARIA Nº 85, DE 11 DE JUNHO DE 2026;Ministério do Desenvolvimento e Assistência Social, Família e Combate à Fome/Secretaria Nacional de Assistência Social/Departamento da Rede Socioassistencial Privada do Sistema Único de Assistência Social;ASSISTENCIA;62661251000174;S;FUNDAÇÃO PRESBITERIANA DE SÃO PAULO;SÃO PAULO/SP;RENOVACAO;S;;01/01/2025 a 31/12/2027;114;20;http://pesquisa.in.gov.br/imprensa/jsp/visualiza/index.jsp?data=22/06/2026&jornal=515&pagina=20;DOU_XML;Art. 2º Deferir as renovações de certificação de entidade beneficente de assistência social das seguintes entidades por atenderem os requisitos legais constante [...] 125) FUNDAÇÃO PRESBITERIANA DE SÃO PAULO, 62.661.251/0001-74, SÃO PAULO/SP, 308796.1101447/2024, de 01/01/2025 a 31/12/2027.
24056162#9;24056162;515_20260622_24056162.xml;2026-06-22;2026-06-11;PORTARIA Nº 85, DE 11 DE JUNHO DE 2026;Ministério do Desenvolvimento e Assistência Social, Família e Combate à Fome/Secretaria Nacional de Assistência Social/Departamento da Rede Socioassistencial Privada do Sistema Único de Assistência Social;ASSISTENCIA;21260302000179;S;FUNDAÇÃO SÃO VICENTE DE PAULO;ITAÚNA/MG;RENOVACAO;S;;01/01/2025 a 31/12/2027;114;20;http://pesquisa.in.gov.br/imprensa/jsp/visualiza/index.jsp?data=22/06/2026&jornal=515&pagina=20;DOU_XML;Art. 2º Deferir as renovações de certificação de entidade beneficente de assistência social das seguintes entidades por atenderem os requisitos legais constante [...] 126) FUNDAÇÃO SÃO VICENTE DE PAULO, 21.260.302/0001-79, ITAÚNA/MG, 308796.0996629/2024, de 01/01/2025 a 31/12/2027.
24056162#9;24056162;515_20260622_24056162.xml;2026-06-22;2026-06-11;PORTARIA Nº 85, DE 11 DE JUNHO DE 2026;Ministério do Desenvolvimento e Assistência Social, Família e Combate à Fome/Secretaria Nacional de Assistência Social/Departamento da Rede Socioassistencial Privada do Sistema Único de Assistência Social;ASSISTENCIA;81652513000189;S;FUNDAÇÃO SOLIDARIEDADE;CAMPO MAGRO/PR;RENOVACAO;S;;01/01/2025 a 31/12/2027;114;20;http://pesquisa.in.gov.br/imprensa/jsp/visualiza/index.jsp?data=22/06/2026&jornal=515&pagina=20;DOU_XML;Art. 2º Deferir as renovações de certificação de entidade beneficente de assistência social das seguintes entidades por atenderem os requisitos legais constante [...] 127) FUNDAÇÃO SOLIDARIEDADE, 81.652.513/0001-89, CAMPO MAGRO/PR, 308796.1084587/2024, de 01/01/2025 a 31/12/2027.
24056162#9;24056162;515_20260622_24056162.xml;2026-06-22;2026-06-11;PORTARIA Nº 85, DE 11 DE JUNHO DE 2026;Ministério do Desenvolvimento e Assistência Social, Família e Combate à Fome/Secretaria Nacional de Assistência Social/Departamento da Rede Socioassistencial Privada do Sistema Único de Assistência Social;ASSISTENCIA;05106014000108;S;FUNDAÇÃO TOLEDO;BAURU/SP;RENOVACAO;S;;01/04/2024 a 31/03/2027;114;20;http://pesquisa.in.gov.br/imprensa/jsp/visualiza/index.jsp?data=22/06/2026&jornal=515&pagina=20;DOU_XML;Art. 2º Deferir as renovações de certificação de entidade beneficente de assistência social das seguintes entidades por atenderem os requisitos legais constante [...] 128) FUNDAÇÃO TOLEDO, 05.106.014/0001-08, BAURU/SP, 71000.095543/2023-40, de 01/04/2024 a 31/03/2027.
24056162#9;24056162;515_20260622_24056162.xml;2026-06-22;2026-06-11;PORTARIA Nº 85, DE 11 DE JUNHO DE 2026;Ministério do Desenvolvimento e Assistência Social, Família e Combate à Fome/Secretaria Nacional de Assistência Social/Departamento da Rede Socioassistencial Privada do Sistema Único de Assistência Social;ASSISTENCIA;51420172000155;S;GUARDA MIRIM DE SANTA BÁRBARA D´OESTE;SANTA BÁRBARA DOESTE/SP;RENOVACAO;S;;16/02/2024 a 15/02/2027;114;20;http://pesquisa.in.gov.br/imprensa/jsp/visualiza/index.jsp?data=22/06/2026&jornal=515&pagina=20;DOU_XML;Art. 2º Deferir as renovações de certificação de entidade beneficente de assistência social das seguintes entidades por atenderem os requisitos legais constante [...] 129) GUARDA MIRIM DE SANTA BÁRBARA D´OESTE, 51.420.172/0001-55, SANTA BÁRBARA DOESTE/SP, 308796.0799568/2023, de 16/02/2024 a 15/02/2027.
24056162#9;24056162;515_20260622_24056162.xml;2026-06-22;2026-06-11;PORTARIA Nº 85, DE 11 DE JUNHO DE 2026;Ministério do Desenvolvimento e Assistência Social, Família e Combate à Fome/Secretaria Nacional de Assistência Social/Departamento da Rede Socioassistencial Privada do Sistema Único de Assistência Social;ASSISTENCIA;04165305000104;S;INSTITUIÇÃO MARIA GIANNI DE ANDRADE;PITANGUEIRAS/SP;RENOVACAO;S;;01/01/2025 a 31/12/2027;114;20;http://pesquisa.in.gov.br/imprensa/jsp/visualiza/index.jsp?data=22/06/2026&jornal=515&pagina=20;DOU_XML;Art. 2º Deferir as renovações de certificação de entidade beneficente de assistência social das seguintes entidades por atenderem os requisitos legais constante [...] 130) INSTITUIÇÃO MARIA GIANNI DE ANDRADE, 04.165.305/0001-04, PITANGUEIRAS/SP, 308796.1076421/2024, de 01/01/2025 a 31/12/2027.
24056162#9;24056162;515_20260622_24056162.xml;2026-06-22;2026-06-11;PORTARIA Nº 85, DE 11 DE JUNHO DE 2026;Ministério do Desenvolvimento e Assistência Social, Família e Combate à Fome/Secretaria Nacional de Assistência Social/Departamento da Rede Socioassistencial Privada do Sistema Único de Assistência Social;ASSISTENCIA;05429595000119;S;INSTITUTO ACAO CIDADAO;BOITUVA/SP;RENOVACAO;S;;24/08/2025 a 23/08/2030;114;20;http://pesquisa.in.gov.br/imprensa/jsp/visualiza/index.jsp?data=22/06/2026&jornal=515&pagina=20;DOU_XML;Art. 2º Deferir as renovações de certificação de entidade beneficente de assistência social das seguintes entidades por atenderem os requisitos legais constante [...] 131) INSTITUTO ACAO CIDADAO, 05.429.595/0001-19, BOITUVA/SP, 308796.1322420/2025, de 24/08/2025 a 23/08/2030.
24056162#9;24056162;515_20260622_24056162.xml;2026-06-22;2026-06-11;PORTARIA Nº 85, DE 11 DE JUNHO DE 2026;Ministério do Desenvolvimento e Assistência Social, Família e Combate à Fome/Secretaria Nacional de Assistência Social/Departamento da Rede Socioassistencial Privada do Sistema Único de Assistência Social;ASSISTENCIA;04468581000141;S;INSTITUTO ARTICULAÇÃO DE TECNOLOGIAS SOCIAIS E AÇÕES FORMATIVAS - INSTITUTO ADESAF;SÃO VICENTE/SP;RENOVACAO;S;;01/01/2025 a 31/12/2027;114;20;http://pesquisa.in.gov.br/imprensa/jsp/visualiza/index.jsp?data=22/06/2026&jornal=515&pagina=20;DOU_XML;Art. 2º Deferir as renovações de certificação de entidade beneficente de assistência social das seguintes entidades por atenderem os requisitos legais constante [...] 132) INSTITUTO ARTICULAÇÃO DE TECNOLOGIAS SOCIAIS E AÇÕES FORMATIVAS - INSTITUTO ADESAF, 04.468.581/0001-41, SÃO VICENTE/SP, 308796.0673142/2023, de 01/01/2025 a 31/12/2027.
24056162#9;24056162;515_20260622_24056162.xml;2026-06-22;2026-06-11;PORTARIA Nº 85, DE 11 DE JUNHO DE 2026;Ministério do Desenvolvimento e Assistência Social, Família e Combate à Fome/Secretaria Nacional de Assistência Social/Departamento da Rede Socioassistencial Privada do Sistema Único de Assistência Social;ASSISTENCIA;08799272000105;S;INSTITUTO DOM HELDER CAMARA;RECIFE/PE;RENOVACAO;S;;01/01/2024 a 31/12/2026;114;20;http://pesquisa.in.gov.br/imprensa/jsp/visualiza/index.jsp?data=22/06/2026&jornal=515&pagina=20;DOU_XML;Art. 2º Deferir as renovações de certificação de entidade beneficente de assistência social das seguintes entidades por atenderem os requisitos legais constante [...] 133) INSTITUTO DOM HELDER CAMARA, 08.799.272/0001-05, RECIFE/PE, 308796.0807776/2023, de 01/01/2024 a 31/12/2026.
24056162#9;24056162;515_20260622_24056162.xml;2026-06-22;2026-06-11;PORTARIA Nº 85, DE 11 DE JUNHO DE 2026;Ministério do Desenvolvimento e Assistência Social, Família e Combate à Fome/Secretaria Nacional de Assistência Social/Departamento da Rede Socioassistencial Privada do Sistema Único de Assistência Social;ASSISTENCIA;50790286000124;S;INSTITUTO EDUCACIONAL, ASSISTENCIAL E SOCIAL DE ITAPETININGA;ITAPETININGA/SP;RENOVACAO;S;;01/01/2025 a 31/12/2027;114;20;http://pesquisa.in.gov.br/imprensa/jsp/visualiza/index.jsp?data=22/06/2026&jornal=515&pagina=20;DOU_XML;Art. 2º Deferir as renovações de certificação de entidade beneficente de assistência social das seguintes entidades por atenderem os requisitos legais constante [...] 134) INSTITUTO EDUCACIONAL, ASSISTENCIAL E SOCIAL DE ITAPETININGA, 50.790.286/0001-24, ITAPETININGA/SP, 308796.0878397/2024, de 01/01/2025 a 31/12/2027.
24056162#9;24056162;515_20260622_24056162.xml;2026-06-22;2026-06-11;PORTARIA Nº 85, DE 11 DE JUNHO DE 2026;Ministério do Desenvolvimento e Assistência Social, Família e Combate à Fome/Secretaria Nacional de Assistência Social/Departamento da Rede Socioassistencial Privada do Sistema Único de Assistência Social;ASSISTENCIA;71493977000136;S;INSTITUTO HUMBERTO DE CAMPOS;SOROCABA/SP;RENOVACAO;S;;01/01/2025 a 31/12/2027;114;20;http://pesquisa.in.gov.br/imprensa/jsp/visualiza/index.jsp?data=22/06/2026&jornal=515&pagina=20;DOU_XML;Art. 2º Deferir as renovações de certificação de entidade beneficente de assistência social das seguintes entidades por atenderem os requisitos legais constante [...] 135) INSTITUTO HUMBERTO DE CAMPOS, 71.493.977/0001-36, SOROCABA/SP, 308796.1017399/2024, de 01/01/2025 a 31/12/2027.
24056162#9;24056162;515_20260622_24056162.xml;2026-06-22;2026-06-11;PORTARIA Nº 85, DE 11 DE JUNHO DE 2026;Ministério do Desenvolvimento e Assistência Social, Família e Combate à Fome/Secretaria Nacional de Assistência Social/Departamento da Rede Socioassistencial Privada do Sistema Único de Assistência Social;ASSISTENCIA;12247839000108;S;INSTITUTO NACIONAL DE DESENVOLVIMENTO SOCIAL E QUALIFICAÇÃO PROFISSIONAL;FORTALEZA/CE;RENOVACAO;S;;11/06/2024 a 10/06/2027;114;20;http://pesquisa.in.gov.br/imprensa/jsp/visualiza/index.jsp?data=22/06/2026&jornal=515&pagina=20;DOU_XML;Art. 2º Deferir as renovações de certificação de entidade beneficente de assistência social das seguintes entidades por atenderem os requisitos legais constante [...] 136) INSTITUTO NACIONAL DE DESENVOLVIMENTO SOCIAL E QUALIFICAÇÃO PROFISSIONAL, 12.247.839/0001-08, FORTALEZA/CE, 308796.0810744/2023, de 11/06/2024 a 10/06/2027.
24056162#9;24056162;515_20260622_24056162.xml;2026-06-22;2026-06-11;PORTARIA Nº 85, DE 11 DE JUNHO DE 2026;Ministério do Desenvolvimento e Assistência Social, Família e Combate à Fome/Secretaria Nacional de Assistência Social/Departamento da Rede Socioassistencial Privada do Sistema Único de Assistência Social;ASSISTENCIA;15080180000136;S;INSTITUTO PERTENCER ESTUDOS E PESQUISA EM INCLUSAO E EDUCACAO;RIO DE JANEIRO/RJ;RENOVACAO;S;;01/01/2025 a 31/12/2027;114;20;http://pesquisa.in.gov.br/imprensa/jsp/visualiza/index.jsp?data=22/06/2026&jornal=515&pagina=20;DOU_XML;Art. 2º Deferir as renovações de certificação de entidade beneficente de assistência social das seguintes entidades por atenderem os requisitos legais constante [...] 137) INSTITUTO PERTENCER ESTUDOS E PESQUISA EM INCLUSAO E EDUCACAO, 15.080.180/0001-36, RIO DE JANEIRO/RJ, 308796.0954440/2024, de 01/01/2025 a 31/12/2027.
24056162#9;24056162;515_20260622_24056162.xml;2026-06-22;2026-06-11;PORTARIA Nº 85, DE 11 DE JUNHO DE 2026;Ministério do Desenvolvimento e Assistência Social, Família e Combate à Fome/Secretaria Nacional de Assistência Social/Departamento da Rede Socioassistencial Privada do Sistema Único de Assistência Social;ASSISTENCIA;05875060000171;S;INSTITUTO PILAR;SÃO PAULO/SP;RENOVACAO;S;;28/04/2024 a 27/04/2027;114;20;http://pesquisa.in.gov.br/imprensa/jsp/visualiza/index.jsp?data=22/06/2026&jornal=515&pagina=20;DOU_XML;Art. 2º Deferir as renovações de certificação de entidade beneficente de assistência social das seguintes entidades por atenderem os requisitos legais constante [...] 138) INSTITUTO PILAR, 05.875.060/0001-71, SÃO PAULO/SP, 308796.0877513/2024, de 28/04/2024 a 27/04/2027.
24056162#9;24056162;515_20260622_24056162.xml;2026-06-22;2026-06-11;PORTARIA Nº 85, DE 11 DE JUNHO DE 2026;Ministério do Desenvolvimento e Assistência Social, Família e Combate à Fome/Secretaria Nacional de Assistência Social/Departamento da Rede Socioassistencial Privada do Sistema Único de Assistência Social;ASSISTENCIA;10386914000196;S;LAR DE ACOLHIMENTO E REINTEGRAÇÃO MANÁ;PAULISTA/PE;RENOVACAO;S;;01/01/2024 a 31/12/2026;114;20;http://pesquisa.in.gov.br/imprensa/jsp/visualiza/index.jsp?data=22/06/2026&jornal=515&pagina=20;DOU_XML;Art. 2º Deferir as renovações de certificação de entidade beneficente de assistência social das seguintes entidades por atenderem os requisitos legais constante [...] 139) LAR DE ACOLHIMENTO E REINTEGRAÇÃO MANÁ, 10.386.914/0001-96, PAULISTA/PE, 308796.0685063/2023, de 01/01/2024 a 31/12/2026.
24056162#9;24056162;515_20260622_24056162.xml;2026-06-22;2026-06-11;PORTARIA Nº 85, DE 11 DE JUNHO DE 2026;Ministério do Desenvolvimento e Assistência Social, Família e Combate à Fome/Secretaria Nacional de Assistência Social/Departamento da Rede Socioassistencial Privada do Sistema Único de Assistência Social;ASSISTENCIA;45845013000108;S;LAR DE IDOSOS VICENTE DE PAULO DE CAÇAPAVA;CAÇAPAVA/SP;RENOVACAO;S;;01/01/2025 a 31/12/2027;114;20;http://pesquisa.in.gov.br/imprensa/jsp/visualiza/index.jsp?data=22/06/2026&jornal=515&pagina=20;DOU_XML;Art. 2º Deferir as renovações de certificação de entidade beneficente de assistência social das seguintes entidades por atenderem os requisitos legais constante [...] 140) LAR DE IDOSOS VICENTE DE PAULO DE CAÇAPAVA, 45.845.013/0001-08, CAÇAPAVA/SP, 308796.1098535/2024, de 01/01/2025 a 31/12/2027.
24056162#9;24056162;515_20260622_24056162.xml;2026-06-22;2026-06-11;PORTARIA Nº 85, DE 11 DE JUNHO DE 2026;Ministério do Desenvolvimento e Assistência Social, Família e Combate à Fome/Secretaria Nacional de Assistência Social/Departamento da Rede Socioassistencial Privada do Sistema Único de Assistência Social;ASSISTENCIA;46409637000137;S;LAR DOCE LAR - CENTRO ESPECIALIZADO DE ACOLHIMENTO E ASSITENCIA SOCIAL - LDL;PEDREIRA/SP;RENOVACAO;S;;01/01/2025 a 31/12/2027;114;20;http://pesquisa.in.gov.br/imprensa/jsp/visualiza/index.jsp?data=22/06/2026&jornal=515&pagina=20;DOU_XML;Art. 2º Deferir as renovações de certificação de entidade beneficente de assistência social das seguintes entidades por atenderem os requisitos legais constante [...] 141) LAR DOCE LAR - CENTRO ESPECIALIZADO DE ACOLHIMENTO E ASSITENCIA SOCIAL - LDL, 46.409.637/0001-37, PEDREIRA/SP, 308796.1060279/2024, de 01/01/2025 a 31/12/2027.
24056162#9;24056162;515_20260622_24056162.xml;2026-06-22;2026-06-11;PORTARIA Nº 85, DE 11 DE JUNHO DE 2026;Ministério do Desenvolvimento e Assistência Social, Família e Combate à Fome/Secretaria Nacional de Assistência Social/Departamento da Rede Socioassistencial Privada do Sistema Único de Assistência Social;ASSISTENCIA;24670614000149;S;LAR DOS IDOSOS CASA DO PEREGRINO;COLÍDER/MT;RENOVACAO;S;;01/01/2025 a 31/12/2027;114;20;http://pesquisa.in.gov.br/imprensa/jsp/visualiza/index.jsp?data=22/06/2026&jornal=515&pagina=20;DOU_XML;Art. 2º Deferir as renovações de certificação de entidade beneficente de assistência social das seguintes entidades por atenderem os requisitos legais constante [...] 142) LAR DOS IDOSOS CASA DO PEREGRINO, 24.670.614/0001-49, COLÍDER/MT, 308796.1077415/2024, de 01/01/2025 a 31/12/2027.
24056162#9;24056162;515_20260622_24056162.xml;2026-06-22;2026-06-11;PORTARIA Nº 85, DE 11 DE JUNHO DE 2026;Ministério do Desenvolvimento e Assistência Social, Família e Combate à Fome/Secretaria Nacional de Assistência Social/Departamento da Rede Socioassistencial Privada do Sistema Único de Assistência Social;ASSISTENCIA;48839427000104;S;LAR DOS VELHOS FLAMINIO MAURICIO;PEDREIRA/SP;RENOVACAO;S;;01/01/2024 a 31/12/2026;114;20;http://pesquisa.in.gov.br/imprensa/jsp/visualiza/index.jsp?data=22/06/2026&jornal=515&pagina=20;DOU_XML;Art. 2º Deferir as renovações de certificação de entidade beneficente de assistência social das seguintes entidades por atenderem os requisitos legais constante [...] 143) LAR DOS VELHOS FLAMINIO MAURICIO, 48.839.427/0001-04, PEDREIRA/SP, 308796.0776289/2023, de 01/01/2024 a 31/12/2026.
24056162#9;24056162;515_20260622_24056162.xml;2026-06-22;2026-06-11;PORTARIA Nº 85, DE 11 DE JUNHO DE 2026;Ministério do Desenvolvimento e Assistência Social, Família e Combate à Fome/Secretaria Nacional de Assistência Social/Departamento da Rede Socioassistencial Privada do Sistema Único de Assistência Social;ASSISTENCIA;71868962000105;S;LAR ESPÍRITA IVAN SANTOS DE ALBUQUERQUE;SOROCABA/SP;RENOVACAO;S;;31/01/2024 a 30/01/2027;114;20;http://pesquisa.in.gov.br/imprensa/jsp/visualiza/index.jsp?data=22/06/2026&jornal=515&pagina=20;DOU_XML;Art. 2º Deferir as renovações de certificação de entidade beneficente de assistência social das seguintes entidades por atenderem os requisitos legais constante [...] 144) LAR ESPÍRITA IVAN SANTOS DE ALBUQUERQUE, 71.868.962/0001-05, SOROCABA/SP, 71000.097973/2023-04, de 31/01/2024 a 30/01/2027.
24056162#9;24056162;515_20260622_24056162.xml;2026-06-22;2026-06-11;PORTARIA Nº 85, DE 11 DE JUNHO DE 2026;Ministério do Desenvolvimento e Assistência Social, Família e Combate à Fome/Secretaria Nacional de Assistência Social/Departamento da Rede Socioassistencial Privada do Sistema Único de Assistência Social;ASSISTENCIA;43353820000170;S;LAR SÃO JOSÉ;DIADEMA/SP;RENOVACAO;S;;01/01/2025 a 31/12/2027;114;20;http://pesquisa.in.gov.br/imprensa/jsp/visualiza/index.jsp?data=22/06/2026&jornal=515&pagina=20;DOU_XML;Art. 2º Deferir as renovações de certificação de entidade beneficente de assistência social das seguintes entidades por atenderem os requisitos legais constante [...] 145) LAR SÃO JOSÉ, 43.353.820/0001-70, DIADEMA/SP, 308796.0856846/2024, de 01/01/2025 a 31/12/2027.
24056162#9;24056162;515_20260622_24056162.xml;2026-06-22;2026-06-11;PORTARIA Nº 85, DE 11 DE JUNHO DE 2026;Ministério do Desenvolvimento e Assistência Social, Família e Combate à Fome/Secretaria Nacional de Assistência Social/Departamento da Rede Socioassistencial Privada do Sistema Único de Assistência Social;ASSISTENCIA;02242994000188;S;LAR TIA ANASTÁCIA;TERESÓPOLIS/RJ;RENOVACAO;S;;01/01/2025 a 31/12/2029;114;20;http://pesquisa.in.gov.br/imprensa/jsp/visualiza/index.jsp?data=22/06/2026&jornal=515&pagina=20;DOU_XML;Art. 2º Deferir as renovações de certificação de entidade beneficente de assistência social das seguintes entidades por atenderem os requisitos legais constante [...] 146) LAR TIA ANASTÁCIA, 02.242.994/0001-88, TERESÓPOLIS/RJ, 308796.1047886/2024, de 01/01/2025 a 31/12/2029.
24056162#9;24056162;515_20260622_24056162.xml;2026-06-22;2026-06-11;PORTARIA Nº 85, DE 11 DE JUNHO DE 2026;Ministério do Desenvolvimento e Assistência Social, Família e Combate à Fome/Secretaria Nacional de Assistência Social/Departamento da Rede Socioassistencial Privada do Sistema Único de Assistência Social;ASSISTENCIA;62063060000100;S;NOVA 4E - ENTIDADE ESPECIALIZADA EM PESSOAS ESPECIAIS;SÃO PAULO/SP;RENOVACAO;S;;01/01/2025 a 31/12/2027;114;20;http://pesquisa.in.gov.br/imprensa/jsp/visualiza/index.jsp?data=22/06/2026&jornal=515&pagina=20;DOU_XML;Art. 2º Deferir as renovações de certificação de entidade beneficente de assistência social das seguintes entidades por atenderem os requisitos legais constante [...] 147) NOVA 4E - ENTIDADE ESPECIALIZADA EM PESSOAS ESPECIAIS, 62.063.060/0001-00, SÃO PAULO/SP, 308796.0863723/2024, de 01/01/2025 a 31/12/2027.
24056162#9;24056162;515_20260622_24056162.xml;2026-06-22;2026-06-11;PORTARIA Nº 85, DE 11 DE JUNHO DE 2026;Ministério do Desenvolvimento e Assistência Social, Família e Combate à Fome/Secretaria Nacional de Assistência Social/Departamento da Rede Socioassistencial Privada do Sistema Único de Assistência Social;ASSISTENCIA;13434693000172;S;O CORAÇÃO DO PAI;MANAUS/AM;RENOVACAO;S;;01/01/2025 a 31/12/2027;114;20;http://pesquisa.in.gov.br/imprensa/jsp/visualiza/index.jsp?data=22/06/2026&jornal=515&pagina=20;DOU_XML;Art. 2º Deferir as renovações de certificação de entidade beneficente de assistência social das seguintes entidades por atenderem os requisitos legais constante [...] 148) O CORAÇÃO DO PAI, 13.434.693/0001-72, MANAUS/AM, 308796.0931146/2024, de 01/01/2025 a 31/12/2027.
24056162#9;24056162;515_20260622_24056162.xml;2026-06-22;2026-06-11;PORTARIA Nº 85, DE 11 DE JUNHO DE 2026;Ministério do Desenvolvimento e Assistência Social, Família e Combate à Fome/Secretaria Nacional de Assistência Social/Departamento da Rede Socioassistencial Privada do Sistema Único de Assistência Social;ASSISTENCIA;26117457000174;S;OBRA UNIDA ABRIGO SÃO VICENTE DE PAULO;MIRADOURO/MG;RENOVACAO;S;;01/01/2025 a 31/12/2029;114;20;http://pesquisa.in.gov.br/imprensa/jsp/visualiza/index.jsp?data=22/06/2026&jornal=515&pagina=20;DOU_XML;Art. 2º Deferir as renovações de certificação de entidade beneficente de assistência social das seguintes entidades por atenderem os requisitos legais constante [...] 149) OBRA UNIDA ABRIGO SÃO VICENTE DE PAULO, 26.117.457/0001-74, MIRADOURO/MG, 308796.1087835/2024, de 01/01/2025 a 31/12/2029.
24056162#9;24056162;515_20260622_24056162.xml;2026-06-22;2026-06-11;PORTARIA Nº 85, DE 11 DE JUNHO DE 2026;Ministério do Desenvolvimento e Assistência Social, Família e Combate à Fome/Secretaria Nacional de Assistência Social/Departamento da Rede Socioassistencial Privada do Sistema Único de Assistência Social;ASSISTENCIA;02708667000179;S;OBRAS SOCIAIS DO CENTRO ESPIRÍTA IRMAO AUREO;BRASÍLIA/DF;RENOVACAO;S;;01/01/2024 a 31/12/2026;114;20;http://pesquisa.in.gov.br/imprensa/jsp/visualiza/index.jsp?data=22/06/2026&jornal=515&pagina=20;DOU_XML;Art. 2º Deferir as renovações de certificação de entidade beneficente de assistência social das seguintes entidades por atenderem os requisitos legais constante [...] 150) OBRAS SOCIAIS DO CENTRO ESPIRÍTA IRMAO AUREO, 02.708.667/0001-79, BRASÍLIA/DF, 308796.0755396/2023, de 01/01/2024 a 31/12/2026.
24056162#9;24056162;515_20260622_24056162.xml;2026-06-22;2026-06-11;PORTARIA Nº 85, DE 11 DE JUNHO DE 2026;Ministério do Desenvolvimento e Assistência Social, Família e Combate à Fome/Secretaria Nacional de Assistência Social/Departamento da Rede Socioassistencial Privada do Sistema Único de Assistência Social;ASSISTENCIA;73490856000166;S;OFICINA PROFISSIONALIZANTE CLUBE DE MÃES DO BRASIL;SÃO PAULO/SP;RENOVACAO;S;;01/01/2025 a 31/12/2029;114;20;http://pesquisa.in.gov.br/imprensa/jsp/visualiza/index.jsp?data=22/06/2026&jornal=515&pagina=20;DOU_XML;Art. 2º Deferir as renovações de certificação de entidade beneficente de assistência social das seguintes entidades por atenderem os requisitos legais constante [...] 151) OFICINA PROFISSIONALIZANTE CLUBE DE MÃES DO BRASIL, 73.490.856/0001-66, SÃO PAULO/SP, 308796.1141540/2024, de 01/01/2025 a 31/12/2029.
24056162#9;24056162;515_20260622_24056162.xml;2026-06-22;2026-06-11;PORTARIA Nº 85, DE 11 DE JUNHO DE 2026;Ministério do Desenvolvimento e Assistência Social, Família e Combate à Fome/Secretaria Nacional de Assistência Social/Departamento da Rede Socioassistencial Privada do Sistema Único de Assistência Social;ASSISTENCIA;05491390000163;S;ORGANIZAÇÃO NÃO GOVERNAMENTAL MÃOS AMIGAS INTERNACIONAL;DIADEMA/SP;RENOVACAO;S;;01/01/2025 a 31/12/2027;114;20;http://pesquisa.in.gov.br/imprensa/jsp/visualiza/index.jsp?data=22/06/2026&jornal=515&pagina=20;DOU_XML;Art. 2º Deferir as renovações de certificação de entidade beneficente de assistência social das seguintes entidades por atenderem os requisitos legais constante [...] 152) ORGANIZAÇÃO NÃO GOVERNAMENTAL MÃOS AMIGAS INTERNACIONAL, 05.491.390/0001-63, DIADEMA/SP, 308796.0805542/2023, de 01/01/2025 a 31/12/2027.
24056162#9;24056162;515_20260622_24056162.xml;2026-06-22;2026-06-11;PORTARIA Nº 85, DE 11 DE JUNHO DE 2026;Ministério do Desenvolvimento e Assistência Social, Família e Combate à Fome/Secretaria Nacional de Assistência Social/Departamento da Rede Socioassistencial Privada do Sistema Único de Assistência Social;ASSISTENCIA;08294101000124;S;ORGANIZAÇÃO NÃO GOVERNAMENTAL PARCEIROS DA ESPERANÇA;VENÂNCIO AIRES/RS;RENOVACAO;S;;01/01/2025 a 31/12/2027;114;20;http://pesquisa.in.gov.br/imprensa/jsp/visualiza/index.jsp?data=22/06/2026&jornal=515&pagina=20;DOU_XML;Art. 2º Deferir as renovações de certificação de entidade beneficente de assistência social das seguintes entidades por atenderem os requisitos legais constante [...] 153) ORGANIZAÇÃO NÃO GOVERNAMENTAL PARCEIROS DA ESPERANÇA, 08.294.101/0001-24, VENÂNCIO AIRES/RS, 308796.0959136/2024, de 01/01/2025 a 31/12/2027.
24056162#9;24056162;515_20260622_24056162.xml;2026-06-22;2026-06-11;PORTARIA Nº 85, DE 11 DE JUNHO DE 2026;Ministério do Desenvolvimento e Assistência Social, Família e Combate à Fome/Secretaria Nacional de Assistência Social/Departamento da Rede Socioassistencial Privada do Sistema Único de Assistência Social;ASSISTENCIA;07788586000140;S;ORGANIZAÇÃO REGIONAL DE COMBATE AO CÂNCER;BETIM/MG;RENOVACAO;S;;31/10/2024 a 30/10/2027;114;20;http://pesquisa.in.gov.br/imprensa/jsp/visualiza/index.jsp?data=22/06/2026&jornal=515&pagina=20;DOU_XML;Art. 2º Deferir as renovações de certificação de entidade beneficente de assistência social das seguintes entidades por atenderem os requisitos legais constante [...] 154) ORGANIZAÇÃO REGIONAL DE COMBATE AO CÂNCER, 07.788.586/0001-40, BETIM/MG, 308796.1077101/2024, de 31/10/2024 a 30/10/2027.
24056162#9;24056162;515_20260622_24056162.xml;2026-06-22;2026-06-11;PORTARIA Nº 85, DE 11 DE JUNHO DE 2026;Ministério do Desenvolvimento e Assistência Social, Família e Combate à Fome/Secretaria Nacional de Assistência Social/Departamento da Rede Socioassistencial Privada do Sistema Único de Assistência Social;ASSISTENCIA;44596666000120;S;OS SEAREIROS;CAMPINAS/SP;RENOVACAO;S;;26/10/2024 a 25/10/2027;114;20;http://pesquisa.in.gov.br/imprensa/jsp/visualiza/index.jsp?data=22/06/2026&jornal=515&pagina=20;DOU_XML;Art. 2º Deferir as renovações de certificação de entidade beneficente de assistência social das seguintes entidades por atenderem os requisitos legais constante [...] 155) OS SEAREIROS, 44.596.666/0001-20, CAMPINAS/SP, 308796.1094632/2024, de 26/10/2024 a 25/10/2027.
24056162#9;24056162;515_20260622_24056162.xml;2026-06-22;2026-06-11;PORTARIA Nº 85, DE 11 DE JUNHO DE 2026;Ministério do Desenvolvimento e Assistência Social, Família e Combate à Fome/Secretaria Nacional de Assistência Social/Departamento da Rede Socioassistencial Privada do Sistema Único de Assistência Social;ASSISTENCIA;14066373000170;S;RECICALCE -ENTIDADE BENEFICENTE E DE RECICLAGEM DE CALÇADOS;SÃO JOSÉ DOS CAMPOS/SP;RENOVACAO;S;;01/01/2025 a 31/12/2029;114;20;http://pesquisa.in.gov.br/imprensa/jsp/visualiza/index.jsp?data=22/06/2026&jornal=515&pagina=20;DOU_XML;Art. 2º Deferir as renovações de certificação de entidade beneficente de assistência social das seguintes entidades por atenderem os requisitos legais constante [...] 156) RECICALCE -ENTIDADE BENEFICENTE E DE RECICLAGEM DE CALÇADOS, 14.066.373/0001-70, SÃO JOSÉ DOS CAMPOS/SP, 308796.0998701/2024, de 01/01/2025 a 31/12/2029.
24056162#9;24056162;515_20260622_24056162.xml;2026-06-22;2026-06-11;PORTARIA Nº 85, DE 11 DE JUNHO DE 2026;Ministério do Desenvolvimento e Assistência Social, Família e Combate à Fome/Secretaria Nacional de Assistência Social/Departamento da Rede Socioassistencial Privada do Sistema Único de Assistência Social;ASSISTENCIA;81646879000145;S;SERVIÇO DE OBRAS SOCIAIS;PRUDENTÓPOLIS/PR;RENOVACAO;S;;01/01/2024 a 31/12/2026;114;20;http://pesquisa.in.gov.br/imprensa/jsp/visualiza/index.jsp?data=22/06/2026&jornal=515&pagina=20;DOU_XML;Art. 2º Deferir as renovações de certificação de entidade beneficente de assistência social das seguintes entidades por atenderem os requisitos legais constante [...] 157) SERVIÇO DE OBRAS SOCIAIS, 81.646.879/0001-45, PRUDENTÓPOLIS/PR, 308796.0795789/2023, de 01/01/2024 a 31/12/2026.
24056162#9;24056162;515_20260622_24056162.xml;2026-06-22;2026-06-11;PORTARIA Nº 85, DE 11 DE JUNHO DE 2026;Ministério do Desenvolvimento e Assistência Social, Família e Combate à Fome/Secretaria Nacional de Assistência Social/Departamento da Rede Socioassistencial Privada do Sistema Único de Assistência Social;ASSISTENCIA;51783850000144;S;SERVICO DE OBRAS SOCIAIS SOS;LORENA/SP;RENOVACAO;S;;01/01/2025 a 31/12/2029;114;20;http://pesquisa.in.gov.br/imprensa/jsp/visualiza/index.jsp?data=22/06/2026&jornal=515&pagina=20;DOU_XML;Art. 2º Deferir as renovações de certificação de entidade beneficente de assistência social das seguintes entidades por atenderem os requisitos legais constante [...] 158) SERVICO DE OBRAS SOCIAIS SOS, 51.783.850/0001-44, LORENA/SP, 308796.1005511/2024, de 01/01/2025 a 31/12/2029.
24056162#9;24056162;515_20260622_24056162.xml;2026-06-22;2026-06-11;PORTARIA Nº 85, DE 11 DE JUNHO DE 2026;Ministério do Desenvolvimento e Assistência Social, Família e Combate à Fome/Secretaria Nacional de Assistência Social/Departamento da Rede Socioassistencial Privada do Sistema Único de Assistência Social;ASSISTENCIA;44682979000109;S;SERVIÇO DE ORIENTAÇÃO MULTIDISCIPLINAR PARA ADOLESCENTES DE AMERICANA - SOMA - AMERICANA;AMERICANA/SP;RENOVACAO;S;;01/01/2025 a 31/12/2027;114;20;http://pesquisa.in.gov.br/imprensa/jsp/visualiza/index.jsp?data=22/06/2026&jornal=515&pagina=20;DOU_XML;Art. 2º Deferir as renovações de certificação de entidade beneficente de assistência social das seguintes entidades por atenderem os requisitos legais constante [...] 159) SERVIÇO DE ORIENTAÇÃO MULTIDISCIPLINAR PARA ADOLESCENTES DE AMERICANA - SOMA - AMERICANA, 44.682.979/0001-09, AMERICANA/SP, 308796.1077328/2024, de 01/01/2025 a 31/12/2027.
24056162#9;24056162;515_20260622_24056162.xml;2026-06-22;2026-06-11;PORTARIA Nº 85, DE 11 DE JUNHO DE 2026;Ministério do Desenvolvimento e Assistência Social, Família e Combate à Fome/Secretaria Nacional de Assistência Social/Departamento da Rede Socioassistencial Privada do Sistema Único de Assistência Social;ASSISTENCIA;46731121000104;S;SERVIÇO ESPÍRITA DE PROTEÇÃO Á INFÂNCIA - SEPI;AMPARO/SP;RENOVACAO;S;;01/01/2025 a 31/12/2027;114;20;http://pesquisa.in.gov.br/imprensa/jsp/visualiza/index.jsp?data=22/06/2026&jornal=515&pagina=20;DOU_XML;Art. 2º Deferir as renovações de certificação de entidade beneficente de assistência social das seguintes entidades por atenderem os requisitos legais constante [...] 160) SERVIÇO ESPÍRITA DE PROTEÇÃO Á INFÂNCIA - SEPI, 46.731.121/0001-04, AMPARO/SP, 308796.1025251/2024, de 01/01/2025 a 31/12/2027.
24056162#9;24056162;515_20260622_24056162.xml;2026-06-22;2026-06-11;PORTARIA Nº 85, DE 11 DE JUNHO DE 2026;Ministério do Desenvolvimento e Assistência Social, Família e Combate à Fome/Secretaria Nacional de Assistência Social/Departamento da Rede Socioassistencial Privada do Sistema Único de Assistência Social;ASSISTENCIA;54733290000101;S;SOCIEDADE BENEFICENTE BEZERRA DE MENEZES;PIRAJUÍ/SP;RENOVACAO;S;;28/08/2024 a 27/08/2027;114;20;http://pesquisa.in.gov.br/imprensa/jsp/visualiza/index.jsp?data=22/06/2026&jornal=515&pagina=20;DOU_XML;Art. 2º Deferir as renovações de certificação de entidade beneficente de assistência social das seguintes entidades por atenderem os requisitos legais constante [...] 161) SOCIEDADE BENEFICENTE BEZERRA DE MENEZES, 54.733.290/0001-01, PIRAJUÍ/SP, 235874.0115925/2021, de 28/08/2024 a 27/08/2027.
24056162#9;24056162;515_20260622_24056162.xml;2026-06-22;2026-06-11;PORTARIA Nº 85, DE 11 DE JUNHO DE 2026;Ministério do Desenvolvimento e Assistência Social, Família e Combate à Fome/Secretaria Nacional de Assistência Social/Departamento da Rede Socioassistencial Privada do Sistema Único de Assistência Social;ASSISTENCIA;45485737000180;S;SOS- SERVIÇO DE OBRAS SOCIAIS DE BOITUVA;BOITUVA/SP;RENOVACAO;S;;04/04/2024 a 03/04/2027;114;20;http://pesquisa.in.gov.br/imprensa/jsp/visualiza/index.jsp?data=22/06/2026&jornal=515&pagina=20;DOU_XML;Art. 2º Deferir as renovações de certificação de entidade beneficente de assistência social das seguintes entidades por atenderem os requisitos legais constante [...] 162) SOS- SERVIÇO DE OBRAS SOCIAIS DE BOITUVA, 45.485.737/0001-80, BOITUVA/SP, 71000.019709/2024-11, de 04/04/2024 a 03/04/2027.
24056162#9;24056162;515_20260622_24056162.xml;2026-06-22;2026-06-11;PORTARIA Nº 85, DE 11 DE JUNHO DE 2026;Ministério do Desenvolvimento e Assistência Social, Família e Combate à Fome/Secretaria Nacional de Assistência Social/Departamento da Rede Socioassistencial Privada do Sistema Único de Assistência Social;ASSISTENCIA;56391808000100;S;UNIÃO DE AMIGOS - UDAM;RIO CLARO/SP;RENOVACAO;S;;01/01/2025 a 31/12/2027;114;20;http://pesquisa.in.gov.br/imprensa/jsp/visualiza/index.jsp?data=22/06/2026&jornal=515&pagina=20;DOU_XML;Art. 2º Deferir as renovações de certificação de entidade beneficente de assistência social das seguintes entidades por atenderem os requisitos legais constante [...] 163) UNIÃO DE AMIGOS - UDAM, 56.391.808/0001-00, RIO CLARO/SP, 308796.1053528/2024, de 01/01/2025 a 31/12/2027.
24056162#10;24056162;515_20260622_24056162.xml;2026-06-22;2026-06-11;PORTARIA Nº 86, DE 11 DE JUNHO DE 2026;Ministério do Desenvolvimento e Assistência Social, Família e Combate à Fome/Secretaria Nacional de Assistência Social/Departamento da Rede Socioassistencial Privada do Sistema Único de Assistência Social;ASSISTENCIA;00932411000115;S;FUNDAÇÃO PROJETO PESCAR;PORTO ALEGRE/RS;RECONSIDERACAO;S;concessao;;114;20;http://pesquisa.in.gov.br/imprensa/jsp/visualiza/index.jsp?data=22/06/2026&jornal=515&pagina=20;DOU_XML;Art. 1º Admitir o recurso e RECONSIDERAR a DECISÃO DE INDEFERIMENTO DO PROCESSO de Concessão de certificação de entidade beneficente de assistência social, por  [...] 1)FUNDAÇÃO PROJETO PESCAR, 00.932.411/0001-15, PORTO ALEGRE/RS, 235874.0176775/2021. Fica revogada a Portaria nº 75/2024, art. 1º, item 47, de 11/04/2024, D.O.U. de 12/04/2024.
24056162#11;24056162;515_20260622_24056162.xml;2026-06-22;2026-06-11;PORTARIA Nº 87, DE 11 DE JUNHO DE 2026;Ministério do Desenvolvimento e Assistência Social, Família e Combate à Fome/Secretaria Nacional de Assistência Social/Departamento da Rede Socioassistencial Privada do Sistema Único de Assistência Social;ASSISTENCIA;17112290000168;S;ASSOCIAÇÃO HUMANO PROGRESSO BRASIL;SALVADOR/BA;RECONSIDERACAO;S;concessao;;114;20;http://pesquisa.in.gov.br/imprensa/jsp/visualiza/index.jsp?data=22/06/2026&jornal=515&pagina=20;DOU_XML;Art. 1º Admitir o recurso e RECONSIDERAR a DECISÃO DE INDEFERIMENTO DO PROCESSO de Concessão de certificação de entidade beneficente de assistência social, por  [...] 1) ASSOCIAÇÃO HUMANO PROGRESSO BRASIL, 17.112.290/0001-68, SALVADOR/BA, 308796.0769149/2023. Fica revogada a Portaria nº 125/2025, art. 1º, item 21, de 16/12/2025, D.O.U. de 29/12/2025.
24056162#12;24056162;515_20260622_24056162.xml;2026-06-22;2026-06-11;PORTARIA Nº 88, DE 11 DE JUNHO DE 2026;Ministério do Desenvolvimento e Assistência Social, Família e Combate à Fome/Secretaria Nacional de Assistência Social/Departamento da Rede Socioassistencial Privada do Sistema Único de Assistência Social;ASSISTENCIA;34050419000170;S;ABRIGO SANTA LUZIA;RIO DE JANEIRO/RJ;INDEFERIMENTO;N;concessao;;114;20;http://pesquisa.in.gov.br/imprensa/jsp/visualiza/index.jsp?data=22/06/2026&jornal=515&pagina=20;DOU_XML;"Art. 1º Indeferir o pedido de concessão da certificação de entidade beneficente de assistência social da seguinte entidade, por contrariar requisitos legais con [...] 1) ABRIGO SANTA LUZIA, CNPJ 34.050.419/0001-70, RIO DE JANEIRO/RJ, processo nº 235874.0011771/2020. Não apresentou documento(s) obrigatório(s) ; Não demonstrou gratuidade nas ofertas ; Não demonstrou atuar preponderantemente no âmbito da Assistência Social ; Não demonstrou continuidade nas ofertas ; Não demonstrou planejamento nas ofertas."
24056162#12;24056162;515_20260622_24056162.xml;2026-06-22;2026-06-11;PORTARIA Nº 88, DE 11 DE JUNHO DE 2026;Ministério do Desenvolvimento e Assistência Social, Família e Combate à Fome/Secretaria Nacional de Assistência Social/Departamento da Rede Socioassistencial Privada do Sistema Único de Assistência Social;ASSISTENCIA;02043437000138;S;ASSOCIACAO DOS PAIS E AMIGOS DOS EXCEPCIONAIS DE COELHO NETO - MA;COELHO NETO/MA;INDEFERIMENTO;N;concessao;;114;20;http://pesquisa.in.gov.br/imprensa/jsp/visualiza/index.jsp?data=22/06/2026&jornal=515&pagina=20;DOU_XML;"Art. 1º Indeferir o pedido de concessão da certificação de entidade beneficente de assistência social da seguinte entidade, por contrariar requisitos legais con [...] 2) ASSOCIACAO DOS PAIS E AMIGOS DOS EXCEPCIONAIS DE COELHO NETO - MA, CNPJ 02.043.437/0001-38, COELHO NETO/MA, processo nº 235874.0191457/2021. Não apresentou documento(s) obrigatório(s) ; Não demonstrou continuidade nas ofertas ; Não demonstrou planejamento nas ofertas ; Não demonstrou atuar preponderantemente no âmbito da Assistência Social."
24056162#12;24056162;515_20260622_24056162.xml;2026-06-22;2026-06-11;PORTARIA Nº 88, DE 11 DE JUNHO DE 2026;Ministério do Desenvolvimento e Assistência Social, Família e Combate à Fome/Secretaria Nacional de Assistência Social/Departamento da Rede Socioassistencial Privada do Sistema Único de Assistência Social;ASSISTENCIA;10339643000118;S;CARITAS DIOCESANA DE JALES;JALES/SP;INDEFERIMENTO;N;concessao;;114;20;http://pesquisa.in.gov.br/imprensa/jsp/visualiza/index.jsp?data=22/06/2026&jornal=515&pagina=20;DOU_XML;"Art. 1º Indeferir o pedido de concessão da certificação de entidade beneficente de assistência social da seguinte entidade, por contrariar requisitos legais con [...] 3) CARITAS DIOCESANA DE JALES, CNPJ 10.339.643/0001-18, JALES/SP, processo nº 235874.0025153/2020. Não apresentou documento(s) obrigatório(s) ; Não demonstrou continuidade nas ofertas ; Não demonstrou planejamento nas ofertas."
24056162#12;24056162;515_20260622_24056162.xml;2026-06-22;2026-06-11;PORTARIA Nº 88, DE 11 DE JUNHO DE 2026;Ministério do Desenvolvimento e Assistência Social, Família e Combate à Fome/Secretaria Nacional de Assistência Social/Departamento da Rede Socioassistencial Privada do Sistema Único de Assistência Social;ASSISTENCIA;61725214000110;S;PIA SOCIEDADE FILHAS DE SÃO PAULO;SÃO PAULO/SP;INDEFERIMENTO;N;concessao;;114;20;http://pesquisa.in.gov.br/imprensa/jsp/visualiza/index.jsp?data=22/06/2026&jornal=515&pagina=20;DOU_XML;Art. 1º Indeferir o pedido de concessão da certificação de entidade beneficente de assistência social da seguinte entidade, por contrariar requisitos legais con [...] 4) PIA SOCIEDADE FILHAS DE SÃO PAULO, CNPJ 61.725.214/0001-10, SÃO PAULO/SP, processo nº 235874.0028025/2020. Não atua preponderantemente no âmbito da assistência social.
24056162#12;24056162;515_20260622_24056162.xml;2026-06-22;2026-06-11;PORTARIA Nº 88, DE 11 DE JUNHO DE 2026;Ministério do Desenvolvimento e Assistência Social, Família e Combate à Fome/Secretaria Nacional de Assistência Social/Departamento da Rede Socioassistencial Privada do Sistema Único de Assistência Social;ASSISTENCIA;02257851000140;S;APAE - ASSOCIACAO DE PAIS E AMIGOS DOS EXCEPCIONAIS DE BREJETUBA-ES;BREJETUBA/ES;INDEFERIMENTO;N;renovacao;;114;20;http://pesquisa.in.gov.br/imprensa/jsp/visualiza/index.jsp?data=22/06/2026&jornal=515&pagina=20;DOU_XML;"Art. 2º Indeferir o pedido de renovação da certificação de entidade beneficente de assistência social das seguintes entidades, por contrariarem requisitos legai [...] 1) APAE - ASSOCIACAO DE PAIS E AMIGOS DOS EXCEPCIONAIS DE BREJETUBA-ES, CNPJ 02.257.851/0001-40, BREJETUBA/ES, processo nº 235874.0018183/2020. Não apresentou documento(s) obrigatório(s) ; Não demonstrou continuidade nas ofertas ; Não demonstrou planejamento nas ofertas."
24056162#12;24056162;515_20260622_24056162.xml;2026-06-22;2026-06-11;PORTARIA Nº 88, DE 11 DE JUNHO DE 2026;Ministério do Desenvolvimento e Assistência Social, Família e Combate à Fome/Secretaria Nacional de Assistência Social/Departamento da Rede Socioassistencial Privada do Sistema Único de Assistência Social;ASSISTENCIA;02123161000106;S;APAE-ASSOC.PAIS E AMIGOS DOS EXCEPCIONAIS DE ITAPAGIPE MG;ITAPAGIPE/MG;INDEFERIMENTO;N;renovacao;;114;20;http://pesquisa.in.gov.br/imprensa/jsp/visualiza/index.jsp?data=22/06/2026&jornal=515&pagina=20;DOU_XML;"Art. 2º Indeferir o pedido de renovação da certificação de entidade beneficente de assistência social das seguintes entidades, por contrariarem requisitos legai [...] 2) APAE-ASSOC.PAIS E AMIGOS DOS EXCEPCIONAIS DE ITAPAGIPE MG, CNPJ 02.123.161/0001-06, ITAPAGIPE/MG, processo nº 235874.0192681/2021. Não apresentou documento(s) obrigatório(s) ; Não demonstrou continuidade, planejamento e universalidade nas ofertas."
24056162#12;24056162;515_20260622_24056162.xml;2026-06-22;2026-06-11;PORTARIA Nº 88, DE 11 DE JUNHO DE 2026;Ministério do Desenvolvimento e Assistência Social, Família e Combate à Fome/Secretaria Nacional de Assistência Social/Departamento da Rede Socioassistencial Privada do Sistema Único de Assistência Social;ASSISTENCIA;04944179000196;S;ASSOCIAÇÃO BENEFICENTE DOS PADRES DA PRELAZIA DE ÓBIDOS;OBIDOS/PA;INDEFERIMENTO;N;renovacao;;114;20;http://pesquisa.in.gov.br/imprensa/jsp/visualiza/index.jsp?data=22/06/2026&jornal=515&pagina=20;DOU_XML;"Art. 2º Indeferir o pedido de renovação da certificação de entidade beneficente de assistência social das seguintes entidades, por contrariarem requisitos legai [...] 3) ASSOCIAÇÃO BENEFICENTE DOS PADRES DA PRELAZIA DE ÓBIDOS, CNPJ 04.944.179/0001-96, OBIDOS/PA, processo nº 71000.071048/2015-35. Não atua no âmbito da assistência social; Não está de acordo com a Política Nacional de Assistência Social - PNAS; Não demonstrou atuar preponderantemente no âmbito da Assistência Social."
24056162#12;24056162;515_20260622_24056162.xml;2026-06-22;2026-06-11;PORTARIA Nº 88, DE 11 DE JUNHO DE 2026;Ministério do Desenvolvimento e Assistência Social, Família e Combate à Fome/Secretaria Nacional de Assistência Social/Departamento da Rede Socioassistencial Privada do Sistema Único de Assistência Social;ASSISTENCIA;06282398000182;S;ASSOCIAÇÃO DE PAIS E AMIGOS DO EXCEPCIONAIS RECANTO DA ESPERANÇA;QUERÊNCIA/MT;INDEFERIMENTO;N;renovacao;;114;20;http://pesquisa.in.gov.br/imprensa/jsp/visualiza/index.jsp?data=22/06/2026&jornal=515&pagina=20;DOU_XML;"Art. 2º Indeferir o pedido de renovação da certificação de entidade beneficente de assistência social das seguintes entidades, por contrariarem requisitos legai [...] 4) ASSOCIAÇÃO DE PAIS E AMIGOS DO EXCEPCIONAIS RECANTO DA ESPERANÇA, CNPJ 06.282.398/0001-82, QUERÊNCIA/MT, processo nº 235874.0202603/2021. Não apresentou documento(s) obrigatório(s) ; Não demonstrou continuidade, planejamento e universalidade nas ofertas ; Não demonstrou gratuidade nas ofertas ; Não está de acordo com a Política Nacional de Assistência Social - PNAS ; Estatuto Social não compatível com a legislação ; Estatuto Social não compatível com a LOAS ; Não demonstrou atuar preponderantemente no âmbito da Assistência S"
24056162#12;24056162;515_20260622_24056162.xml;2026-06-22;2026-06-11;PORTARIA Nº 88, DE 11 DE JUNHO DE 2026;Ministério do Desenvolvimento e Assistência Social, Família e Combate à Fome/Secretaria Nacional de Assistência Social/Departamento da Rede Socioassistencial Privada do Sistema Único de Assistência Social;ASSISTENCIA;07138053000112;S;ASSOCIAÇÃO DE PAIS E AMIGOS DOS EXCEPCIONAIS DE PASSAGEM FRANCA DO PIAUI;PASSAGEM FRANCA DO PIAUÍ/PI;INDEFERIMENTO;N;renovacao;;114;20;http://pesquisa.in.gov.br/imprensa/jsp/visualiza/index.jsp?data=22/06/2026&jornal=515&pagina=20;DOU_XML;"Art. 2º Indeferir o pedido de renovação da certificação de entidade beneficente de assistência social das seguintes entidades, por contrariarem requisitos legai [...] 5) ASSOCIAÇÃO DE PAIS E AMIGOS DOS EXCEPCIONAIS DE PASSAGEM FRANCA DO PIAUI, CNPJ 07.138.053/0001-12, PASSAGEM FRANCA DO PIAUÍ/PI, processo nº 235874.0209852/2021. Não apresentou documento(s) obrigatório(s) ; Não demonstrou atuar preponderantemente no âmbito da Assistência Social."
24056162#12;24056162;515_20260622_24056162.xml;2026-06-22;2026-06-11;PORTARIA Nº 88, DE 11 DE JUNHO DE 2026;Ministério do Desenvolvimento e Assistência Social, Família e Combate à Fome/Secretaria Nacional de Assistência Social/Departamento da Rede Socioassistencial Privada do Sistema Único de Assistência Social;ASSISTENCIA;02393358000157;S;ASSOCIAÇÃO DE PAIS E AMIGOS DOS EXCEPCIONAIS DE RESPLENDOR;RESPLENDOR/MG;INDEFERIMENTO;N;renovacao;;114;20;http://pesquisa.in.gov.br/imprensa/jsp/visualiza/index.jsp?data=22/06/2026&jornal=515&pagina=20;DOU_XML;"Art. 2º Indeferir o pedido de renovação da certificação de entidade beneficente de assistência social das seguintes entidades, por contrariarem requisitos legai [...] 6) ASSOCIAÇÃO DE PAIS E AMIGOS DOS EXCEPCIONAIS DE RESPLENDOR, CNPJ 02.393.358/0001-57, RESPLENDOR/MG, processo nº 235874.0205904/2021. Não apresentou documento(s) obrigatório(s) ; Não está de acordo com a Política Nacional de Assistência Social - PNAS ; Não demonstrou continuidade, planejamento e universalidade nas ofertas ; Não demonstrou atuar preponderantemente no âmbito da Assistência Social."
24056162#12;24056162;515_20260622_24056162.xml;2026-06-22;2026-06-11;PORTARIA Nº 88, DE 11 DE JUNHO DE 2026;Ministério do Desenvolvimento e Assistência Social, Família e Combate à Fome/Secretaria Nacional de Assistência Social/Departamento da Rede Socioassistencial Privada do Sistema Único de Assistência Social;ASSISTENCIA;45387578000180;S;CONVÍVIO NOVA ESPERANÇA;CRUZEIRO/SP;INDEFERIMENTO;N;renovacao;;114;20;http://pesquisa.in.gov.br/imprensa/jsp/visualiza/index.jsp?data=22/06/2026&jornal=515&pagina=20;DOU_XML;"Art. 2º Indeferir o pedido de renovação da certificação de entidade beneficente de assistência social das seguintes entidades, por contrariarem requisitos legai [...] 7) CONVÍVIO NOVA ESPERANÇA, CNPJ 45.387.578/0001-80, CRUZEIRO/SP, processo nº 235874.0175048/2021. Não apresentou documento(s) obrigatório(s) ; Não demonstrou continuidade, planejamento e universalidade nas ofertas ; Não está de acordo com a Política Nacional de Assistência Social - PNAS."
24056162#12;24056162;515_20260622_24056162.xml;2026-06-22;2026-06-11;PORTARIA Nº 88, DE 11 DE JUNHO DE 2026;Ministério do Desenvolvimento e Assistência Social, Família e Combate à Fome/Secretaria Nacional de Assistência Social/Departamento da Rede Socioassistencial Privada do Sistema Único de Assistência Social;ASSISTENCIA;10816775000193;S;INSPETORIA SALESIANA DO NORDESTE DO BRASIL;RECIFE/PE;INDEFERIMENTO;N;renovacao;;114;20;http://pesquisa.in.gov.br/imprensa/jsp/visualiza/index.jsp?data=22/06/2026&jornal=515&pagina=20;DOU_XML;"Art. 2º Indeferir o pedido de renovação da certificação de entidade beneficente de assistência social das seguintes entidades, por contrariarem requisitos legai [...] 8) INSPETORIA SALESIANA DO NORDESTE DO BRASIL, CNPJ 10.816.775/0001-93, RECIFE/PE, processo nº 235874.0025430/2020. Não apresentou documento(s) obrigatório(s); Não atua no âmbito da assistência social; Não está de acordo com a Política Nacional de Assistência Social - PNAS; Não demonstrou continuidade nas ofertas; Não demonstrou planejamento nas ofertas."
24056162#12;24056162;515_20260622_24056162.xml;2026-06-22;2026-06-11;PORTARIA Nº 88, DE 11 DE JUNHO DE 2026;Ministério do Desenvolvimento e Assistência Social, Família e Combate à Fome/Secretaria Nacional de Assistência Social/Departamento da Rede Socioassistencial Privada do Sistema Único de Assistência Social;ASSISTENCIA;17013038000100;S;INSTITUTO NHÁ CHICA;BAEPENDI/MG;INDEFERIMENTO;N;renovacao;;114;20;http://pesquisa.in.gov.br/imprensa/jsp/visualiza/index.jsp?data=22/06/2026&jornal=515&pagina=20;DOU_XML;Art. 2º Indeferir o pedido de renovação da certificação de entidade beneficente de assistência social das seguintes entidades, por contrariarem requisitos legai [...] 9) INSTITUTO NHÁ CHICA, CNPJ 17.013.038/0001-00, BAEPENDI/MG, processo nº 235874.0019075/2020. Não atendeu os requisitos de outra(s) área(s) da certificação.
24056162#12;24056162;515_20260622_24056162.xml;2026-06-22;2026-06-11;PORTARIA Nº 88, DE 11 DE JUNHO DE 2026;Ministério do Desenvolvimento e Assistência Social, Família e Combate à Fome/Secretaria Nacional de Assistência Social/Departamento da Rede Socioassistencial Privada do Sistema Único de Assistência Social;ASSISTENCIA;18732628000147;S;VISÃO MUNDIAL;RECIFE/PE;INDEFERIMENTO;N;renovacao;;114;20;http://pesquisa.in.gov.br/imprensa/jsp/visualiza/index.jsp?data=22/06/2026&jornal=515&pagina=20;DOU_XML;"Art. 2º Indeferir o pedido de renovação da certificação de entidade beneficente de assistência social das seguintes entidades, por contrariarem requisitos legai [...] 10) VISÃO MUNDIAL, CNPJ 18.732.628/0001-47, RECIFE/PE, processo nº 71000.002897/2016-20. Não apresentou documento(s) obrigatório(s); Não demonstrou continuidade nas ofertas; Não demonstrou planejamento nas ofertas."
24056162#12;24056162;515_20260622_24056162.xml;2026-06-22;2026-06-11;PORTARIA Nº 88, DE 11 DE JUNHO DE 2026;Ministério do Desenvolvimento e Assistência Social, Família e Combate à Fome/Secretaria Nacional de Assistência Social/Departamento da Rede Socioassistencial Privada do Sistema Único de Assistência Social;ASSISTENCIA;00343941000128;S;VIVA RIO;RIO DE JANEIRO/RJ;INDEFERIMENTO;N;renovacao;;114;20;http://pesquisa.in.gov.br/imprensa/jsp/visualiza/index.jsp?data=22/06/2026&jornal=515&pagina=20;DOU_XML;Art. 2º Indeferir o pedido de renovação da certificação de entidade beneficente de assistência social das seguintes entidades, por contrariarem requisitos legai [...] 11) VIVA RIO, CNPJ 00.343.941/0001-28, RIO DE JANEIRO/RJ, processo nº 235874.0008986/2019. Não atua preponderantemente no âmbito da assistência social.
24056162#13;24056162;515_20260622_24056162.xml;2026-06-22;2026-06-11;PORTARIA Nº 89, DE 11 DE JUNHO DE 2026;Ministério do Desenvolvimento e Assistência Social, Família e Combate à Fome/Secretaria Nacional de Assistência Social/Departamento da Rede Socioassistencial Privada do Sistema Único de Assistência Social;ASSISTENCIA;03961354000190;S;ABRIGO SAO GABRIEL PARA IDOSOS DE DEUS;SALVADOR/BA;INDEFERIMENTO;N;concessao;;114;20;http://pesquisa.in.gov.br/imprensa/jsp/visualiza/index.jsp?data=22/06/2026&jornal=515&pagina=20;DOU_XML;Art. 1º Indeferir o pedido de concessão da certificação de entidade beneficente de assistência social das seguintes entidades, por não cumprirem requisitos lega [...] 1) ABRIGO SAO GABRIEL PARA IDOSOS DE DEUS, CNPJ 03.961.354/0001-90, SALVADOR/BA, processo nº 235874.0164945/2021. Não apresentou documento(s) obrigatório(s).
24056162#13;24056162;515_20260622_24056162.xml;2026-06-22;2026-06-11;PORTARIA Nº 89, DE 11 DE JUNHO DE 2026;Ministério do Desenvolvimento e Assistência Social, Família e Combate à Fome/Secretaria Nacional de Assistência Social/Departamento da Rede Socioassistencial Privada do Sistema Único de Assistência Social;ASSISTENCIA;40816385000184;S;AMORPHILIA - ASSOCIACAO DE ASSISTENCIA A PESSOAS FISICAS E JURIDICAS CARENTES OU NECESSITADAS;EMBU/SP;INDEFERIMENTO;N;concessao;;114;20;http://pesquisa.in.gov.br/imprensa/jsp/visualiza/index.jsp?data=22/06/2026&jornal=515&pagina=20;DOU_XML;Art. 1º Indeferir o pedido de concessão da certificação de entidade beneficente de assistência social das seguintes entidades, por não cumprirem requisitos lega [...] 2) AMORPHILIA - ASSOCIACAO DE ASSISTENCIA A PESSOAS FISICAS E JURIDICAS CARENTES OU NECESSITADAS, CNPJ 40.816.385/0001-84, EMBU/SP, processo nº 308796.0974230/2024. Estatuto Social não compatível com a legislação.
24056162#13;24056162;515_20260622_24056162.xml;2026-06-22;2026-06-11;PORTARIA Nº 89, DE 11 DE JUNHO DE 2026;Ministério do Desenvolvimento e Assistência Social, Família e Combate à Fome/Secretaria Nacional de Assistência Social/Departamento da Rede Socioassistencial Privada do Sistema Único de Assistência Social;ASSISTENCIA;57369590000141;S;AMPE - ASSOCIAÇÃO MATO-GROSSENSE DOS SERVIDORES PÚBLICOS DA EDUCAÇÃO;CUIABÁ/MT;INDEFERIMENTO;N;concessao;;114;20;http://pesquisa.in.gov.br/imprensa/jsp/visualiza/index.jsp?data=22/06/2026&jornal=515&pagina=20;DOU_XML;Art. 1º Indeferir o pedido de concessão da certificação de entidade beneficente de assistência social das seguintes entidades, por não cumprirem requisitos lega [...] 3) AMPE - ASSOCIAÇÃO MATO-GROSSENSE DOS SERVIDORES PÚBLICOS DA EDUCAÇÃO, CNPJ 57.369.590/0001-41, CUIABÁ/MT, processo nº 308796.1129158/2024. Não demonstrou período mínimo de doze meses de constituição da entidade no exercício fiscal anterior ao do requerimento.
24056162#13;24056162;515_20260622_24056162.xml;2026-06-22;2026-06-11;PORTARIA Nº 89, DE 11 DE JUNHO DE 2026;Ministério do Desenvolvimento e Assistência Social, Família e Combate à Fome/Secretaria Nacional de Assistência Social/Departamento da Rede Socioassistencial Privada do Sistema Único de Assistência Social;ASSISTENCIA;89922454000123;S;ASSOC DE PAIS E AMIGOS DOS EXCEPCIONAIS DE S V PALMAR;SANTA VITÓRIA DO PALMAR/RS;INDEFERIMENTO;N;concessao;;114;20;http://pesquisa.in.gov.br/imprensa/jsp/visualiza/index.jsp?data=22/06/2026&jornal=515&pagina=20;DOU_XML;"Art. 1º Indeferir o pedido de concessão da certificação de entidade beneficente de assistência social das seguintes entidades, por não cumprirem requisitos lega [...] 4) ASSOC DE PAIS E AMIGOS DOS EXCEPCIONAIS DE S V PALMAR, CNPJ 89.922.454/0001-23, SANTA VITÓRIA DO PALMAR/RS, processo nº 235874.0217354/2021. Não apresentou documento(s) obrigatório(s) ; Não demonstrou atuar preponderantemente no âmbito da Assistência Social ; Estatuto Social não compatível com a legislação."
24056162#13;24056162;515_20260622_24056162.xml;2026-06-22;2026-06-11;PORTARIA Nº 89, DE 11 DE JUNHO DE 2026;Ministério do Desenvolvimento e Assistência Social, Família e Combate à Fome/Secretaria Nacional de Assistência Social/Departamento da Rede Socioassistencial Privada do Sistema Único de Assistência Social;ASSISTENCIA;58476318000123;S;ASSOCIAÇÃO AMIGOS DO PQ. ALVORADA, UMUARAMA E JD. POMPEIA;SUZANO/SP;INDEFERIMENTO;N;concessao;;114;20;http://pesquisa.in.gov.br/imprensa/jsp/visualiza/index.jsp?data=22/06/2026&jornal=515&pagina=20;DOU_XML;"Art. 1º Indeferir o pedido de concessão da certificação de entidade beneficente de assistência social das seguintes entidades, por não cumprirem requisitos lega [...] 5) ASSOCIAÇÃO AMIGOS DO PQ. ALVORADA, UMUARAMA E JD. POMPEIA, CNPJ 58.476.318/0001-23, SUZANO/SP, processo nº 235874.0635230/2023. Não apresentou documento(s) obrigatório(s) ; Estatuto Social não compatível com a legislação ; Não demonstrou continuidade nas ofertas."
24056162#13;24056162;515_20260622_24056162.xml;2026-06-22;2026-06-11;PORTARIA Nº 89, DE 11 DE JUNHO DE 2026;Ministério do Desenvolvimento e Assistência Social, Família e Combate à Fome/Secretaria Nacional de Assistência Social/Departamento da Rede Socioassistencial Privada do Sistema Único de Assistência Social;ASSISTENCIA;35101878000106;S;ASSOCIACAO BEM COMUM - ABC;SÃO JOSÉ DO RIO PRETO/SP;INDEFERIMENTO;N;concessao;;114;20;http://pesquisa.in.gov.br/imprensa/jsp/visualiza/index.jsp?data=22/06/2026&jornal=515&pagina=20;DOU_XML;Art. 1º Indeferir o pedido de concessão da certificação de entidade beneficente de assistência social das seguintes entidades, por não cumprirem requisitos lega [...] 6) ASSOCIACAO BEM COMUM - ABC, CNPJ 35.101.878/0001-06, SÃO JOSÉ DO RIO PRETO/SP, processo nº 308796.0783344/2023. Estatuto Social não compatível com a legislação.
24056162#13;24056162;515_20260622_24056162.xml;2026-06-22;2026-06-11;PORTARIA Nº 89, DE 11 DE JUNHO DE 2026;Ministério do Desenvolvimento e Assistência Social, Família e Combate à Fome/Secretaria Nacional de Assistência Social/Departamento da Rede Socioassistencial Privada do Sistema Único de Assistência Social;ASSISTENCIA;16955693000106;S;ASSOCIAÇÃO BENEFICENTE REDENÇÃO;CAMPINAS/SP;INDEFERIMENTO;N;concessao;;114;20;http://pesquisa.in.gov.br/imprensa/jsp/visualiza/index.jsp?data=22/06/2026&jornal=515&pagina=20;DOU_XML;Art. 1º Indeferir o pedido de concessão da certificação de entidade beneficente de assistência social das seguintes entidades, por não cumprirem requisitos lega [...] 7) ASSOCIAÇÃO BENEFICENTE REDENÇÃO, CNPJ 16.955.693/0001-06, CAMPINAS/SP, processo nº 235874.0573752/2023. Estatuto Social não compatível com a legislação.
24056162#13;24056162;515_20260622_24056162.xml;2026-06-22;2026-06-11;PORTARIA Nº 89, DE 11 DE JUNHO DE 2026;Ministério do Desenvolvimento e Assistência Social, Família e Combate à Fome/Secretaria Nacional de Assistência Social/Departamento da Rede Socioassistencial Privada do Sistema Único de Assistência Social;ASSISTENCIA;58102739000194;S;ASSOCIAÇÃO BRASILEIRA DAS MANICURE E PEDICURE E PODÓLOGOS DO ESTADO DE RORAIMA (ABMPP-RR);BOA VISTA/RR;INDEFERIMENTO;N;concessao;;114;20;http://pesquisa.in.gov.br/imprensa/jsp/visualiza/index.jsp?data=22/06/2026&jornal=515&pagina=20;DOU_XML;Art. 1º Indeferir o pedido de concessão da certificação de entidade beneficente de assistência social das seguintes entidades, por não cumprirem requisitos lega [...] 8) ASSOCIAÇÃO BRASILEIRA DAS MANICURE E PEDICURE E PODÓLOGOS DO ESTADO DE RORAIMA (ABMPP-RR), CNPJ 58.102.739/0001-94, BOA VISTA/RR, processo nº 308796.1160281/2024. Não demonstrou período mínimo de doze meses de constituição da entidade no exercício fiscal anterior ao do requerimento.
24056162#13;24056162;515_20260622_24056162.xml;2026-06-22;2026-06-11;PORTARIA Nº 89, DE 11 DE JUNHO DE 2026;Ministério do Desenvolvimento e Assistência Social, Família e Combate à Fome/Secretaria Nacional de Assistência Social/Departamento da Rede Socioassistencial Privada do Sistema Único de Assistência Social;ASSISTENCIA;05560251000144;S;ASSOCIAÇÃO BRASILEIRA DE ASSISTENCIA SOCIAL;SANTO ANDRÉ/SP;INDEFERIMENTO;N;concessao;;114;20;http://pesquisa.in.gov.br/imprensa/jsp/visualiza/index.jsp?data=22/06/2026&jornal=515&pagina=20;DOU_XML;"Art. 1º Indeferir o pedido de concessão da certificação de entidade beneficente de assistência social das seguintes entidades, por não cumprirem requisitos lega [...] 9) ASSOCIAÇÃO BRASILEIRA DE ASSISTENCIA SOCIAL, CNPJ 05.560.251/0001-44, SANTO ANDRÉ/SP, processo nº 308796.1042806/2024. Não atua no âmbito da assistência social ; Não está de acordo com a Política Nacional de Assistência Social - PNAS."
24056162#13;24056162;515_20260622_24056162.xml;2026-06-22;2026-06-11;PORTARIA Nº 89, DE 11 DE JUNHO DE 2026;Ministério do Desenvolvimento e Assistência Social, Família e Combate à Fome/Secretaria Nacional de Assistência Social/Departamento da Rede Socioassistencial Privada do Sistema Único de Assistência Social;ASSISTENCIA;12286786000134;S;ASSOCIAÇÃO CARIOCA DE DESENVOLVIMENTO CULTURAL E SOCIAL;NOVA IGUAÇU/RJ;INDEFERIMENTO;N;concessao;;114;20;http://pesquisa.in.gov.br/imprensa/jsp/visualiza/index.jsp?data=22/06/2026&jornal=515&pagina=20;DOU_XML;"Art. 1º Indeferir o pedido de concessão da certificação de entidade beneficente de assistência social das seguintes entidades, por não cumprirem requisitos lega [...] 10) ASSOCIAÇÃO CARIOCA DE DESENVOLVIMENTO CULTURAL E SOCIAL, CNPJ 12.286.786/0001-34, NOVA IGUAÇU/RJ, processo nº 308796.0858099/2024. Não apresentou documento(s) obrigatório(s) ; Estatuto Social não compatível com a legislação ; Não demonstrou atuar preponderantemente no âmbito da Assistência Social ; Não está de acordo com a Política Nacional de Assistência Social - PNAS ; Não atua no âmbito da assistência social."
24056162#13;24056162;515_20260622_24056162.xml;2026-06-22;2026-06-11;PORTARIA Nº 89, DE 11 DE JUNHO DE 2026;Ministério do Desenvolvimento e Assistência Social, Família e Combate à Fome/Secretaria Nacional de Assistência Social/Departamento da Rede Socioassistencial Privada do Sistema Único de Assistência Social;ASSISTENCIA;30103997000176;S;ASSOCIAÇÃO CASA DE ACOLHIMENTO NOSSA SENHORA ROSA MÍSTICA;MONTES CLAROS/MG;INDEFERIMENTO;N;concessao;;114;20;http://pesquisa.in.gov.br/imprensa/jsp/visualiza/index.jsp?data=22/06/2026&jornal=515&pagina=20;DOU_XML;"Art. 1º Indeferir o pedido de concessão da certificação de entidade beneficente de assistência social das seguintes entidades, por não cumprirem requisitos lega [...] 11) ASSOCIAÇÃO CASA DE ACOLHIMENTO NOSSA SENHORA ROSA MÍSTICA, CNPJ 30.103.997/0001-76, MONTES CLAROS/MG, processo nº 235874.0387296/2022. Não apresentou documento(s) obrigatório(s) ; Estatuto Social não compatível com a legislação."
24056162#13;24056162;515_20260622_24056162.xml;2026-06-22;2026-06-11;PORTARIA Nº 89, DE 11 DE JUNHO DE 2026;Ministério do Desenvolvimento e Assistência Social, Família e Combate à Fome/Secretaria Nacional de Assistência Social/Departamento da Rede Socioassistencial Privada do Sistema Único de Assistência Social;ASSISTENCIA;21430699000108;S;ASSOCIACAO CULTURAL E A E EBENEZER DE JACUTINGA;JACUTINGA/MG;INDEFERIMENTO;N;concessao;;114;20;http://pesquisa.in.gov.br/imprensa/jsp/visualiza/index.jsp?data=22/06/2026&jornal=515&pagina=20;DOU_XML;Art. 1º Indeferir o pedido de concessão da certificação de entidade beneficente de assistência social das seguintes entidades, por não cumprirem requisitos lega [...] 12) ASSOCIACAO CULTURAL E A E EBENEZER DE JACUTINGA, CNPJ 21.430.699/0001-08, JACUTINGA/MG, processo nº 308796.1016267/2024. Não demonstrou continuidade nas ofertas.
24056162#13;24056162;515_20260622_24056162.xml;2026-06-22;2026-06-11;PORTARIA Nº 89, DE 11 DE JUNHO DE 2026;Ministério do Desenvolvimento e Assistência Social, Família e Combate à Fome/Secretaria Nacional de Assistência Social/Departamento da Rede Socioassistencial Privada do Sistema Único de Assistência Social;ASSISTENCIA;03700733000127;S;ASSOCIAÇÃO DA TERCEIRA IDADE DE IPORANGA;IPORANGA/SP;INDEFERIMENTO;N;concessao;;114;20;http://pesquisa.in.gov.br/imprensa/jsp/visualiza/index.jsp?data=22/06/2026&jornal=515&pagina=20;DOU_XML;Art. 1º Indeferir o pedido de concessão da certificação de entidade beneficente de assistência social das seguintes entidades, por não cumprirem requisitos lega [...] 13) ASSOCIAÇÃO DA TERCEIRA IDADE DE IPORANGA, CNPJ 03.700.733/0001-27, IPORANGA/SP, processo nº 308796.0743267/2023. Não demonstrou atuar preponderantemente no âmbito da Assistência Social.
24056162#13;24056162;515_20260622_24056162.xml;2026-06-22;2026-06-11;PORTARIA Nº 89, DE 11 DE JUNHO DE 2026;Ministério do Desenvolvimento e Assistência Social, Família e Combate à Fome/Secretaria Nacional de Assistência Social/Departamento da Rede Socioassistencial Privada do Sistema Único de Assistência Social;ASSISTENCIA;08014819000110;S;ASSOCIACAO DE AMPARO AS PESSOAS CARENTES OU COM CANCER - ANAPECC;BARBACENA/MG;INDEFERIMENTO;N;concessao;;114;20;http://pesquisa.in.gov.br/imprensa/jsp/visualiza/index.jsp?data=22/06/2026&jornal=515&pagina=20;DOU_XML;"Art. 1º Indeferir o pedido de concessão da certificação de entidade beneficente de assistência social das seguintes entidades, por não cumprirem requisitos lega [...] 14) ASSOCIACAO DE AMPARO AS PESSOAS CARENTES OU COM CANCER - ANAPECC, CNPJ 08.014.819/0001-10, BARBACENA/MG, processo nº 308796.0849263/2024. Não apresentou documento(s) obrigatório(s) ; Estatuto Social não compatível com a legislação ; Não demonstrou atuar preponderantemente no âmbito da Assistência Social ; Não demonstrou continuidade nas ofertas ; Não demonstrou planejamento nas ofertas."
24056162#13;24056162;515_20260622_24056162.xml;2026-06-22;2026-06-11;PORTARIA Nº 89, DE 11 DE JUNHO DE 2026;Ministério do Desenvolvimento e Assistência Social, Família e Combate à Fome/Secretaria Nacional de Assistência Social/Departamento da Rede Socioassistencial Privada do Sistema Único de Assistência Social;ASSISTENCIA;72790959000189;S;ASSOCIAÇÃO DE ASSISTENCIA A CRIANÇA DE URUPES;URUPÊS/SP;INDEFERIMENTO;N;concessao;;114;20;http://pesquisa.in.gov.br/imprensa/jsp/visualiza/index.jsp?data=22/06/2026&jornal=515&pagina=20;DOU_XML;"Art. 1º Indeferir o pedido de concessão da certificação de entidade beneficente de assistência social das seguintes entidades, por não cumprirem requisitos lega [...] 15) ASSOCIAÇÃO DE ASSISTENCIA A CRIANÇA DE URUPES, CNPJ 72.790.959/0001-89, URUPÊS/SP, processo nº 308796.0808550/2023. Estatuto Social não compatível com a legislação ; Não demonstrou continuidade nas ofertas."
24056162#13;24056162;515_20260622_24056162.xml;2026-06-22;2026-06-11;PORTARIA Nº 89, DE 11 DE JUNHO DE 2026;Ministério do Desenvolvimento e Assistência Social, Família e Combate à Fome/Secretaria Nacional de Assistência Social/Departamento da Rede Socioassistencial Privada do Sistema Único de Assistência Social;ASSISTENCIA;07306154000155;S;ASSOCIAÇÃO DE PAIS E AMIGOS DE PESSOAS ESPECIAIS;BELO HORIZONTE/MG;INDEFERIMENTO;N;concessao;;114;20;http://pesquisa.in.gov.br/imprensa/jsp/visualiza/index.jsp?data=22/06/2026&jornal=515&pagina=20;DOU_XML;"Art. 1º Indeferir o pedido de concessão da certificação de entidade beneficente de assistência social das seguintes entidades, por não cumprirem requisitos lega [...] 16) ASSOCIAÇÃO DE PAIS E AMIGOS DE PESSOAS ESPECIAIS, CNPJ 07.306.154/0001-55, BELO HORIZONTE/MG, processo nº 308796.0820276/2024. Não demonstrou atuar preponderantemente no âmbito da Assistência Social ; Não atua no âmbito da assistência social ; Não está de acordo com a Política Nacional de Assistência Social - PNAS."
24056162#13;24056162;515_20260622_24056162.xml;2026-06-22;2026-06-11;PORTARIA Nº 89, DE 11 DE JUNHO DE 2026;Ministério do Desenvolvimento e Assistência Social, Família e Combate à Fome/Secretaria Nacional de Assistência Social/Departamento da Rede Socioassistencial Privada do Sistema Único de Assistência Social;ASSISTENCIA;37154169000106;S;ASSOCIAÇÃO DE PAIS E AMIGOS DO AUTISTA DE CAUCAIA;CAUCAIA/CE;INDEFERIMENTO;N;concessao;;114;20;http://pesquisa.in.gov.br/imprensa/jsp/visualiza/index.jsp?data=22/06/2026&jornal=515&pagina=20;DOU_XML;"Art. 1º Indeferir o pedido de concessão da certificação de entidade beneficente de assistência social das seguintes entidades, por não cumprirem requisitos lega [...] 17) ASSOCIAÇÃO DE PAIS E AMIGOS DO AUTISTA DE CAUCAIA, CNPJ 37.154.169/0001-06, CAUCAIA/CE, processo nº 25000.131901/2023-78. Não apresentou documento(s) obrigatório(s); Estatuto Social não compatível com a legislação; Não demonstrou atuar preponderantemente no âmbito da Assistência Social."
24056162#13;24056162;515_20260622_24056162.xml;2026-06-22;2026-06-11;PORTARIA Nº 89, DE 11 DE JUNHO DE 2026;Ministério do Desenvolvimento e Assistência Social, Família e Combate à Fome/Secretaria Nacional de Assistência Social/Departamento da Rede Socioassistencial Privada do Sistema Único de Assistência Social;ASSISTENCIA;11119845000117;S;ASSOCIAÇÃO DE PAIS E AMIGOS DOS EXCEPCIONAIS APAE DE MARITUBA;MARITUBA/PA;INDEFERIMENTO;N;concessao;;114;20;http://pesquisa.in.gov.br/imprensa/jsp/visualiza/index.jsp?data=22/06/2026&jornal=515&pagina=20;DOU_XML;Art. 1º Indeferir o pedido de concessão da certificação de entidade beneficente de assistência social das seguintes entidades, por não cumprirem requisitos lega [...] 18) ASSOCIAÇÃO DE PAIS E AMIGOS DOS EXCEPCIONAIS APAE DE MARITUBA, CNPJ 11.119.845/0001-17, MARITUBA/PA, processo nº 308796.0757178/2023. Estatuto Social não compatível com a legislação.
24056162#13;24056162;515_20260622_24056162.xml;2026-06-22;2026-06-11;PORTARIA Nº 89, DE 11 DE JUNHO DE 2026;Ministério do Desenvolvimento e Assistência Social, Família e Combate à Fome/Secretaria Nacional de Assistência Social/Departamento da Rede Socioassistencial Privada do Sistema Único de Assistência Social;ASSISTENCIA;33832239000187;S;ASSOCIAÇÃO DE PAIS E AMIGOS DOS EXCEPCIONAIS DE CAMAÇARI;CAMAÇARI/BA;INDEFERIMENTO;N;concessao;;114;20;http://pesquisa.in.gov.br/imprensa/jsp/visualiza/index.jsp?data=22/06/2026&jornal=515&pagina=20;DOU_XML;Art. 1º Indeferir o pedido de concessão da certificação de entidade beneficente de assistência social das seguintes entidades, por não cumprirem requisitos lega [...] 19) ASSOCIAÇÃO DE PAIS E AMIGOS DOS EXCEPCIONAIS DE CAMAÇARI, CNPJ 33.832.239/0001-87, CAMAÇARI/BA, processo nº 308796.0746315/2023. Não demonstrou atuar preponderantemente no âmbito da Assistência Social.
24056162#13;24056162;515_20260622_24056162.xml;2026-06-22;2026-06-11;PORTARIA Nº 89, DE 11 DE JUNHO DE 2026;Ministério do Desenvolvimento e Assistência Social, Família e Combate à Fome/Secretaria Nacional de Assistência Social/Departamento da Rede Socioassistencial Privada do Sistema Único de Assistência Social;ASSISTENCIA;07525228000144;S;ASSOCIAÇAO DE PAIS E AMIGOS DOS EXCEPCIONAIS DE ITAPUA DO OESTE;ITAPUÃ DO OESTE/RO;INDEFERIMENTO;N;concessao;;114;20;http://pesquisa.in.gov.br/imprensa/jsp/visualiza/index.jsp?data=22/06/2026&jornal=515&pagina=20;DOU_XML;Art. 1º Indeferir o pedido de concessão da certificação de entidade beneficente de assistência social das seguintes entidades, por não cumprirem requisitos lega [...] 20) ASSOCIAÇAO DE PAIS E AMIGOS DOS EXCEPCIONAIS DE ITAPUA DO OESTE, CNPJ 07.525.228/0001-44, ITAPUÃ DO OESTE/RO, processo nº 308796.0765797/2023. Não apresentou documento(s) obrigatório(s).
24056162#13;24056162;515_20260622_24056162.xml;2026-06-22;2026-06-11;PORTARIA Nº 89, DE 11 DE JUNHO DE 2026;Ministério do Desenvolvimento e Assistência Social, Família e Combate à Fome/Secretaria Nacional de Assistência Social/Departamento da Rede Socioassistencial Privada do Sistema Único de Assistência Social;ASSISTENCIA;03400995000176;S;ASSOCIAÇÃO DE PAIS E AMIGOS DOS EXCEPCIONAIS DE NOVO HORIZONTE DO SUL - MS;NOVO HORIZONTE DO SUL/MS;INDEFERIMENTO;N;concessao;;114;20;http://pesquisa.in.gov.br/imprensa/jsp/visualiza/index.jsp?data=22/06/2026&jornal=515&pagina=20;DOU_XML;"Art. 1º Indeferir o pedido de concessão da certificação de entidade beneficente de assistência social das seguintes entidades, por não cumprirem requisitos lega [...] 21) ASSOCIAÇÃO DE PAIS E AMIGOS DOS EXCEPCIONAIS DE NOVO HORIZONTE DO SUL - MS, CNPJ 03.400.995/0001-76, NOVO HORIZONTE DO SUL/MS, processo nº 235874.0600417/2023. Não apresentou documento(s) obrigatório(s) ; Estatuto Social não compatível com a legislação."
24056162#13;24056162;515_20260622_24056162.xml;2026-06-22;2026-06-11;PORTARIA Nº 89, DE 11 DE JUNHO DE 2026;Ministério do Desenvolvimento e Assistência Social, Família e Combate à Fome/Secretaria Nacional de Assistência Social/Departamento da Rede Socioassistencial Privada do Sistema Único de Assistência Social;ASSISTENCIA;11601935000140;S;ASSOCIACAO DE TEATRO ARTES E YOGA;JOÃO PESSOA/PB;INDEFERIMENTO;N;concessao;;114;20;http://pesquisa.in.gov.br/imprensa/jsp/visualiza/index.jsp?data=22/06/2026&jornal=515&pagina=20;DOU_XML;"Art. 1º Indeferir o pedido de concessão da certificação de entidade beneficente de assistência social das seguintes entidades, por não cumprirem requisitos lega [...] 22) ASSOCIACAO DE TEATRO ARTES E YOGA, CNPJ 11.601.935/0001-40, JOÃO PESSOA/PB, processo nº 308796.0968772/2024. Não demonstrou atuar preponderantemente no âmbito da Assistência Social ; Estatuto Social não compatível com a legislação."
24056162#13;24056162;515_20260622_24056162.xml;2026-06-22;2026-06-11;PORTARIA Nº 89, DE 11 DE JUNHO DE 2026;Ministério do Desenvolvimento e Assistência Social, Família e Combate à Fome/Secretaria Nacional de Assistência Social/Departamento da Rede Socioassistencial Privada do Sistema Único de Assistência Social;ASSISTENCIA;20474488000104;S;ASSOCIAÇÃO DOS AMIGOS E USUARIOS DE MEDICAMENTO EXCEPCIONAIS - ASSAUMEX;BELO HORIZONTE/MG;INDEFERIMENTO;N;concessao;;114;20;http://pesquisa.in.gov.br/imprensa/jsp/visualiza/index.jsp?data=22/06/2026&jornal=515&pagina=20;DOU_XML;Art. 1º Indeferir o pedido de concessão da certificação de entidade beneficente de assistência social das seguintes entidades, por não cumprirem requisitos lega [...] 23) ASSOCIAÇÃO DOS AMIGOS E USUARIOS DE MEDICAMENTO EXCEPCIONAIS - ASSAUMEX, CNPJ 20.474.488/0001-04, BELO HORIZONTE/MG, processo nº 308796.0782584/2023. Estatuto Social não compatível com a legislação.
24056162#13;24056162;515_20260622_24056162.xml;2026-06-22;2026-06-11;PORTARIA Nº 89, DE 11 DE JUNHO DE 2026;Ministério do Desenvolvimento e Assistência Social, Família e Combate à Fome/Secretaria Nacional de Assistência Social/Departamento da Rede Socioassistencial Privada do Sistema Único de Assistência Social;ASSISTENCIA;09625325000134;S;ASSOCIAÇÃO DOS DEFICIENTES FÍSICOS DE SÃO LUIZ DO QUITUNDE - ADEFISALQ;SÃO LUÍS DO QUITUNDE/AL;INDEFERIMENTO;N;concessao;;114;20;http://pesquisa.in.gov.br/imprensa/jsp/visualiza/index.jsp?data=22/06/2026&jornal=515&pagina=20;DOU_XML;Art. 1º Indeferir o pedido de concessão da certificação de entidade beneficente de assistência social das seguintes entidades, por não cumprirem requisitos lega [...] 24) ASSOCIAÇÃO DOS DEFICIENTES FÍSICOS DE SÃO LUIZ DO QUITUNDE - ADEFISALQ, CNPJ 09.625.325/0001-34, SÃO LUÍS DO QUITUNDE/AL, processo nº 308796.0928198/2024. Não demonstrou continuidade nas ofertas.
24056162#13;24056162;515_20260622_24056162.xml;2026-06-22;2026-06-11;PORTARIA Nº 89, DE 11 DE JUNHO DE 2026;Ministério do Desenvolvimento e Assistência Social, Família e Combate à Fome/Secretaria Nacional de Assistência Social/Departamento da Rede Socioassistencial Privada do Sistema Único de Assistência Social;ASSISTENCIA;24031181000181;S;ASSOCIAÇÃO INTEIRACAO DE APOIO A INCLUSÃO E DESENVOLVIMENTO DA PESSOA;BAURU/SP;INDEFERIMENTO;N;concessao;;114;20;http://pesquisa.in.gov.br/imprensa/jsp/visualiza/index.jsp?data=22/06/2026&jornal=515&pagina=20;DOU_XML;Art. 1º Indeferir o pedido de concessão da certificação de entidade beneficente de assistência social das seguintes entidades, por não cumprirem requisitos lega [...] 25) ASSOCIAÇÃO INTEIRACAO DE APOIO A INCLUSÃO E DESENVOLVIMENTO DA PESSOA, CNPJ 24.031.181/0001-81, BAURU/SP, processo nº 308796.0860253/2024. Estatuto Social não compatível com a legislação.
24056162#13;24056162;515_20260622_24056162.xml;2026-06-22;2026-06-11;PORTARIA Nº 89, DE 11 DE JUNHO DE 2026;Ministério do Desenvolvimento e Assistência Social, Família e Combate à Fome/Secretaria Nacional de Assistência Social/Departamento da Rede Socioassistencial Privada do Sistema Único de Assistência Social;ASSISTENCIA;08312576000104;S;ASSOCIAÇÃO JOVEM UNIDA DE EIRUNEPÉ - AJUDE;EIRUNEPÉ/AM;INDEFERIMENTO;N;concessao;;114;20;http://pesquisa.in.gov.br/imprensa/jsp/visualiza/index.jsp?data=22/06/2026&jornal=515&pagina=20;DOU_XML;"Art. 1º Indeferir o pedido de concessão da certificação de entidade beneficente de assistência social das seguintes entidades, por não cumprirem requisitos lega [...] 26) ASSOCIAÇÃO JOVEM UNIDA DE EIRUNEPÉ - AJUDE, CNPJ 08.312.576/0001-04, EIRUNEPÉ/AM, processo nº 308796.0664205/2023. Não apresentou documento(s) obrigatório(s) ; Não demonstrou atuar preponderantemente no âmbito da Assistência Social ; Não demonstrou continuidade nas ofertas ; Não demonstrou planejamento nas ofertas ; Estatuto Social não compatível com a legislação ; Não está de acordo com a Política Nacional de Assistência Social - PNAS ; Não atua no âmbito da assistência social."
24056162#13;24056162;515_20260622_24056162.xml;2026-06-22;2026-06-11;PORTARIA Nº 89, DE 11 DE JUNHO DE 2026;Ministério do Desenvolvimento e Assistência Social, Família e Combate à Fome/Secretaria Nacional de Assistência Social/Departamento da Rede Socioassistencial Privada do Sistema Único de Assistência Social;ASSISTENCIA;19214427000110;S;ASSOCIAÇÃO MACAIBENSE DE ACOLHIMENTO INSTITUCIONAL;MACAÍBA/RN;INDEFERIMENTO;N;concessao;;114;20;http://pesquisa.in.gov.br/imprensa/jsp/visualiza/index.jsp?data=22/06/2026&jornal=515&pagina=20;DOU_XML;"Art. 1º Indeferir o pedido de concessão da certificação de entidade beneficente de assistência social das seguintes entidades, por não cumprirem requisitos lega [...] 27) ASSOCIAÇÃO MACAIBENSE DE ACOLHIMENTO INSTITUCIONAL, CNPJ 19.214.427/0001-10, MACAÍBA/RN, processo nº 308796.0801853/2023. Estatuto Social não compatível com a legislação ; Não apresentou documento(s) obrigatório(s)."
24056162#13;24056162;515_20260622_24056162.xml;2026-06-22;2026-06-11;PORTARIA Nº 89, DE 11 DE JUNHO DE 2026;Ministério do Desenvolvimento e Assistência Social, Família e Combate à Fome/Secretaria Nacional de Assistência Social/Departamento da Rede Socioassistencial Privada do Sistema Único de Assistência Social;ASSISTENCIA;13397688000137;S;ASSOCIACAO MARIA DA BARREIRA;JUAZEIRO/BA;INDEFERIMENTO;N;concessao;;114;20;http://pesquisa.in.gov.br/imprensa/jsp/visualiza/index.jsp?data=22/06/2026&jornal=515&pagina=20;DOU_XML;"Art. 1º Indeferir o pedido de concessão da certificação de entidade beneficente de assistência social das seguintes entidades, por não cumprirem requisitos lega [...] 28) ASSOCIACAO MARIA DA BARREIRA, CNPJ 13.397.688/0001-37, JUAZEIRO/BA, processo nº 308796.1014916/2024. Estatuto Social não compatível com a legislação ; Não está de acordo com a Política Nacional de Assistência Social - PNAS ; Não demonstrou continuidade nas ofertas ; Não atua no âmbito da assistência social."
24056162#13;24056162;515_20260622_24056162.xml;2026-06-22;2026-06-11;PORTARIA Nº 89, DE 11 DE JUNHO DE 2026;Ministério do Desenvolvimento e Assistência Social, Família e Combate à Fome/Secretaria Nacional de Assistência Social/Departamento da Rede Socioassistencial Privada do Sistema Único de Assistência Social;ASSISTENCIA;46987670000144;S;ASSOCIAÇÃO PARELHENSE DOS ESTUDANTES UNIVERSITÁRIOS;PARELHAS/RN;INDEFERIMENTO;N;concessao;;114;20;http://pesquisa.in.gov.br/imprensa/jsp/visualiza/index.jsp?data=22/06/2026&jornal=515&pagina=20;DOU_XML;"Art. 1º Indeferir o pedido de concessão da certificação de entidade beneficente de assistência social das seguintes entidades, por não cumprirem requisitos lega [...] 29) ASSOCIAÇÃO PARELHENSE DOS ESTUDANTES UNIVERSITÁRIOS, CNPJ 46.987.670/0001-44, PARELHAS/RN, processo nº 308796.0867568/2024. Não está de acordo com a Política Nacional de Assistência Social - PNAS ; Não atua no âmbito da assistência social."
24056162#13;24056162;515_20260622_24056162.xml;2026-06-22;2026-06-11;PORTARIA Nº 89, DE 11 DE JUNHO DE 2026;Ministério do Desenvolvimento e Assistência Social, Família e Combate à Fome/Secretaria Nacional de Assistência Social/Departamento da Rede Socioassistencial Privada do Sistema Único de Assistência Social;ASSISTENCIA;00273811000166;S;ASSOCIAÇÃO PESTALOZZI DE JERÔNIMO MONTEIRO;JERÔNIMO MONTEIRO/ES;INDEFERIMENTO;N;concessao;;114;20;http://pesquisa.in.gov.br/imprensa/jsp/visualiza/index.jsp?data=22/06/2026&jornal=515&pagina=20;DOU_XML;Art. 1º Indeferir o pedido de concessão da certificação de entidade beneficente de assistência social das seguintes entidades, por não cumprirem requisitos lega [...] 30) ASSOCIAÇÃO PESTALOZZI DE JERÔNIMO MONTEIRO, CNPJ 00.273.811/0001-66, JERÔNIMO MONTEIRO/ES, processo nº 308796.0665786/2023. Não demonstrou continuidade nas ofertas.
24056162#13;24056162;515_20260622_24056162.xml;2026-06-22;2026-06-11;PORTARIA Nº 89, DE 11 DE JUNHO DE 2026;Ministério do Desenvolvimento e Assistência Social, Família e Combate à Fome/Secretaria Nacional de Assistência Social/Departamento da Rede Socioassistencial Privada do Sistema Único de Assistência Social;ASSISTENCIA;00034304000170;S;ASSOCIAÇÃO PROMOCIONAL IRMÃ MARIA DOLORES;SAO VICENTE/SP;INDEFERIMENTO;N;concessao;;114;20;http://pesquisa.in.gov.br/imprensa/jsp/visualiza/index.jsp?data=22/06/2026&jornal=515&pagina=20;DOU_XML;Art. 1º Indeferir o pedido de concessão da certificação de entidade beneficente de assistência social das seguintes entidades, por não cumprirem requisitos lega [...] 31) ASSOCIAÇÃO PROMOCIONAL IRMÃ MARIA DOLORES, CNPJ 00.034.304/0001-70, SAO VICENTE/SP, processo nº 71000.060729/2023-88. Não atua preponderantemente no âmbito da assistência social.
24056162#13;24056162;515_20260622_24056162.xml;2026-06-22;2026-06-11;PORTARIA Nº 89, DE 11 DE JUNHO DE 2026;Ministério do Desenvolvimento e Assistência Social, Família e Combate à Fome/Secretaria Nacional de Assistência Social/Departamento da Rede Socioassistencial Privada do Sistema Único de Assistência Social;ASSISTENCIA;07594554000103;S;ASSOCIACAO RESTAURANDO VIDAS;PALMAS/TO;INDEFERIMENTO;N;concessao;;114;20;http://pesquisa.in.gov.br/imprensa/jsp/visualiza/index.jsp?data=22/06/2026&jornal=515&pagina=20;DOU_XML;"Art. 1º Indeferir o pedido de concessão da certificação de entidade beneficente de assistência social das seguintes entidades, por não cumprirem requisitos lega [...] 32) ASSOCIACAO RESTAURANDO VIDAS, CNPJ 07.594.554/0001-03, PALMAS/TO, processo nº 308796.0755399/2023. Estatuto Social não compatível com a legislação ; Não está de acordo com a Política Nacional de Assistência Social - PNAS ; Não atua no âmbito da assistência social ; Não demonstrou continuidade nas ofertas."
24056162#13;24056162;515_20260622_24056162.xml;2026-06-22;2026-06-11;PORTARIA Nº 89, DE 11 DE JUNHO DE 2026;Ministério do Desenvolvimento e Assistência Social, Família e Combate à Fome/Secretaria Nacional de Assistência Social/Departamento da Rede Socioassistencial Privada do Sistema Único de Assistência Social;ASSISTENCIA;53197415000163;S;CAAF CENTRO DE ASSISTENCIA E APOIO A FA MILIA;CUIABÁ/MT;INDEFERIMENTO;N;concessao;;114;20;http://pesquisa.in.gov.br/imprensa/jsp/visualiza/index.jsp?data=22/06/2026&jornal=515&pagina=20;DOU_XML;"Art. 1º Indeferir o pedido de concessão da certificação de entidade beneficente de assistência social das seguintes entidades, por não cumprirem requisitos lega [...] 33) CAAF CENTRO DE ASSISTENCIA E APOIO A FA MILIA, CNPJ 53.197.415/0001-63, CUIABÁ/MT, processo nº 308796.0942674/2024. Não apresentou documento(s) obrigatório(s) ; Não demonstrou período mínimo de doze meses de constituição da entidade no exercício fiscal anterior ao do requerimento."
24056162#13;24056162;515_20260622_24056162.xml;2026-06-22;2026-06-11;PORTARIA Nº 89, DE 11 DE JUNHO DE 2026;Ministério do Desenvolvimento e Assistência Social, Família e Combate à Fome/Secretaria Nacional de Assistência Social/Departamento da Rede Socioassistencial Privada do Sistema Único de Assistência Social;ASSISTENCIA;59974090000164;S;CABOCLA JUREMA;CAMPINA DA LAGOA/PR;INDEFERIMENTO;N;concessao;;114;20;http://pesquisa.in.gov.br/imprensa/jsp/visualiza/index.jsp?data=22/06/2026&jornal=515&pagina=20;DOU_XML;Art. 1º Indeferir o pedido de concessão da certificação de entidade beneficente de assistência social das seguintes entidades, por não cumprirem requisitos lega [...] 34) CABOCLA JUREMA, CNPJ 59.974.090/0001-64, CAMPINA DA LAGOA/PR, processo nº 308796.1332000/2025. Não demonstrou período mínimo de doze meses de constituição da entidade no exercício fiscal anterior ao do requerimento.
24056162#13;24056162;515_20260622_24056162.xml;2026-06-22;2026-06-11;PORTARIA Nº 89, DE 11 DE JUNHO DE 2026;Ministério do Desenvolvimento e Assistência Social, Família e Combate à Fome/Secretaria Nacional de Assistência Social/Departamento da Rede Socioassistencial Privada do Sistema Único de Assistência Social;ASSISTENCIA;69412948000150;S;CENTRO DE DEF DOS DIR DA C E DO A PE MARCOS PASSERINI;SÃO LUÍS/MA;INDEFERIMENTO;N;concessao;;114;20;http://pesquisa.in.gov.br/imprensa/jsp/visualiza/index.jsp?data=22/06/2026&jornal=515&pagina=20;DOU_XML;"Art. 1º Indeferir o pedido de concessão da certificação de entidade beneficente de assistência social das seguintes entidades, por não cumprirem requisitos lega [...] 35) CENTRO DE DEF DOS DIR DA C E DO A PE MARCOS PASSERINI, CNPJ 69.412.948/0001-50, SÃO LUÍS/MA, processo nº 235874.0576674/2023. Não atua no âmbito da assistência social ; Não está de acordo com a Política Nacional de Assistência Social - PNAS."
24056162#13;24056162;515_20260622_24056162.xml;2026-06-22;2026-06-11;PORTARIA Nº 89, DE 11 DE JUNHO DE 2026;Ministério do Desenvolvimento e Assistência Social, Família e Combate à Fome/Secretaria Nacional de Assistência Social/Departamento da Rede Socioassistencial Privada do Sistema Único de Assistência Social;ASSISTENCIA;01583896000141;S;CENTRO DE INTEGRAÇÃO FAMILIAR - CEIFA;FLORIANÓPOLIS/SC;INDEFERIMENTO;N;concessao;;114;20;http://pesquisa.in.gov.br/imprensa/jsp/visualiza/index.jsp?data=22/06/2026&jornal=515&pagina=20;DOU_XML;"Art. 1º Indeferir o pedido de concessão da certificação de entidade beneficente de assistência social das seguintes entidades, por não cumprirem requisitos lega [...] 36) CENTRO DE INTEGRAÇÃO FAMILIAR - CEIFA, CNPJ 01.583.896/0001-41, FLORIANÓPOLIS/SC, processo nº 235874.0223273/2022. Estatuto Social não compatível com a legislação ; Não demonstrou planejamento nas ofertas ; Não demonstrou continuidade nas ofertas ; Não apresentou documento(s) obrigatório(s)."
24056162#13;24056162;515_20260622_24056162.xml;2026-06-22;2026-06-11;PORTARIA Nº 89, DE 11 DE JUNHO DE 2026;Ministério do Desenvolvimento e Assistência Social, Família e Combate à Fome/Secretaria Nacional de Assistência Social/Departamento da Rede Socioassistencial Privada do Sistema Único de Assistência Social;ASSISTENCIA;22196299000134;S;CENTRO DE VOLUNTARIADO DE APOIO AO MENOR;BELO HORIZONTE/MG;INDEFERIMENTO;N;concessao;;114;20;http://pesquisa.in.gov.br/imprensa/jsp/visualiza/index.jsp?data=22/06/2026&jornal=515&pagina=20;DOU_XML;"Art. 1º Indeferir o pedido de concessão da certificação de entidade beneficente de assistência social das seguintes entidades, por não cumprirem requisitos lega [...] 37) CENTRO DE VOLUNTARIADO DE APOIO AO MENOR, CNPJ 22.196.299/0001-34, BELO HORIZONTE/MG, processo nº 308796.0752643/2023. Não está de acordo com a Política Nacional de Assistência Social - PNAS ; Não atua no âmbito da assistência social."
24056162#13;24056162;515_20260622_24056162.xml;2026-06-22;2026-06-11;PORTARIA Nº 89, DE 11 DE JUNHO DE 2026;Ministério do Desenvolvimento e Assistência Social, Família e Combate à Fome/Secretaria Nacional de Assistência Social/Departamento da Rede Socioassistencial Privada do Sistema Único de Assistência Social;ASSISTENCIA;02295422000167;S;CENTRO INTERPROFISSIONAL DE APOIO A CRIANÇA E AO ADOLESCENTE;NOVA IGUAÇU/RJ;INDEFERIMENTO;N;concessao;;114;20;http://pesquisa.in.gov.br/imprensa/jsp/visualiza/index.jsp?data=22/06/2026&jornal=515&pagina=20;DOU_XML;"Art. 1º Indeferir o pedido de concessão da certificação de entidade beneficente de assistência social das seguintes entidades, por não cumprirem requisitos lega [...] 38) CENTRO INTERPROFISSIONAL DE APOIO A CRIANÇA E AO ADOLESCENTE, CNPJ 02.295.422/0001-67, NOVA IGUAÇU/RJ, processo nº 235874.0580336/2023. Não apresentou documento(s) obrigatório(s) ; Estatuto Social não compatível com a legislação ; Não demonstrou continuidade nas ofertas."
24056162#13;24056162;515_20260622_24056162.xml;2026-06-22;2026-06-11;PORTARIA Nº 89, DE 11 DE JUNHO DE 2026;Ministério do Desenvolvimento e Assistência Social, Família e Combate à Fome/Secretaria Nacional de Assistência Social/Departamento da Rede Socioassistencial Privada do Sistema Único de Assistência Social;ASSISTENCIA;02655249000160;S;CONFERENCIA DE SAO VICENTE DE PAULA;ARRAIAS/TO;INDEFERIMENTO;N;concessao;;114;20;http://pesquisa.in.gov.br/imprensa/jsp/visualiza/index.jsp?data=22/06/2026&jornal=515&pagina=20;DOU_XML;"Art. 1º Indeferir o pedido de concessão da certificação de entidade beneficente de assistência social das seguintes entidades, por não cumprirem requisitos lega [...] 39) CONFERENCIA DE SAO VICENTE DE PAULA, CNPJ 02.655.249/0001-60, ARRAIAS/TO, processo nº 235874.0422245/2022. Não apresentou documento(s) obrigatório(s) ; Não está de acordo com a Política Nacional de Assistência Social - PNAS ; Não atua preponderantemente no âmbito da assistência social."
24056162#13;24056162;515_20260622_24056162.xml;2026-06-22;2026-06-11;PORTARIA Nº 89, DE 11 DE JUNHO DE 2026;Ministério do Desenvolvimento e Assistência Social, Família e Combate à Fome/Secretaria Nacional de Assistência Social/Departamento da Rede Socioassistencial Privada do Sistema Único de Assistência Social;ASSISTENCIA;28495109000166;S;CONSELHO PINHEIRENSE DO BEM ESTAR DO MENOR;PINHEIROS/ES;INDEFERIMENTO;N;concessao;;114;20;http://pesquisa.in.gov.br/imprensa/jsp/visualiza/index.jsp?data=22/06/2026&jornal=515&pagina=20;DOU_XML;Art. 1º Indeferir o pedido de concessão da certificação de entidade beneficente de assistência social das seguintes entidades, por não cumprirem requisitos lega [...] 40) CONSELHO PINHEIRENSE DO BEM ESTAR DO MENOR, CNPJ 28.495.109/0001-66, PINHEIROS/ES, processo nº 308796.0878280/2024. Não atua preponderantemente no âmbito da assistência social.
24056162#13;24056162;515_20260622_24056162.xml;2026-06-22;2026-06-11;PORTARIA Nº 89, DE 11 DE JUNHO DE 2026;Ministério do Desenvolvimento e Assistência Social, Família e Combate à Fome/Secretaria Nacional de Assistência Social/Departamento da Rede Socioassistencial Privada do Sistema Único de Assistência Social;ASSISTENCIA;08580367000133;S;COORDENACAO DE CLUBES DE MAES;CAMPINA GRANDE/PB;INDEFERIMENTO;N;concessao;;114;20;http://pesquisa.in.gov.br/imprensa/jsp/visualiza/index.jsp?data=22/06/2026&jornal=515&pagina=20;DOU_XML;Art. 1º Indeferir o pedido de concessão da certificação de entidade beneficente de assistência social das seguintes entidades, por não cumprirem requisitos lega [...] 41) COORDENACAO DE CLUBES DE MAES, CNPJ 08.580.367/0001-33, CAMPINA GRANDE/PB, processo nº 308796.0869917/2024. Não demonstrou continuidade nas ofertas.
24056162#13;24056162;515_20260622_24056162.xml;2026-06-22;2026-06-11;PORTARIA Nº 89, DE 11 DE JUNHO DE 2026;Ministério do Desenvolvimento e Assistência Social, Família e Combate à Fome/Secretaria Nacional de Assistência Social/Departamento da Rede Socioassistencial Privada do Sistema Único de Assistência Social;ASSISTENCIA;19024469000199;S;COORDENAÇÃO ESTADUAL DO MOVIMENTO DE REINTEGRAÇÃO DAS PESSOAS ATINGIDAS PELA HANSENIASE - COORDENAÇÃO ESTADUAL MORHAN-AM;MANAUS/AM;INDEFERIMENTO;N;concessao;;114;20;http://pesquisa.in.gov.br/imprensa/jsp/visualiza/index.jsp?data=22/06/2026&jornal=515&pagina=20;DOU_XML;Art. 1º Indeferir o pedido de concessão da certificação de entidade beneficente de assistência social das seguintes entidades, por não cumprirem requisitos lega [...] 42) COORDENAÇÃO ESTADUAL DO MOVIMENTO DE REINTEGRAÇÃO DAS PESSOAS ATINGIDAS PELA HANSENIASE - COORDENAÇÃO ESTADUAL MORHAN-AM, CNPJ 19.024.469/0001-99, MANAUS/AM, processo nº 308796.0844044/2024. Estatuto Social não compatível com a legislação.
24056162#13;24056162;515_20260622_24056162.xml;2026-06-22;2026-06-11;PORTARIA Nº 89, DE 11 DE JUNHO DE 2026;Ministério do Desenvolvimento e Assistência Social, Família e Combate à Fome/Secretaria Nacional de Assistência Social/Departamento da Rede Socioassistencial Privada do Sistema Único de Assistência Social;ASSISTENCIA;07396491000180;S;CRDC - CENTRO DE REFERÊNCIA E DESENVOLVIMENTO COMUNITÁRIO CORREIA;SÃO PAULO/SP;INDEFERIMENTO;N;concessao;;114;20;http://pesquisa.in.gov.br/imprensa/jsp/visualiza/index.jsp?data=22/06/2026&jornal=515&pagina=20;DOU_XML;Art. 1º Indeferir o pedido de concessão da certificação de entidade beneficente de assistência social das seguintes entidades, por não cumprirem requisitos lega [...] 43) CRDC - CENTRO DE REFERÊNCIA E DESENVOLVIMENTO COMUNITÁRIO CORREIA, CNPJ 07.396.491/0001-80, SÃO PAULO/SP, processo nº 308796.0659197/2023. Não atua preponderantemente no âmbito da assistência social.
24056162#13;24056162;515_20260622_24056162.xml;2026-06-22;2026-06-11;PORTARIA Nº 89, DE 11 DE JUNHO DE 2026;Ministério do Desenvolvimento e Assistência Social, Família e Combate à Fome/Secretaria Nacional de Assistência Social/Departamento da Rede Socioassistencial Privada do Sistema Único de Assistência Social;ASSISTENCIA;24532788000145;S;ECA - ESPAÇO DE CULTURA E ARTE;BELO HORIZONTE/MG;INDEFERIMENTO;N;concessao;;114;20;http://pesquisa.in.gov.br/imprensa/jsp/visualiza/index.jsp?data=22/06/2026&jornal=515&pagina=20;DOU_XML;"Art. 1º Indeferir o pedido de concessão da certificação de entidade beneficente de assistência social das seguintes entidades, por não cumprirem requisitos lega [...] 44) ECA - ESPAÇO DE CULTURA E ARTE, CNPJ 24.532.788/0001-45, BELO HORIZONTE/MG, processo nº 308796.0773747/2023. Não apresentou documento(s) obrigatório(s) ; Estatuto Social não compatível com a LOAS ; Não está de acordo com a Política Nacional de Assistência Social - PNAS ; Não atua no âmbito da assistência social ; Não demonstrou atuar preponderantemente no âmbito da Assistência Social."
24056162#13;24056162;515_20260622_24056162.xml;2026-06-22;2026-06-11;PORTARIA Nº 89, DE 11 DE JUNHO DE 2026;Ministério do Desenvolvimento e Assistência Social, Família e Combate à Fome/Secretaria Nacional de Assistência Social/Departamento da Rede Socioassistencial Privada do Sistema Único de Assistência Social;ASSISTENCIA;03985908000190;S;FENIX -CENTRO CULTURAL DE EDUCAÇÃO E DESENVOLVIMENTO DAS COMUNIDADES;SALVADOR/BA;INDEFERIMENTO;N;concessao;;114;20;http://pesquisa.in.gov.br/imprensa/jsp/visualiza/index.jsp?data=22/06/2026&jornal=515&pagina=20;DOU_XML;"Art. 1º Indeferir o pedido de concessão da certificação de entidade beneficente de assistência social das seguintes entidades, por não cumprirem requisitos lega [...] 45) FENIX -CENTRO CULTURAL DE EDUCAÇÃO E DESENVOLVIMENTO DAS COMUNIDADES, CNPJ 03.985.908/0001-90, SALVADOR/BA, processo nº 308796.0657610/2023. Não demonstrou continuidade nas ofertas ; Não está de acordo com a Política Nacional de Assistência Social - PNAS ; Não atua no âmbito da assistência social."
24056162#13;24056162;515_20260622_24056162.xml;2026-06-22;2026-06-11;PORTARIA Nº 89, DE 11 DE JUNHO DE 2026;Ministério do Desenvolvimento e Assistência Social, Família e Combate à Fome/Secretaria Nacional de Assistência Social/Departamento da Rede Socioassistencial Privada do Sistema Único de Assistência Social;ASSISTENCIA;57337871000112;S;FLORISBELA CASA DE REPOUSO;BELFORD ROXO/RJ;INDEFERIMENTO;N;concessao;;114;20;http://pesquisa.in.gov.br/imprensa/jsp/visualiza/index.jsp?data=22/06/2026&jornal=515&pagina=20;DOU_XML;Art. 1º Indeferir o pedido de concessão da certificação de entidade beneficente de assistência social das seguintes entidades, por não cumprirem requisitos lega [...] 46) FLORISBELA CASA DE REPOUSO, CNPJ 57.337.871/0001-12, BELFORD ROXO/RJ, processo nº 308796.1330504/2025. Não demonstrou período mínimo de doze meses de constituição da entidade no exercício fiscal anterior ao do requerimento.
24056162#13;24056162;515_20260622_24056162.xml;2026-06-22;2026-06-11;PORTARIA Nº 89, DE 11 DE JUNHO DE 2026;Ministério do Desenvolvimento e Assistência Social, Família e Combate à Fome/Secretaria Nacional de Assistência Social/Departamento da Rede Socioassistencial Privada do Sistema Único de Assistência Social;ASSISTENCIA;06985780000152;S;FUNDAÇÃO ALZIRA ALVES DE BRITO;SÃO BENTO/PB;INDEFERIMENTO;N;concessao;;114;20;http://pesquisa.in.gov.br/imprensa/jsp/visualiza/index.jsp?data=22/06/2026&jornal=515&pagina=20;DOU_XML;"Art. 1º Indeferir o pedido de concessão da certificação de entidade beneficente de assistência social das seguintes entidades, por não cumprirem requisitos lega [...] 47) FUNDAÇÃO ALZIRA ALVES DE BRITO, CNPJ 06.985.780/0001-52, SÃO BENTO/PB, processo nº 308796.1021187/2024. Não está de acordo com a Política Nacional de Assistência Social - PNAS ; Não demonstrou continuidade nas ofertas."
24056162#13;24056162;515_20260622_24056162.xml;2026-06-22;2026-06-11;PORTARIA Nº 89, DE 11 DE JUNHO DE 2026;Ministério do Desenvolvimento e Assistência Social, Família e Combate à Fome/Secretaria Nacional de Assistência Social/Departamento da Rede Socioassistencial Privada do Sistema Único de Assistência Social;ASSISTENCIA;17406371000170;S;FUNDACAO AMALIA FRANCO DE MARACAJU;MARACAJU/MS;INDEFERIMENTO;N;concessao;;114;20;http://pesquisa.in.gov.br/imprensa/jsp/visualiza/index.jsp?data=22/06/2026&jornal=515&pagina=20;DOU_XML;"Art. 1º Indeferir o pedido de concessão da certificação de entidade beneficente de assistência social das seguintes entidades, por não cumprirem requisitos lega [...] 48) FUNDACAO AMALIA FRANCO DE MARACAJU, CNPJ 17.406.371/0001-70, MARACAJU/MS, processo nº 235874.0221359/2022. Estatuto Social não compatível com a legislação ; Não demonstrou atuar preponderantemente no âmbito da Assistência Social."
24056162#13;24056162;515_20260622_24056162.xml;2026-06-22;2026-06-11;PORTARIA Nº 89, DE 11 DE JUNHO DE 2026;Ministério do Desenvolvimento e Assistência Social, Família e Combate à Fome/Secretaria Nacional de Assistência Social/Departamento da Rede Socioassistencial Privada do Sistema Único de Assistência Social;ASSISTENCIA;12150088000107;S;INSTITUT SANTÈ;AMERICANA/SP;INDEFERIMENTO;N;concessao;;114;20;http://pesquisa.in.gov.br/imprensa/jsp/visualiza/index.jsp?data=22/06/2026&jornal=515&pagina=20;DOU_XML;"Art. 1º Indeferir o pedido de concessão da certificação de entidade beneficente de assistência social das seguintes entidades, por não cumprirem requisitos lega [...] 49) INSTITUT SANTÈ, CNPJ 12.150.088/0001-07, AMERICANA/SP, processo nº 235874.0451870/2022. Não apresentou documento(s) obrigatório(s) ; Estatuto Social não compatível com a legislação ; Não está de acordo com a Política Nacional de Assistência Social - PNAS ; Não demonstrou atuar preponderantemente no âmbito da Assistência Social ; Não demonstrou continuidade nas ofertas ; Não demonstrou planejamento nas ofertas ; Não atua no âmbito da assistência social."
24056162#13;24056162;515_20260622_24056162.xml;2026-06-22;2026-06-11;PORTARIA Nº 89, DE 11 DE JUNHO DE 2026;Ministério do Desenvolvimento e Assistência Social, Família e Combate à Fome/Secretaria Nacional de Assistência Social/Departamento da Rede Socioassistencial Privada do Sistema Único de Assistência Social;ASSISTENCIA;27240534000141;S;INSTITUTO CULTURAL E ESPORTIVO FORÇA JOVEM BUSHIDO;FUNDÃO/ES;INDEFERIMENTO;N;concessao;;114;20;http://pesquisa.in.gov.br/imprensa/jsp/visualiza/index.jsp?data=22/06/2026&jornal=515&pagina=20;DOU_XML;"Art. 1º Indeferir o pedido de concessão da certificação de entidade beneficente de assistência social das seguintes entidades, por não cumprirem requisitos lega [...] 50) INSTITUTO CULTURAL E ESPORTIVO FORÇA JOVEM BUSHIDO, CNPJ 27.240.534/0001-41, FUNDÃO/ES, processo nº 308796.1065630/2024. Não demonstrou continuidade nas ofertas ; Não demonstrou planejamento nas ofertas ; Não está de acordo com a Política Nacional de Assistência Social - PNAS ; Não atua no âmbito da assistência social."
24056162#13;24056162;515_20260622_24056162.xml;2026-06-22;2026-06-11;PORTARIA Nº 89, DE 11 DE JUNHO DE 2026;Ministério do Desenvolvimento e Assistência Social, Família e Combate à Fome/Secretaria Nacional de Assistência Social/Departamento da Rede Socioassistencial Privada do Sistema Único de Assistência Social;ASSISTENCIA;47005914000109;S;INSTITUTO DE DESENVOLVIMENTO CIDADAO MARIA DO SOCORRO - ACREDITE;TABULEIRO DO NORTE/CE;INDEFERIMENTO;N;concessao;;114;20;http://pesquisa.in.gov.br/imprensa/jsp/visualiza/index.jsp?data=22/06/2026&jornal=515&pagina=20;DOU_XML;"Art. 1º Indeferir o pedido de concessão da certificação de entidade beneficente de assistência social das seguintes entidades, por não cumprirem requisitos lega [...] 51) INSTITUTO DE DESENVOLVIMENTO CIDADAO MARIA DO SOCORRO - ACREDITE, CNPJ 47.005.914/0001-09, TABULEIRO DO NORTE/CE, processo nº 308796.0971692/2024. Não apresentou documento(s) obrigatório(s) ; Não está de acordo com a Política Nacional de Assistência Social - PNAS ; Não atua no âmbito da assistência social ; Não atua preponderantemente no âmbito da assistência social."
24056162#13;24056162;515_20260622_24056162.xml;2026-06-22;2026-06-11;PORTARIA Nº 89, DE 11 DE JUNHO DE 2026;Ministério do Desenvolvimento e Assistência Social, Família e Combate à Fome/Secretaria Nacional de Assistência Social/Departamento da Rede Socioassistencial Privada do Sistema Único de Assistência Social;ASSISTENCIA;41895842000136;S;INSTITUTO DOS PATRULHEIROS COMUNITÁRIOS AMBIENTAIS;MACAPÁ/AP;INDEFERIMENTO;N;concessao;;114;20;http://pesquisa.in.gov.br/imprensa/jsp/visualiza/index.jsp?data=22/06/2026&jornal=515&pagina=20;DOU_XML;Art. 1º Indeferir o pedido de concessão da certificação de entidade beneficente de assistência social das seguintes entidades, por não cumprirem requisitos lega [...] 52) INSTITUTO DOS PATRULHEIROS COMUNITÁRIOS AMBIENTAIS, CNPJ 41.895.842/0001-36, MACAPÁ/AP, processo nº 308796.0758326/2023. Não possui cadastro CNEAS concluído no ano do protocolo ou do anterior.
24056162#13;24056162;515_20260622_24056162.xml;2026-06-22;2026-06-11;PORTARIA Nº 89, DE 11 DE JUNHO DE 2026;Ministério do Desenvolvimento e Assistência Social, Família e Combate à Fome/Secretaria Nacional de Assistência Social/Departamento da Rede Socioassistencial Privada do Sistema Único de Assistência Social;ASSISTENCIA;08600544000104;S;INSTITUTO EDUCACIONAL PARA CONSCIENTIZACAO E REALIZACAO DE POLITICAS PUBLICAS - ICPP;BELO HORIZONTE/MG;INDEFERIMENTO;N;concessao;;114;20;http://pesquisa.in.gov.br/imprensa/jsp/visualiza/index.jsp?data=22/06/2026&jornal=515&pagina=20;DOU_XML;"Art. 1º Indeferir o pedido de concessão da certificação de entidade beneficente de assistência social das seguintes entidades, por não cumprirem requisitos lega [...] 53) INSTITUTO EDUCACIONAL PARA CONSCIENTIZACAO E REALIZACAO DE POLITICAS PUBLICAS - ICPP, CNPJ 08.600.544/0001-04, BELO HORIZONTE/MG, processo nº 308796.0945805/2024. Não possui cadastro CNEAS concluído no ano do protocolo ou do anterior ; Não apresentou documento(s) obrigatório(s) ; Estatuto Social não compatível com a legislação ; Não demonstrou continuidade nas ofertas ; Não demonstrou planejamento nas ofertas ; Não está de acordo com a Política Nacional de Assistência Social - PNAS."
24056162#13;24056162;515_20260622_24056162.xml;2026-06-22;2026-06-11;PORTARIA Nº 89, DE 11 DE JUNHO DE 2026;Ministério do Desenvolvimento e Assistência Social, Família e Combate à Fome/Secretaria Nacional de Assistência Social/Departamento da Rede Socioassistencial Privada do Sistema Único de Assistência Social;ASSISTENCIA;45290045000186;S;INSTITUTO FUCAP;CAPIVARI DE BAIXO/SC;INDEFERIMENTO;N;concessao;;114;20;http://pesquisa.in.gov.br/imprensa/jsp/visualiza/index.jsp?data=22/06/2026&jornal=515&pagina=20;DOU_XML;"Art. 1º Indeferir o pedido de concessão da certificação de entidade beneficente de assistência social das seguintes entidades, por não cumprirem requisitos lega [...] 54) INSTITUTO FUCAP, CNPJ 45.290.045/0001-86, CAPIVARI DE BAIXO/SC, processo nº 308796.0802990/2023. Não possui cadastro CNEAS concluído no ano do protocolo ou do anterior ; Não demonstrou continuidade nas ofertas ; Não demonstrou planejamento nas ofertas ; Não está de acordo com a Política Nacional de Assistência Social - PNAS ; Não atua no âmbito da assistência social."
24056162#13;24056162;515_20260622_24056162.xml;2026-06-22;2026-06-11;PORTARIA Nº 89, DE 11 DE JUNHO DE 2026;Ministério do Desenvolvimento e Assistência Social, Família e Combate à Fome/Secretaria Nacional de Assistência Social/Departamento da Rede Socioassistencial Privada do Sistema Único de Assistência Social;ASSISTENCIA;58390682000176;S;INSTITUTO GIBRAIN - IG;SÃO PAULO/SP;INDEFERIMENTO;N;concessao;;114;20;http://pesquisa.in.gov.br/imprensa/jsp/visualiza/index.jsp?data=22/06/2026&jornal=515&pagina=20;DOU_XML;Art. 1º Indeferir o pedido de concessão da certificação de entidade beneficente de assistência social das seguintes entidades, por não cumprirem requisitos lega [...] 55) INSTITUTO GIBRAIN - IG, CNPJ 58.390.682/0001-76, SÃO PAULO/SP, processo nº 308796.1328116/2025. Não demonstrou período mínimo de doze meses de constituição da entidade no exercício fiscal anterior ao do requerimento.
24056162#13;24056162;515_20260622_24056162.xml;2026-06-22;2026-06-11;PORTARIA Nº 89, DE 11 DE JUNHO DE 2026;Ministério do Desenvolvimento e Assistência Social, Família e Combate à Fome/Secretaria Nacional de Assistência Social/Departamento da Rede Socioassistencial Privada do Sistema Único de Assistência Social;ASSISTENCIA;23794590000177;S;INSTITUTO INOVAÇÃO SOCIAL;OSASCO/SP;INDEFERIMENTO;N;concessao;;114;20;http://pesquisa.in.gov.br/imprensa/jsp/visualiza/index.jsp?data=22/06/2026&jornal=515&pagina=20;DOU_XML;"Art. 1º Indeferir o pedido de concessão da certificação de entidade beneficente de assistência social das seguintes entidades, por não cumprirem requisitos lega [...] 56) INSTITUTO INOVAÇÃO SOCIAL, CNPJ 23.794.590/0001-77, OSASCO/SP, processo nº 235874.0233819/2022. Não apresentou documento(s) obrigatório(s) ; Não está de acordo com a Política Nacional de Assistência Social - PNAS ; Não demonstrou continuidade nas ofertas ; Não atua no âmbito da assistência social."
24056162#13;24056162;515_20260622_24056162.xml;2026-06-22;2026-06-11;PORTARIA Nº 89, DE 11 DE JUNHO DE 2026;Ministério do Desenvolvimento e Assistência Social, Família e Combate à Fome/Secretaria Nacional de Assistência Social/Departamento da Rede Socioassistencial Privada do Sistema Único de Assistência Social;ASSISTENCIA;53023979000180;S;INSTITUTO INTEGRADO DE TERAPIAS DO AUTISTA - ITEA;SÃO MATEUS/ES;INDEFERIMENTO;N;concessao;;114;20;http://pesquisa.in.gov.br/imprensa/jsp/visualiza/index.jsp?data=22/06/2026&jornal=515&pagina=20;DOU_XML;Art. 1º Indeferir o pedido de concessão da certificação de entidade beneficente de assistência social das seguintes entidades, por não cumprirem requisitos lega [...] 57) INSTITUTO INTEGRADO DE TERAPIAS DO AUTISTA - ITEA, CNPJ 53.023.979/0001-80, SÃO MATEUS/ES, processo nº 308796.1005732/2024. Não demonstrou período mínimo de doze meses de constituição da entidade no exercício fiscal anterior ao do requerimento.
24056162#13;24056162;515_20260622_24056162.xml;2026-06-22;2026-06-11;PORTARIA Nº 89, DE 11 DE JUNHO DE 2026;Ministério do Desenvolvimento e Assistência Social, Família e Combate à Fome/Secretaria Nacional de Assistência Social/Departamento da Rede Socioassistencial Privada do Sistema Único de Assistência Social;ASSISTENCIA;13285292000106;S;INSTITUTO MELVIN EDWARD HUBER - IMEH;FORTALEZA/CE;INDEFERIMENTO;N;concessao;;114;20;http://pesquisa.in.gov.br/imprensa/jsp/visualiza/index.jsp?data=22/06/2026&jornal=515&pagina=20;DOU_XML;"Art. 1º Indeferir o pedido de concessão da certificação de entidade beneficente de assistência social das seguintes entidades, por não cumprirem requisitos lega [...] 58) INSTITUTO MELVIN EDWARD HUBER - IMEH, CNPJ 13.285.292/0001-06, FORTALEZA/CE, processo nº 308796.0796880/2023. Não atua no âmbito da assistência social ; Não está de acordo com a Política Nacional de Assistência Social - PNAS ; Não demonstrou continuidade nas ofertas."
24056162#13;24056162;515_20260622_24056162.xml;2026-06-22;2026-06-11;PORTARIA Nº 89, DE 11 DE JUNHO DE 2026;Ministério do Desenvolvimento e Assistência Social, Família e Combate à Fome/Secretaria Nacional de Assistência Social/Departamento da Rede Socioassistencial Privada do Sistema Único de Assistência Social;ASSISTENCIA;43649192000174;S;INSTITUTO MULHERES QUE CONTAM;ITAPERUNA/RJ;INDEFERIMENTO;N;concessao;;114;20;http://pesquisa.in.gov.br/imprensa/jsp/visualiza/index.jsp?data=22/06/2026&jornal=515&pagina=20;DOU_XML;"Art. 1º Indeferir o pedido de concessão da certificação de entidade beneficente de assistência social das seguintes entidades, por não cumprirem requisitos lega [...] 59) INSTITUTO MULHERES QUE CONTAM, CNPJ 43.649.192/0001-74, ITAPERUNA/RJ, processo nº 308796.0733092/2023. Não apresentou documento(s) obrigatório(s) ; Não está de acordo com a Política Nacional de Assistência Social - PNAS ; Estatuto Social não compatível com a legislação ; Não demonstrou continuidade nas ofertas."
24056162#13;24056162;515_20260622_24056162.xml;2026-06-22;2026-06-11;PORTARIA Nº 89, DE 11 DE JUNHO DE 2026;Ministério do Desenvolvimento e Assistência Social, Família e Combate à Fome/Secretaria Nacional de Assistência Social/Departamento da Rede Socioassistencial Privada do Sistema Único de Assistência Social;ASSISTENCIA;21603416000174;S;INSTITUTO NOVO OLHAR;BELÉM/PB;INDEFERIMENTO;N;concessao;;114;20;http://pesquisa.in.gov.br/imprensa/jsp/visualiza/index.jsp?data=22/06/2026&jornal=515&pagina=20;DOU_XML;"Art. 1º Indeferir o pedido de concessão da certificação de entidade beneficente de assistência social das seguintes entidades, por não cumprirem requisitos lega [...] 60) INSTITUTO NOVO OLHAR, CNPJ 21.603.416/0001-74, BELÉM/PB, processo nº 235874.0442865/2022. Não apresentou documento(s) obrigatório(s) ; Não está de acordo com a Política Nacional de Assistência Social - PNAS ; Estatuto Social não compatível com a legislação ; Não atua no âmbito da assistência social ; Não demonstrou continuidade nas ofertas."
24056162#13;24056162;515_20260622_24056162.xml;2026-06-22;2026-06-11;PORTARIA Nº 89, DE 11 DE JUNHO DE 2026;Ministério do Desenvolvimento e Assistência Social, Família e Combate à Fome/Secretaria Nacional de Assistência Social/Departamento da Rede Socioassistencial Privada do Sistema Único de Assistência Social;ASSISTENCIA;10534884000118;S;INSTITUTO O CANTO DO PATATIVA;ASSARÉ/CE;INDEFERIMENTO;N;concessao;;114;20;http://pesquisa.in.gov.br/imprensa/jsp/visualiza/index.jsp?data=22/06/2026&jornal=515&pagina=20;DOU_XML;"Art. 1º Indeferir o pedido de concessão da certificação de entidade beneficente de assistência social das seguintes entidades, por não cumprirem requisitos lega [...] 61) INSTITUTO O CANTO DO PATATIVA, CNPJ 10.534.884/0001-18, ASSARÉ/CE, processo nº 308796.0830007/2024. Estatuto Social não compatível com a legislação ; Não demonstrou atuar preponderantemente no âmbito da Assistência Social ; Não apresentou documento(s) obrigatório(s) ; Não demonstrou continuidade nas ofertas."
24056162#13;24056162;515_20260622_24056162.xml;2026-06-22;2026-06-11;PORTARIA Nº 89, DE 11 DE JUNHO DE 2026;Ministério do Desenvolvimento e Assistência Social, Família e Combate à Fome/Secretaria Nacional de Assistência Social/Departamento da Rede Socioassistencial Privada do Sistema Único de Assistência Social;ASSISTENCIA;00332666000147;S;INSTITUTO SOCIAL VIVENDO E APRENDENDO;VITÓRIA DA CONQUISTA/BA;INDEFERIMENTO;N;concessao;;114;20;http://pesquisa.in.gov.br/imprensa/jsp/visualiza/index.jsp?data=22/06/2026&jornal=515&pagina=20;DOU_XML;"Art. 1º Indeferir o pedido de concessão da certificação de entidade beneficente de assistência social das seguintes entidades, por não cumprirem requisitos lega [...] 62) INSTITUTO SOCIAL VIVENDO E APRENDENDO, CNPJ 00.332.666/0001-47, VITÓRIA DA CONQUISTA/BA, processo nº 308796.0849254/2024. Não apresentou documento(s) obrigatório(s) ; Não demonstrou atuar preponderantemente no âmbito da Assistência Social ; Estatuto Social não compatível com a legislação."
24056162#13;24056162;515_20260622_24056162.xml;2026-06-22;2026-06-11;PORTARIA Nº 89, DE 11 DE JUNHO DE 2026;Ministério do Desenvolvimento e Assistência Social, Família e Combate à Fome/Secretaria Nacional de Assistência Social/Departamento da Rede Socioassistencial Privada do Sistema Único de Assistência Social;ASSISTENCIA;25209145000128;S;INSTITUTO SOCIOEDUCATIVO INTEGRAR;VALPARAÍSO DE GOIÁS/GO;INDEFERIMENTO;N;concessao;;114;20;http://pesquisa.in.gov.br/imprensa/jsp/visualiza/index.jsp?data=22/06/2026&jornal=515&pagina=20;DOU_XML;"Art. 1º Indeferir o pedido de concessão da certificação de entidade beneficente de assistência social das seguintes entidades, por não cumprirem requisitos lega [...] 63) INSTITUTO SOCIOEDUCATIVO INTEGRAR, CNPJ 25.209.145/0001-28, VALPARAÍSO DE GOIÁS/GO, processo nº 235874.0388023/2022. Não apresentou documento(s) obrigatório(s) ; Não demonstrou atuar preponderantemente no âmbito da Assistência Social ; Estatuto Social não compatível com a legislação ; Não demonstrou continuidade nas ofertas ; Não está de acordo com a Política Nacional de Assistência Social - PNAS ; Não atua no âmbito da assistência social."
24056162#13;24056162;515_20260622_24056162.xml;2026-06-22;2026-06-11;PORTARIA Nº 89, DE 11 DE JUNHO DE 2026;Ministério do Desenvolvimento e Assistência Social, Família e Combate à Fome/Secretaria Nacional de Assistência Social/Departamento da Rede Socioassistencial Privada do Sistema Único de Assistência Social;ASSISTENCIA;32105630000117;S;INSTITUTOACIRIA PRADO;ÁGUA DOCE DO MARANHÃO/MA;INDEFERIMENTO;N;concessao;;114;20;http://pesquisa.in.gov.br/imprensa/jsp/visualiza/index.jsp?data=22/06/2026&jornal=515&pagina=20;DOU_XML;"Art. 1º Indeferir o pedido de concessão da certificação de entidade beneficente de assistência social das seguintes entidades, por não cumprirem requisitos lega [...] 64) INSTITUTOACIRIA PRADO, CNPJ 32.105.630/0001-17, ÁGUA DOCE DO MARANHÃO/MA, processo nº 235874.0647704/2023. Não apresentou documento(s) obrigatório(s) ; Estatuto Social não compatível com a legislação ; Não demonstrou continuidade nas ofertas."
24056162#13;24056162;515_20260622_24056162.xml;2026-06-22;2026-06-11;PORTARIA Nº 89, DE 11 DE JUNHO DE 2026;Ministério do Desenvolvimento e Assistência Social, Família e Combate à Fome/Secretaria Nacional de Assistência Social/Departamento da Rede Socioassistencial Privada do Sistema Único de Assistência Social;ASSISTENCIA;21028832000196;S;LAR DA FRATERNIDADE CRISTÃ;IPATINGA/MG;INDEFERIMENTO;N;concessao;;114;20;http://pesquisa.in.gov.br/imprensa/jsp/visualiza/index.jsp?data=22/06/2026&jornal=515&pagina=20;DOU_XML;"Art. 1º Indeferir o pedido de concessão da certificação de entidade beneficente de assistência social das seguintes entidades, por não cumprirem requisitos lega [...] 65) LAR DA FRATERNIDADE CRISTÃ, CNPJ 21.028.832/0001-96, IPATINGA/MG, processo nº 308796.0986043/2024. Não atua preponderantemente no âmbito da assistência social ; Não está de acordo com a Política Nacional de Assistência Social - PNAS ; Não atua no âmbito da assistência social."
24056162#13;24056162;515_20260622_24056162.xml;2026-06-22;2026-06-11;PORTARIA Nº 89, DE 11 DE JUNHO DE 2026;Ministério do Desenvolvimento e Assistência Social, Família e Combate à Fome/Secretaria Nacional de Assistência Social/Departamento da Rede Socioassistencial Privada do Sistema Único de Assistência Social;ASSISTENCIA;29066776000196;S;LAR DOS VELHINHOS DE VOLTA REDONDA;VOLTA REDONDA/RJ;INDEFERIMENTO;N;concessao;;114;20;http://pesquisa.in.gov.br/imprensa/jsp/visualiza/index.jsp?data=22/06/2026&jornal=515&pagina=20;DOU_XML;"Art. 1º Indeferir o pedido de concessão da certificação de entidade beneficente de assistência social das seguintes entidades, por não cumprirem requisitos lega [...] 66) LAR DOS VELHINHOS DE VOLTA REDONDA, CNPJ 29.066.776/0001-96, VOLTA REDONDA/RJ, processo nº 71000.063198/2023-85. Não apresentou documento(s) obrigatório(s); Não atua no âmbito da assistência social; Não demonstrou continuidade, planejamento e universalidade nas ofertas; Não está de acordo com a Política Nacional de Assistência Social - PNAS; Estatuto Social não compatível com a legislação; Estatuto Social não compatível com a LOAS; Não demonstrou atuar preponderantemente no âmbito da Assistência Social."
24056162#13;24056162;515_20260622_24056162.xml;2026-06-22;2026-06-11;PORTARIA Nº 89, DE 11 DE JUNHO DE 2026;Ministério do Desenvolvimento e Assistência Social, Família e Combate à Fome/Secretaria Nacional de Assistência Social/Departamento da Rede Socioassistencial Privada do Sistema Único de Assistência Social;ASSISTENCIA;44587095000167;S;LAR SAO VICENTE DE PAULO;AVARÉ/SP;INDEFERIMENTO;N;concessao;;114;20;http://pesquisa.in.gov.br/imprensa/jsp/visualiza/index.jsp?data=22/06/2026&jornal=515&pagina=20;DOU_XML;"Art. 1º Indeferir o pedido de concessão da certificação de entidade beneficente de assistência social das seguintes entidades, por não cumprirem requisitos lega [...] 67) LAR SAO VICENTE DE PAULO, CNPJ 44.587.095/0001-67, AVARÉ/SP, processo nº 235874.0638102/2023. Não apresentou documento(s) obrigatório(s) ; Não demonstrou continuidade nas ofertas."
24056162#13;24056162;515_20260622_24056162.xml;2026-06-22;2026-06-11;PORTARIA Nº 89, DE 11 DE JUNHO DE 2026;Ministério do Desenvolvimento e Assistência Social, Família e Combate à Fome/Secretaria Nacional de Assistência Social/Departamento da Rede Socioassistencial Privada do Sistema Único de Assistência Social;ASSISTENCIA;47024146000130;S;LAR SÃO VICENTE DE PAULO DE CASA BRANCA;CASA BRANCA/SP;INDEFERIMENTO;N;concessao;;114;20;http://pesquisa.in.gov.br/imprensa/jsp/visualiza/index.jsp?data=22/06/2026&jornal=515&pagina=20;DOU_XML;"Art. 1º Indeferir o pedido de concessão da certificação de entidade beneficente de assistência social das seguintes entidades, por não cumprirem requisitos lega [...] 68) LAR SÃO VICENTE DE PAULO DE CASA BRANCA, CNPJ 47.024.146/0001-30, CASA BRANCA/SP, processo nº 235874.0231706/2022. Não apresentou documento(s) obrigatório(s) ; Não demonstrou atuar preponderantemente no âmbito da Assistência Social."
24056162#13;24056162;515_20260622_24056162.xml;2026-06-22;2026-06-11;PORTARIA Nº 89, DE 11 DE JUNHO DE 2026;Ministério do Desenvolvimento e Assistência Social, Família e Combate à Fome/Secretaria Nacional de Assistência Social/Departamento da Rede Socioassistencial Privada do Sistema Único de Assistência Social;ASSISTENCIA;04990325000110;S;LIGA FEMININA DE COMBATE AO CANCER DE CAMPO BOM-RS;CAMPO BOM/RS;INDEFERIMENTO;N;concessao;;114;20;http://pesquisa.in.gov.br/imprensa/jsp/visualiza/index.jsp?data=22/06/2026&jornal=515&pagina=20;DOU_XML;"Art. 1º Indeferir o pedido de concessão da certificação de entidade beneficente de assistência social das seguintes entidades, por não cumprirem requisitos lega [...] 69) LIGA FEMININA DE COMBATE AO CANCER DE CAMPO BOM-RS, CNPJ 04.990.325/0001-10, CAMPO BOM/RS, processo nº 308796.0846078/2024. Não está de acordo com a Política Nacional de Assistência Social - PNAS ; Não atua no âmbito da assistência social."
24056162#13;24056162;515_20260622_24056162.xml;2026-06-22;2026-06-11;PORTARIA Nº 89, DE 11 DE JUNHO DE 2026;Ministério do Desenvolvimento e Assistência Social, Família e Combate à Fome/Secretaria Nacional de Assistência Social/Departamento da Rede Socioassistencial Privada do Sistema Único de Assistência Social;ASSISTENCIA;57088202000154;S;MC PESQUISAS E ESTUDOS EM CANNABIS MEDICINAL LTDA;SÃO PAULO/SP;INDEFERIMENTO;N;concessao;;114;20;http://pesquisa.in.gov.br/imprensa/jsp/visualiza/index.jsp?data=22/06/2026&jornal=515&pagina=20;DOU_XML;Art. 1º Indeferir o pedido de concessão da certificação de entidade beneficente de assistência social das seguintes entidades, por não cumprirem requisitos lega [...] 70) MC PESQUISAS E ESTUDOS EM CANNABIS MEDICINAL LTDA, CNPJ 57.088.202/0001-54, SÃO PAULO/SP, processo nº 308796.1073885/2024. Não demonstrou período mínimo de doze meses de constituição da entidade no exercício fiscal anterior ao do requerimento.
24056162#13;24056162;515_20260622_24056162.xml;2026-06-22;2026-06-11;PORTARIA Nº 89, DE 11 DE JUNHO DE 2026;Ministério do Desenvolvimento e Assistência Social, Família e Combate à Fome/Secretaria Nacional de Assistência Social/Departamento da Rede Socioassistencial Privada do Sistema Único de Assistência Social;ASSISTENCIA;08896238000159;S;NUCLEO PROMOCIONAL PEQUENO ANJO;PONTA GROSSA/PR;INDEFERIMENTO;N;concessao;;114;20;http://pesquisa.in.gov.br/imprensa/jsp/visualiza/index.jsp?data=22/06/2026&jornal=515&pagina=20;DOU_XML;Art. 1º Indeferir o pedido de concessão da certificação de entidade beneficente de assistência social das seguintes entidades, por não cumprirem requisitos lega [...] 71) NUCLEO PROMOCIONAL PEQUENO ANJO, CNPJ 08.896.238/0001-59, PONTA GROSSA/PR, processo nº 308796.0801684/2023. Estatuto Social não compatível com a legislação.
24056162#13;24056162;515_20260622_24056162.xml;2026-06-22;2026-06-11;PORTARIA Nº 89, DE 11 DE JUNHO DE 2026;Ministério do Desenvolvimento e Assistência Social, Família e Combate à Fome/Secretaria Nacional de Assistência Social/Departamento da Rede Socioassistencial Privada do Sistema Único de Assistência Social;ASSISTENCIA;52735385000139;S;ORGANIZACAO SOCIAL CIVIL DE INTERESSE PUBLICO AMA DE JUNDIAI;JUNDIAÍ/SP;INDEFERIMENTO;N;concessao;;114;20;http://pesquisa.in.gov.br/imprensa/jsp/visualiza/index.jsp?data=22/06/2026&jornal=515&pagina=20;DOU_XML;Art. 1º Indeferir o pedido de concessão da certificação de entidade beneficente de assistência social das seguintes entidades, por não cumprirem requisitos lega [...] 72) ORGANIZACAO SOCIAL CIVIL DE INTERESSE PUBLICO AMA DE JUNDIAI, CNPJ 52.735.385/0001-39, JUNDIAÍ/SP, processo nº 308796.1036456/2024. Não demonstrou período mínimo de doze meses de constituição da entidade no exercício fiscal anterior ao do requerimento.
24056162#13;24056162;515_20260622_24056162.xml;2026-06-22;2026-06-11;PORTARIA Nº 89, DE 11 DE JUNHO DE 2026;Ministério do Desenvolvimento e Assistência Social, Família e Combate à Fome/Secretaria Nacional de Assistência Social/Departamento da Rede Socioassistencial Privada do Sistema Único de Assistência Social;ASSISTENCIA;53729905000163;S;RECANTO DA MELHOR IDADE;PARAUAPEBAS/PA;INDEFERIMENTO;N;concessao;;114;20;http://pesquisa.in.gov.br/imprensa/jsp/visualiza/index.jsp?data=22/06/2026&jornal=515&pagina=20;DOU_XML;Art. 1º Indeferir o pedido de concessão da certificação de entidade beneficente de assistência social das seguintes entidades, por não cumprirem requisitos lega [...] 73) RECANTO DA MELHOR IDADE, CNPJ 53.729.905/0001-63, PARAUAPEBAS/PA, processo nº 308796.1115591/2024. Não demonstrou período mínimo de doze meses de constituição da entidade no exercício fiscal anterior ao do requerimento.
24056162#13;24056162;515_20260622_24056162.xml;2026-06-22;2026-06-11;PORTARIA Nº 89, DE 11 DE JUNHO DE 2026;Ministério do Desenvolvimento e Assistência Social, Família e Combate à Fome/Secretaria Nacional de Assistência Social/Departamento da Rede Socioassistencial Privada do Sistema Único de Assistência Social;ASSISTENCIA;30206467000153;S;REDE DESPERTAR SONHOS;SÃO PAULO/SP;INDEFERIMENTO;N;concessao;;114;20;http://pesquisa.in.gov.br/imprensa/jsp/visualiza/index.jsp?data=22/06/2026&jornal=515&pagina=20;DOU_XML;"Art. 1º Indeferir o pedido de concessão da certificação de entidade beneficente de assistência social das seguintes entidades, por não cumprirem requisitos lega [...] 74) REDE DESPERTAR SONHOS, CNPJ 30.206.467/0001-53, SÃO PAULO/SP, processo nº 308796.1059080/2024. Estatuto Social não compatível com a legislação ; Não possui cadastro CNEAS concluído no ano do protocolo ou do anterior."
24056162#13;24056162;515_20260622_24056162.xml;2026-06-22;2026-06-11;PORTARIA Nº 89, DE 11 DE JUNHO DE 2026;Ministério do Desenvolvimento e Assistência Social, Família e Combate à Fome/Secretaria Nacional de Assistência Social/Departamento da Rede Socioassistencial Privada do Sistema Único de Assistência Social;ASSISTENCIA;13992800000188;S;REDE FEMININA DE COMBATE AO CANCER DE IVINHEMA-MS RFCC;IVINHEMA/MS;INDEFERIMENTO;N;concessao;;114;20;http://pesquisa.in.gov.br/imprensa/jsp/visualiza/index.jsp?data=22/06/2026&jornal=515&pagina=20;DOU_XML;Art. 1º Indeferir o pedido de concessão da certificação de entidade beneficente de assistência social das seguintes entidades, por não cumprirem requisitos lega [...] 75) REDE FEMININA DE COMBATE AO CANCER DE IVINHEMA-MS RFCC, CNPJ 13.992.800/0001-88, IVINHEMA/MS, processo nº 308796.0826723/2024. Não possui cadastro CNEAS concluído no ano do protocolo ou do anterior.
24056162#13;24056162;515_20260622_24056162.xml;2026-06-22;2026-06-11;PORTARIA Nº 89, DE 11 DE JUNHO DE 2026;Ministério do Desenvolvimento e Assistência Social, Família e Combate à Fome/Secretaria Nacional de Assistência Social/Departamento da Rede Socioassistencial Privada do Sistema Único de Assistência Social;ASSISTENCIA;05134512000164;S;REDE PERMANENTE PELA PAZ;GOIÂNIA/GO;INDEFERIMENTO;N;concessao;;114;20;http://pesquisa.in.gov.br/imprensa/jsp/visualiza/index.jsp?data=22/06/2026&jornal=515&pagina=20;DOU_XML;Art. 1º Indeferir o pedido de concessão da certificação de entidade beneficente de assistência social das seguintes entidades, por não cumprirem requisitos lega [...] 76) REDE PERMANENTE PELA PAZ, CNPJ 05.134.512/0001-64, GOIÂNIA/GO, processo nº 308796.1016417/2024. Estatuto Social não compatível com a legislação.
24056162#13;24056162;515_20260622_24056162.xml;2026-06-22;2026-06-11;PORTARIA Nº 89, DE 11 DE JUNHO DE 2026;Ministério do Desenvolvimento e Assistência Social, Família e Combate à Fome/Secretaria Nacional de Assistência Social/Departamento da Rede Socioassistencial Privada do Sistema Único de Assistência Social;ASSISTENCIA;35248390000106;S;REENCONTRO APOIO ADOÇÃO - ARAUCÁRIA;ARAUCÁRIA/PR;INDEFERIMENTO;N;concessao;;114;20;http://pesquisa.in.gov.br/imprensa/jsp/visualiza/index.jsp?data=22/06/2026&jornal=515&pagina=20;DOU_XML;"Art. 1º Indeferir o pedido de concessão da certificação de entidade beneficente de assistência social das seguintes entidades, por não cumprirem requisitos lega [...] 77) REENCONTRO APOIO ADOÇÃO - ARAUCÁRIA, CNPJ 35.248.390/0001-06, ARAUCÁRIA/PR, processo nº 308796.0681670/2023. Não apresentou documento(s) obrigatório(s) ; Não está de acordo com a Política Nacional de Assistência Social - PNAS ; Estatuto Social não compatível com a legislação ; Não atua no âmbito da assistência social ; Não demonstrou continuidade nas ofertas ; Não demonstrou atuar preponderantemente no âmbito da Assistência Social."
24056162#13;24056162;515_20260622_24056162.xml;2026-06-22;2026-06-11;PORTARIA Nº 89, DE 11 DE JUNHO DE 2026;Ministério do Desenvolvimento e Assistência Social, Família e Combate à Fome/Secretaria Nacional de Assistência Social/Departamento da Rede Socioassistencial Privada do Sistema Único de Assistência Social;ASSISTENCIA;18565697000103;S;SOCIEDADE DO BEM ESTAR DO MENOR;BARÃO DE COCAIS/MG;INDEFERIMENTO;N;concessao;;114;20;http://pesquisa.in.gov.br/imprensa/jsp/visualiza/index.jsp?data=22/06/2026&jornal=515&pagina=20;DOU_XML;"Art. 1º Indeferir o pedido de concessão da certificação de entidade beneficente de assistência social das seguintes entidades, por não cumprirem requisitos lega [...] 78) SOCIEDADE DO BEM ESTAR DO MENOR, CNPJ 18.565.697/0001-03, BARÃO DE COCAIS/MG, processo nº 308796.0898952/2024. Estatuto Social não compatível com a legislação ; Não está de acordo com a Política Nacional de Assistência Social - PNAS ; Não demonstrou atuar preponderantemente no âmbito da Assistência Social ; Não apresentou documento(s) obrigatório(s) ; Não atua no âmbito da assistência social ; Não demonstrou continuidade nas ofertas ; Não demonstrou planejamento nas ofertas."
24056162#13;24056162;515_20260622_24056162.xml;2026-06-22;2026-06-11;PORTARIA Nº 89, DE 11 DE JUNHO DE 2026;Ministério do Desenvolvimento e Assistência Social, Família e Combate à Fome/Secretaria Nacional de Assistência Social/Departamento da Rede Socioassistencial Privada do Sistema Único de Assistência Social;ASSISTENCIA;27343797000186;S;SOCIEDADE SANTA RITA DE CÁSSIA;SÃO MATEUS/ES;INDEFERIMENTO;N;concessao;;114;20;http://pesquisa.in.gov.br/imprensa/jsp/visualiza/index.jsp?data=22/06/2026&jornal=515&pagina=20;DOU_XML;"Art. 1º Indeferir o pedido de concessão da certificação de entidade beneficente de assistência social das seguintes entidades, por não cumprirem requisitos lega [...] 79) SOCIEDADE SANTA RITA DE CÁSSIA, CNPJ 27.343.797/0001-86, SÃO MATEUS/ES, processo nº 308796.0702913/2023. Não apresentou documento(s) obrigatório(s) ; Estatuto Social não compatível com a legislação ; Não demonstrou atuar preponderantemente no âmbito da Assistência Social ; Não demonstrou continuidade nas ofertas ; Não demonstrou planejamento nas ofertas."
24056162#13;24056162;515_20260622_24056162.xml;2026-06-22;2026-06-11;PORTARIA Nº 89, DE 11 DE JUNHO DE 2026;Ministério do Desenvolvimento e Assistência Social, Família e Combate à Fome/Secretaria Nacional de Assistência Social/Departamento da Rede Socioassistencial Privada do Sistema Único de Assistência Social;ASSISTENCIA;57395741000136;S;UNIÃO POPULAR DE MULHERES DE CAMPO LIMPO E ADJACÊNCIAS;SÃO PAULO/SP;INDEFERIMENTO;N;concessao;;114;20;http://pesquisa.in.gov.br/imprensa/jsp/visualiza/index.jsp?data=22/06/2026&jornal=515&pagina=20;DOU_XML;"Art. 1º Indeferir o pedido de concessão da certificação de entidade beneficente de assistência social das seguintes entidades, por não cumprirem requisitos lega [...] 80) UNIÃO POPULAR DE MULHERES DE CAMPO LIMPO E ADJACÊNCIAS, CNPJ 57.395.741/0001-36, SÃO PAULO/SP, processo nº 235874.0603825/2023. Não apresentou documento(s) obrigatório(s) ; Não está de acordo com a Política Nacional de Assistência Social - PNAS ; Estatuto Social não compatível com a legislação ; Não demonstrou continuidade nas ofertas ; Não demonstrou planejamento nas ofertas ; Não atua no âmbito da assistência social ; Não demonstrou atuar preponderantemente no âmbito da Assistência Social."
24056162#13;24056162;515_20260622_24056162.xml;2026-06-22;2026-06-11;PORTARIA Nº 89, DE 11 DE JUNHO DE 2026;Ministério do Desenvolvimento e Assistência Social, Família e Combate à Fome/Secretaria Nacional de Assistência Social/Departamento da Rede Socioassistencial Privada do Sistema Único de Assistência Social;ASSISTENCIA;01746919000191;S;AATI ASSOCIAÇÃO AGUDENSE DA TERCEIRA IDADE;AGUDOS/SP;INDEFERIMENTO;N;renovacao;;114;20;http://pesquisa.in.gov.br/imprensa/jsp/visualiza/index.jsp?data=22/06/2026&jornal=515&pagina=20;DOU_XML;"Art. 2º Indeferir o pedido de renovação da certificação de entidade beneficente de assistência social das seguintes entidades, por não cumprirem requisitos lega [...] 1) AATI ASSOCIAÇÃO AGUDENSE DA TERCEIRA IDADE, CNPJ 01.746.919/0001-91, AGUDOS/SP, processo nº 308796.0885889/2024. Estatuto Social não compatível com a legislação ; Não demonstrou planejamento nas ofertas ; Não demonstrou continuidade nas ofertas ; Não apresentou documento(s) obrigatório(s)."
24056162#13;24056162;515_20260622_24056162.xml;2026-06-22;2026-06-11;PORTARIA Nº 89, DE 11 DE JUNHO DE 2026;Ministério do Desenvolvimento e Assistência Social, Família e Combate à Fome/Secretaria Nacional de Assistência Social/Departamento da Rede Socioassistencial Privada do Sistema Único de Assistência Social;ASSISTENCIA;89355820000100;S;APAE BOM JESUS;BOM JESUS/RS;INDEFERIMENTO;N;renovacao;;114;20;http://pesquisa.in.gov.br/imprensa/jsp/visualiza/index.jsp?data=22/06/2026&jornal=515&pagina=20;DOU_XML;Art. 2º Indeferir o pedido de renovação da certificação de entidade beneficente de assistência social das seguintes entidades, por não cumprirem requisitos lega [...] 2) APAE BOM JESUS, CNPJ 89.355.820/0001-00, BOM JESUS/RS, processo nº 308796.0833235/2024. Não apresentou documento(s) obrigatório(s).
24056162#13;24056162;515_20260622_24056162.xml;2026-06-22;2026-06-11;PORTARIA Nº 89, DE 11 DE JUNHO DE 2026;Ministério do Desenvolvimento e Assistência Social, Família e Combate à Fome/Secretaria Nacional de Assistência Social/Departamento da Rede Socioassistencial Privada do Sistema Único de Assistência Social;ASSISTENCIA;51419588000153;S;APASPI-ASSOCIAÇÃO DE PAIS E AMIGOS DE SURDOS DE PIRACICABA;PIRACICABA/SP;INDEFERIMENTO;N;renovacao;;114;20;http://pesquisa.in.gov.br/imprensa/jsp/visualiza/index.jsp?data=22/06/2026&jornal=515&pagina=20;DOU_XML;Art. 2º Indeferir o pedido de renovação da certificação de entidade beneficente de assistência social das seguintes entidades, por não cumprirem requisitos lega [...] 3) APASPI-ASSOCIAÇÃO DE PAIS E AMIGOS DE SURDOS DE PIRACICABA, CNPJ 51.419.588/0001-53, PIRACICABA/SP, processo nº 308796.0936150/2024. Estatuto Social não compatível com a legislação.
24056162#13;24056162;515_20260622_24056162.xml;2026-06-22;2026-06-11;PORTARIA Nº 89, DE 11 DE JUNHO DE 2026;Ministério do Desenvolvimento e Assistência Social, Família e Combate à Fome/Secretaria Nacional de Assistência Social/Departamento da Rede Socioassistencial Privada do Sistema Único de Assistência Social;ASSISTENCIA;52504354000177;S;ARTESANATO CENTRO DE DESENVOLVIMENTO SOCIAL DE MOCOCA;MOCOCA/SP;INDEFERIMENTO;N;renovacao;;114;20;http://pesquisa.in.gov.br/imprensa/jsp/visualiza/index.jsp?data=22/06/2026&jornal=515&pagina=20;DOU_XML;"Art. 2º Indeferir o pedido de renovação da certificação de entidade beneficente de assistência social das seguintes entidades, por não cumprirem requisitos lega [...] 4) ARTESANATO CENTRO DE DESENVOLVIMENTO SOCIAL DE MOCOCA, CNPJ 52.504.354/0001-77, MOCOCA/SP, processo nº 308796.0722717/2023. Estatuto Social não compatível com a legislação ; Não demonstrou continuidade nas ofertas ; Não demonstrou planejamento nas ofertas."
24056162#13;24056162;515_20260622_24056162.xml;2026-06-22;2026-06-11;PORTARIA Nº 89, DE 11 DE JUNHO DE 2026;Ministério do Desenvolvimento e Assistência Social, Família e Combate à Fome/Secretaria Nacional de Assistência Social/Departamento da Rede Socioassistencial Privada do Sistema Único de Assistência Social;ASSISTENCIA;51842441000171;S;ASILO MARIA DONIZETTI ZOCCAL;GENERAL SALGADO/SP;INDEFERIMENTO;N;renovacao;;114;20;http://pesquisa.in.gov.br/imprensa/jsp/visualiza/index.jsp?data=22/06/2026&jornal=515&pagina=20;DOU_XML;"Art. 2º Indeferir o pedido de renovação da certificação de entidade beneficente de assistência social das seguintes entidades, por não cumprirem requisitos lega [...] 5) ASILO MARIA DONIZETTI ZOCCAL, CNPJ 51.842.441/0001-71, GENERAL SALGADO/SP, processo nº 308796.0784856/2023. Estatuto Social não compatível com a legislação ; Não apresentou documento(s) obrigatório(s)."
24056162#13;24056162;515_20260622_24056162.xml;2026-06-22;2026-06-11;PORTARIA Nº 89, DE 11 DE JUNHO DE 2026;Ministério do Desenvolvimento e Assistência Social, Família e Combate à Fome/Secretaria Nacional de Assistência Social/Departamento da Rede Socioassistencial Privada do Sistema Único de Assistência Social;ASSISTENCIA;44420958000107;S;ASILO SAO VICENTE DE PAULO;ARAÇATUBA/SP;INDEFERIMENTO;N;renovacao;;114;20;http://pesquisa.in.gov.br/imprensa/jsp/visualiza/index.jsp?data=22/06/2026&jornal=515&pagina=20;DOU_XML;"Art. 2º Indeferir o pedido de renovação da certificação de entidade beneficente de assistência social das seguintes entidades, por não cumprirem requisitos lega [...] 6) ASILO SAO VICENTE DE PAULO, CNPJ 44.420.958/0001-07, ARAÇATUBA/SP, processo nº 308796.0933614/2024. Não atua preponderantemente no âmbito da assistência social ; Não está de acordo com a Política Nacional de Assistência Social - PNAS ; Não atua no âmbito da assistência social."
24056162#13;24056162;515_20260622_24056162.xml;2026-06-22;2026-06-11;PORTARIA Nº 89, DE 11 DE JUNHO DE 2026;Ministério do Desenvolvimento e Assistência Social, Família e Combate à Fome/Secretaria Nacional de Assistência Social/Departamento da Rede Socioassistencial Privada do Sistema Único de Assistência Social;ASSISTENCIA;89045900000169;S;ASSOC DE PAIS E AMIGOS DOS EXCEPCIONAIS SAO PEDRO SUL;SÃO PEDRO DO SUL/RS;INDEFERIMENTO;N;renovacao;;114;20;http://pesquisa.in.gov.br/imprensa/jsp/visualiza/index.jsp?data=22/06/2026&jornal=515&pagina=20;DOU_XML;"Art. 2º Indeferir o pedido de renovação da certificação de entidade beneficente de assistência social das seguintes entidades, por não cumprirem requisitos lega [...] 7) ASSOC DE PAIS E AMIGOS DOS EXCEPCIONAIS SAO PEDRO SUL, CNPJ 89.045.900/0001-69, SÃO PEDRO DO SUL/RS, processo nº 308796.0850747/2024. Não apresentou documento(s) obrigatório(s) ; Estatuto Social não compatível com a legislação ; Não demonstrou atuar preponderantemente no âmbito da Assistência Social ; Não demonstrou continuidade nas ofertas."
24056162#13;24056162;515_20260622_24056162.xml;2026-06-22;2026-06-11;PORTARIA Nº 89, DE 11 DE JUNHO DE 2026;Ministério do Desenvolvimento e Assistência Social, Família e Combate à Fome/Secretaria Nacional de Assistência Social/Departamento da Rede Socioassistencial Privada do Sistema Único de Assistência Social;ASSISTENCIA;79371803000102;S;ASSOCIAÇÃO BLUMENAUENSE DE AMIGOS DE PESSOAS COM DEFICIÊNCIA AUDITIVA - ABADA;BLUMENAU/SC;INDEFERIMENTO;N;renovacao;;114;20;http://pesquisa.in.gov.br/imprensa/jsp/visualiza/index.jsp?data=22/06/2026&jornal=515&pagina=20;DOU_XML;Art. 2º Indeferir o pedido de renovação da certificação de entidade beneficente de assistência social das seguintes entidades, por não cumprirem requisitos lega [...] 8) ASSOCIAÇÃO BLUMENAUENSE DE AMIGOS DE PESSOAS COM DEFICIÊNCIA AUDITIVA - ABADA, CNPJ 79.371.803/0001-02, BLUMENAU/SC, processo nº 308796.1059374/2024. Estatuto Social não compatível com a legislação.
24056162#13;24056162;515_20260622_24056162.xml;2026-06-22;2026-06-11;PORTARIA Nº 89, DE 11 DE JUNHO DE 2026;Ministério do Desenvolvimento e Assistência Social, Família e Combate à Fome/Secretaria Nacional de Assistência Social/Departamento da Rede Socioassistencial Privada do Sistema Único de Assistência Social;ASSISTENCIA;02450677000157;S;ASSOCIAÇÃO BRASILEIRA DEFESA DA MULHER DA INFÂNCIA E DA JUVENTUDE;GUARULHOS/SP;INDEFERIMENTO;N;renovacao;;114;20;http://pesquisa.in.gov.br/imprensa/jsp/visualiza/index.jsp?data=22/06/2026&jornal=515&pagina=20;DOU_XML;Art. 2º Indeferir o pedido de renovação da certificação de entidade beneficente de assistência social das seguintes entidades, por não cumprirem requisitos lega [...] 9) ASSOCIAÇÃO BRASILEIRA DEFESA DA MULHER DA INFÂNCIA E DA JUVENTUDE, CNPJ 02.450.677/0001-57, GUARULHOS/SP, processo nº 308796.0677461/2023. Não demonstrou atuar preponderantemente no âmbito da Assistência Social.
24056162#13;24056162;515_20260622_24056162.xml;2026-06-22;2026-06-11;PORTARIA Nº 89, DE 11 DE JUNHO DE 2026;Ministério do Desenvolvimento e Assistência Social, Família e Combate à Fome/Secretaria Nacional de Assistência Social/Departamento da Rede Socioassistencial Privada do Sistema Único de Assistência Social;ASSISTENCIA;07118381000157;S;ASSOCIAÇÃO CASA DE CULTURA ANTONIA FERREIRA DE SOUZA;GOIÂNIA/GO;INDEFERIMENTO;N;renovacao;;114;20;http://pesquisa.in.gov.br/imprensa/jsp/visualiza/index.jsp?data=22/06/2026&jornal=515&pagina=20;DOU_XML;Art. 2º Indeferir o pedido de renovação da certificação de entidade beneficente de assistência social das seguintes entidades, por não cumprirem requisitos lega [...] 10) ASSOCIAÇÃO CASA DE CULTURA ANTONIA FERREIRA DE SOUZA, CNPJ 07.118.381/0001-57, GOIÂNIA/GO, processo nº 308796.0919377/2024. Não demonstrou continuidade nas ofertas.
24056162#13;24056162;515_20260622_24056162.xml;2026-06-22;2026-06-11;PORTARIA Nº 89, DE 11 DE JUNHO DE 2026;Ministério do Desenvolvimento e Assistência Social, Família e Combate à Fome/Secretaria Nacional de Assistência Social/Departamento da Rede Socioassistencial Privada do Sistema Único de Assistência Social;ASSISTENCIA;09339156000176;S;ASSOCIAÇÃO CRISTIANE DA COSTA;JABOTICABAL/SP;INDEFERIMENTO;N;renovacao;;114;20;http://pesquisa.in.gov.br/imprensa/jsp/visualiza/index.jsp?data=22/06/2026&jornal=515&pagina=20;DOU_XML;"Art. 2º Indeferir o pedido de renovação da certificação de entidade beneficente de assistência social das seguintes entidades, por não cumprirem requisitos lega [...] 11) ASSOCIAÇÃO CRISTIANE DA COSTA, CNPJ 09.339.156/0001-76, JABOTICABAL/SP, processo nº 308796.0940652/2024. Não apresentou documento(s) obrigatório(s) ; Estatuto Social não compatível com a legislação ; Não demonstrou continuidade nas ofertas ; Não demonstrou atuar preponderantemente no âmbito da Assistência Social."
24056162#13;24056162;515_20260622_24056162.xml;2026-06-22;2026-06-11;PORTARIA Nº 89, DE 11 DE JUNHO DE 2026;Ministério do Desenvolvimento e Assistência Social, Família e Combate à Fome/Secretaria Nacional de Assistência Social/Departamento da Rede Socioassistencial Privada do Sistema Único de Assistência Social;ASSISTENCIA;02616510000113;S;ASSOCIAÇÃO DE APOIO AOS PORTADORES DE NECESSIDADES ESPECIAIS E DA COMUNIDADE DO DISTRITO FEDERAL - ADAPTE/DF;BRASÍLIA/DF;INDEFERIMENTO;N;renovacao;;114;20;http://pesquisa.in.gov.br/imprensa/jsp/visualiza/index.jsp?data=22/06/2026&jornal=515&pagina=20;DOU_XML;"Art. 2º Indeferir o pedido de renovação da certificação de entidade beneficente de assistência social das seguintes entidades, por não cumprirem requisitos lega [...] 12) ASSOCIAÇÃO DE APOIO AOS PORTADORES DE NECESSIDADES ESPECIAIS E DA COMUNIDADE DO DISTRITO FEDERAL - ADAPTE/DF, CNPJ 02.616.510/0001-13, BRASÍLIA/DF, processo nº 308796.1014949/2024. Estatuto Social não compatível com a legislação ; Não demonstrou planejamento nas ofertas ; Não demonstrou continuidade nas ofertas ; Não apresentou documento(s) obrigatório(s)."
24056162#13;24056162;515_20260622_24056162.xml;2026-06-22;2026-06-11;PORTARIA Nº 89, DE 11 DE JUNHO DE 2026;Ministério do Desenvolvimento e Assistência Social, Família e Combate à Fome/Secretaria Nacional de Assistência Social/Departamento da Rede Socioassistencial Privada do Sistema Único de Assistência Social;ASSISTENCIA;01522032000110;S;ASSOCIAÇÃO DE ASSISTÊNCIA SOCIAL CRIASTÃ DE ARAPOTI;ARAPOTI/PR;INDEFERIMENTO;N;renovacao;;114;20;http://pesquisa.in.gov.br/imprensa/jsp/visualiza/index.jsp?data=22/06/2026&jornal=515&pagina=20;DOU_XML;"Art. 2º Indeferir o pedido de renovação da certificação de entidade beneficente de assistência social das seguintes entidades, por não cumprirem requisitos lega [...] 13) ASSOCIAÇÃO DE ASSISTÊNCIA SOCIAL CRIASTÃ DE ARAPOTI, CNPJ 01.522.032/0001-10, ARAPOTI/PR, processo nº 308796.1070119/2024. Estatuto Social não compatível com a legislação ; Não demonstrou planejamento nas ofertas ; Não demonstrou continuidade nas ofertas ; Não apresentou documento(s) obrigatório(s)."
24056162#13;24056162;515_20260622_24056162.xml;2026-06-22;2026-06-11;PORTARIA Nº 89, DE 11 DE JUNHO DE 2026;Ministério do Desenvolvimento e Assistência Social, Família e Combate à Fome/Secretaria Nacional de Assistência Social/Departamento da Rede Socioassistencial Privada do Sistema Único de Assistência Social;ASSISTENCIA;16228603000185;S;ASSOCIAÇÃO DE PAIS E AMIGOS DOS EXCEPCIONAIS;ITAMARAJU/BA;INDEFERIMENTO;N;renovacao;;114;20;http://pesquisa.in.gov.br/imprensa/jsp/visualiza/index.jsp?data=22/06/2026&jornal=515&pagina=20;DOU_XML;"Art. 2º Indeferir o pedido de renovação da certificação de entidade beneficente de assistência social das seguintes entidades, por não cumprirem requisitos lega [...] 14) ASSOCIAÇÃO DE PAIS E AMIGOS DOS EXCEPCIONAIS, CNPJ 16.228.603/0001-85, ITAMARAJU/BA, processo nº 235874.0631552/2023. Não apresentou documento(s) obrigatório(s) ; Estatuto Social não compatível com a legislação ; Não demonstrou continuidade nas ofertas."
24056162#13;24056162;515_20260622_24056162.xml;2026-06-22;2026-06-11;PORTARIA Nº 89, DE 11 DE JUNHO DE 2026;Ministério do Desenvolvimento e Assistência Social, Família e Combate à Fome/Secretaria Nacional de Assistência Social/Departamento da Rede Socioassistencial Privada do Sistema Único de Assistência Social;ASSISTENCIA;89105910000142;S;ASSOCIAÇÃO DE PAIS E AMIGOS DOS EXCEPCIONAIS;NÃO-ME-TOQUE/RS;INDEFERIMENTO;N;renovacao;;114;20;http://pesquisa.in.gov.br/imprensa/jsp/visualiza/index.jsp?data=22/06/2026&jornal=515&pagina=20;DOU_XML;"Art. 2º Indeferir o pedido de renovação da certificação de entidade beneficente de assistência social das seguintes entidades, por não cumprirem requisitos lega [...] 15) ASSOCIAÇÃO DE PAIS E AMIGOS DOS EXCEPCIONAIS, CNPJ 89.105.910/0001-42, NÃO-ME-TOQUE/RS, processo nº 308796.0862933/2024. Não apresentou documento(s) obrigatório(s) ; Não demonstrou atuar preponderantemente no âmbito da Assistência Social."
24056162#13;24056162;515_20260622_24056162.xml;2026-06-22;2026-06-11;PORTARIA Nº 89, DE 11 DE JUNHO DE 2026;Ministério do Desenvolvimento e Assistência Social, Família e Combate à Fome/Secretaria Nacional de Assistência Social/Departamento da Rede Socioassistencial Privada do Sistema Único de Assistência Social;ASSISTENCIA;01998525000120;S;ASSOCIAÇÃO DE PAIS E AMIGOS DOS EXCEPCIONAIS;AMAMBAÍ/MS;INDEFERIMENTO;N;renovacao;;114;20;http://pesquisa.in.gov.br/imprensa/jsp/visualiza/index.jsp?data=22/06/2026&jornal=515&pagina=20;DOU_XML;"Art. 2º Indeferir o pedido de renovação da certificação de entidade beneficente de assistência social das seguintes entidades, por não cumprirem requisitos lega [...] 16) ASSOCIAÇÃO DE PAIS E AMIGOS DOS EXCEPCIONAIS, CNPJ 01.998.525/0001-20, AMAMBAÍ/MS, processo nº 308796.0897705/2024. Não apresentou documento(s) obrigatório(s) ; Não atua preponderantemente no âmbito da assistência social."
24056162#13;24056162;515_20260622_24056162.xml;2026-06-22;2026-06-11;PORTARIA Nº 89, DE 11 DE JUNHO DE 2026;Ministério do Desenvolvimento e Assistência Social, Família e Combate à Fome/Secretaria Nacional de Assistência Social/Departamento da Rede Socioassistencial Privada do Sistema Único de Assistência Social;ASSISTENCIA;00909916000169;S;ASSOCIAÇÃO DE PAIS E AMIGOS DOS EXCEPCIONAIS DE ALTEROSA;ALTEROSA/MG;INDEFERIMENTO;N;renovacao;;114;20;http://pesquisa.in.gov.br/imprensa/jsp/visualiza/index.jsp?data=22/06/2026&jornal=515&pagina=20;DOU_XML;"Art. 2º Indeferir o pedido de renovação da certificação de entidade beneficente de assistência social das seguintes entidades, por não cumprirem requisitos lega [...] 17) ASSOCIAÇÃO DE PAIS E AMIGOS DOS EXCEPCIONAIS DE ALTEROSA, CNPJ 00.909.916/0001-69, ALTEROSA/MG, processo nº 308796.0801834/2023. Não demonstrou atuar preponderantemente no âmbito da Assistência Social ; Não atua preponderantemente no âmbito da assistência social ; Não está de acordo com a Política Nacional de Assistência Social - PNAS."
24056162#13;24056162;515_20260622_24056162.xml;2026-06-22;2026-06-11;PORTARIA Nº 89, DE 11 DE JUNHO DE 2026;Ministério do Desenvolvimento e Assistência Social, Família e Combate à Fome/Secretaria Nacional de Assistência Social/Departamento da Rede Socioassistencial Privada do Sistema Único de Assistência Social;ASSISTENCIA;88874128000125;S;ASSOCIAÇÃO DE PAIS E AMIGOS DOS EXCEPCIONAIS DE ESTÂNCIA VELHA;ESTÂNCIA VELHA/RS;INDEFERIMENTO;N;renovacao;;114;20;http://pesquisa.in.gov.br/imprensa/jsp/visualiza/index.jsp?data=22/06/2026&jornal=515&pagina=20;DOU_XML;"Art. 2º Indeferir o pedido de renovação da certificação de entidade beneficente de assistência social das seguintes entidades, por não cumprirem requisitos lega [...] 18) ASSOCIAÇÃO DE PAIS E AMIGOS DOS EXCEPCIONAIS DE ESTÂNCIA VELHA, CNPJ 88.874.128/0001-25, ESTÂNCIA VELHA/RS, processo nº 308796.0813600/2024. Não apresentou documento(s) obrigatório(s) ; Não demonstrou continuidade nas ofertas ; Não demonstrou planejamento nas ofertas."
24056162#13;24056162;515_20260622_24056162.xml;2026-06-22;2026-06-11;PORTARIA Nº 89, DE 11 DE JUNHO DE 2026;Ministério do Desenvolvimento e Assistência Social, Família e Combate à Fome/Secretaria Nacional de Assistência Social/Departamento da Rede Socioassistencial Privada do Sistema Único de Assistência Social;ASSISTENCIA;23368145000145;S;ASSOCIAÇÃO DE PAIS E AMIGOS DOS EXCEPCIONAIS DE ITURAMA;ITURAMA/MG;INDEFERIMENTO;N;renovacao;;114;20;http://pesquisa.in.gov.br/imprensa/jsp/visualiza/index.jsp?data=22/06/2026&jornal=515&pagina=20;DOU_XML;"Art. 2º Indeferir o pedido de renovação da certificação de entidade beneficente de assistência social das seguintes entidades, por não cumprirem requisitos lega [...] 19) ASSOCIAÇÃO DE PAIS E AMIGOS DOS EXCEPCIONAIS DE ITURAMA, CNPJ 23.368.145/0001-45, ITURAMA/MG, processo nº 308796.0759306/2023. Não apresentou documento(s) obrigatório(s) ; Estatuto Social não compatível com a legislação ; Não demonstrou continuidade nas ofertas."
24056162#13;24056162;515_20260622_24056162.xml;2026-06-22;2026-06-11;PORTARIA Nº 89, DE 11 DE JUNHO DE 2026;Ministério do Desenvolvimento e Assistência Social, Família e Combate à Fome/Secretaria Nacional de Assistência Social/Departamento da Rede Socioassistencial Privada do Sistema Único de Assistência Social;ASSISTENCIA;45341245000110;S;"ASSOCIACAO DE PAIS E AMIGOS DOS EXCEPCIONAIS DE MATAO ""A.P.A.E.""";MATÃO/SP;INDEFERIMENTO;N;renovacao;;114;20;http://pesquisa.in.gov.br/imprensa/jsp/visualiza/index.jsp?data=22/06/2026&jornal=515&pagina=20;DOU_XML;"Art. 2º Indeferir o pedido de renovação da certificação de entidade beneficente de assistência social das seguintes entidades, por não cumprirem requisitos lega [...] 20) ASSOCIACAO DE PAIS E AMIGOS DOS EXCEPCIONAIS DE MATAO ""A.P.A.E.""., CNPJ 45.341.245/0001-10, MATÃO/SP, processo nº 308796.0765853/2023. Não apresentou documento(s) obrigatório(s)."
24056162#13;24056162;515_20260622_24056162.xml;2026-06-22;2026-06-11;PORTARIA Nº 89, DE 11 DE JUNHO DE 2026;Ministério do Desenvolvimento e Assistência Social, Família e Combate à Fome/Secretaria Nacional de Assistência Social/Departamento da Rede Socioassistencial Privada do Sistema Único de Assistência Social;ASSISTENCIA;01106343000106;S;ASSOCIAÇÃO DE PAIS E AMIGOS DOS EXCEPCIONAIS DE RIO VERDE DE MATO GROSSO;RIO VERDE DE MATO GROSSO/MS;INDEFERIMENTO;N;renovacao;;114;20;http://pesquisa.in.gov.br/imprensa/jsp/visualiza/index.jsp?data=22/06/2026&jornal=515&pagina=20;DOU_XML;"Art. 2º Indeferir o pedido de renovação da certificação de entidade beneficente de assistência social das seguintes entidades, por não cumprirem requisitos lega [...] 21) ASSOCIAÇÃO DE PAIS E AMIGOS DOS EXCEPCIONAIS DE RIO VERDE DE MATO GROSSO, CNPJ 01.106.343/0001-06, RIO VERDE DE MATO GROSSO/MS, processo nº 308796.0842137/2024. Não apresentou documento(s) obrigatório(s) ; Não demonstrou continuidade nas ofertas ; Não demonstrou planejamento nas ofertas ; Não demonstrou atuar preponderantemente no âmbito da Assistência Social."
24056162#13;24056162;515_20260622_24056162.xml;2026-06-22;2026-06-11;PORTARIA Nº 89, DE 11 DE JUNHO DE 2026;Ministério do Desenvolvimento e Assistência Social, Família e Combate à Fome/Secretaria Nacional de Assistência Social/Departamento da Rede Socioassistencial Privada do Sistema Único de Assistência Social;ASSISTENCIA;07985946000101;S;ASSOCIAÇÃO DE PAIS E AMIGOS DOS EXCEPCIONAIS DE SANTO ESTEVÃO - BA;SANTO ESTÊVÃO/BA;INDEFERIMENTO;N;renovacao;;114;20;http://pesquisa.in.gov.br/imprensa/jsp/visualiza/index.jsp?data=22/06/2026&jornal=515&pagina=20;DOU_XML;"Art. 2º Indeferir o pedido de renovação da certificação de entidade beneficente de assistência social das seguintes entidades, por não cumprirem requisitos lega [...] 22) ASSOCIAÇÃO DE PAIS E AMIGOS DOS EXCEPCIONAIS DE SANTO ESTEVÃO - BA, CNPJ 07.985.946/0001-01, SANTO ESTÊVÃO/BA, processo nº 308796.0850742/2024. Não demonstrou atuar preponderantemente no âmbito da Assistência Social ; Não demonstrou continuidade nas ofertas ; Não está de acordo com a Política Nacional de Assistência Social - PNAS ; Não atua no âmbito da assistência social."
24056162#13;24056162;515_20260622_24056162.xml;2026-06-22;2026-06-11;PORTARIA Nº 89, DE 11 DE JUNHO DE 2026;Ministério do Desenvolvimento e Assistência Social, Família e Combate à Fome/Secretaria Nacional de Assistência Social/Departamento da Rede Socioassistencial Privada do Sistema Único de Assistência Social;ASSISTENCIA;17981622000140;S;ASSOCIAÇÃO DE PAIS E AMIGOS DOS EXCEPCIONAIS DE SANTOS DUMONT - MG;SANTOS DUMONT/MG;INDEFERIMENTO;N;renovacao;;114;20;http://pesquisa.in.gov.br/imprensa/jsp/visualiza/index.jsp?data=22/06/2026&jornal=515&pagina=20;DOU_XML;"Art. 2º Indeferir o pedido de renovação da certificação de entidade beneficente de assistência social das seguintes entidades, por não cumprirem requisitos lega [...] 23) ASSOCIAÇÃO DE PAIS E AMIGOS DOS EXCEPCIONAIS DE SANTOS DUMONT - MG, CNPJ 17.981.622/0001-40, SANTOS DUMONT/MG, processo nº 308796.0798812/2023. Não apresentou documento(s) obrigatório(s) ; Não demonstrou continuidade nas ofertas ; Não demonstrou planejamento nas ofertas ; Não demonstrou atuar preponderantemente no âmbito da Assistência Social."
24056162#13;24056162;515_20260622_24056162.xml;2026-06-22;2026-06-11;PORTARIA Nº 89, DE 11 DE JUNHO DE 2026;Ministério do Desenvolvimento e Assistência Social, Família e Combate à Fome/Secretaria Nacional de Assistência Social/Departamento da Rede Socioassistencial Privada do Sistema Único de Assistência Social;ASSISTENCIA;01704961000140;S;ASSOCIAÇÃO DE PAIS E AMIGOS DOS EXEPCIONAIS DE SALINAS;SALINAS/MG;INDEFERIMENTO;N;renovacao;;114;20;http://pesquisa.in.gov.br/imprensa/jsp/visualiza/index.jsp?data=22/06/2026&jornal=515&pagina=20;DOU_XML;"Art. 2º Indeferir o pedido de renovação da certificação de entidade beneficente de assistência social das seguintes entidades, por não cumprirem requisitos lega [...] 24) ASSOCIAÇÃO DE PAIS E AMIGOS DOS EXEPCIONAIS DE SALINAS, CNPJ 01.704.961/0001-40, SALINAS/MG, processo nº 308796.0788809/2023. Não apresentou documento(s) obrigatório(s) ; Não demonstrou continuidade nas ofertas."
24056162#13;24056162;515_20260622_24056162.xml;2026-06-22;2026-06-11;PORTARIA Nº 89, DE 11 DE JUNHO DE 2026;Ministério do Desenvolvimento e Assistência Social, Família e Combate à Fome/Secretaria Nacional de Assistência Social/Departamento da Rede Socioassistencial Privada do Sistema Único de Assistência Social;ASSISTENCIA;92452168000156;S;ASSOCIAÇÃO DE PAIS E AMIGOS DOS SURDOS;PASSO FUNDO/RS;INDEFERIMENTO;N;renovacao;;114;20;http://pesquisa.in.gov.br/imprensa/jsp/visualiza/index.jsp?data=22/06/2026&jornal=515&pagina=20;DOU_XML;"Art. 2º Indeferir o pedido de renovação da certificação de entidade beneficente de assistência social das seguintes entidades, por não cumprirem requisitos lega [...] 25) ASSOCIAÇÃO DE PAIS E AMIGOS DOS SURDOS, CNPJ 92.452.168/0001-56, PASSO FUNDO/RS, processo nº 308796.0809921/2023. Estatuto Social não compatível com a legislação ; Não demonstrou atuar preponderantemente no âmbito da Assistência Social."
24056162#13;24056162;515_20260622_24056162.xml;2026-06-22;2026-06-11;PORTARIA Nº 89, DE 11 DE JUNHO DE 2026;Ministério do Desenvolvimento e Assistência Social, Família e Combate à Fome/Secretaria Nacional de Assistência Social/Departamento da Rede Socioassistencial Privada do Sistema Único de Assistência Social;ASSISTENCIA;77557395000152;S;ASSOCIAÇÃO DE PROTEÇÃO A MATERNIDADE, INFÂNCIA E FAMÍLIA;IBIPORÃ/PR;INDEFERIMENTO;N;renovacao;;114;20;http://pesquisa.in.gov.br/imprensa/jsp/visualiza/index.jsp?data=22/06/2026&jornal=515&pagina=20;DOU_XML;"Art. 2º Indeferir o pedido de renovação da certificação de entidade beneficente de assistência social das seguintes entidades, por não cumprirem requisitos lega [...] 26) ASSOCIAÇÃO DE PROTEÇÃO A MATERNIDADE, INFÂNCIA E FAMÍLIA, CNPJ 77.557.395/0001-52, IBIPORÃ/PR, processo nº 308796.0684949/2023. Não apresentou documento(s) obrigatório(s) ; Estatuto Social não compatível com a legislação ; Não demonstrou continuidade nas ofertas."
24056162#13;24056162;515_20260622_24056162.xml;2026-06-22;2026-06-11;PORTARIA Nº 89, DE 11 DE JUNHO DE 2026;Ministério do Desenvolvimento e Assistência Social, Família e Combate à Fome/Secretaria Nacional de Assistência Social/Departamento da Rede Socioassistencial Privada do Sistema Único de Assistência Social;ASSISTENCIA;54925979000138;S;ASSOCIAÇÃO LAR ESPÍRITA CASA DE CARIDADE PADRE CÍCERO;RIBEIRÃO PRETO/SP;INDEFERIMENTO;N;renovacao;;114;20;http://pesquisa.in.gov.br/imprensa/jsp/visualiza/index.jsp?data=22/06/2026&jornal=515&pagina=20;DOU_XML;Art. 2º Indeferir o pedido de renovação da certificação de entidade beneficente de assistência social das seguintes entidades, por não cumprirem requisitos lega [...] 27) ASSOCIAÇÃO LAR ESPÍRITA CASA DE CARIDADE PADRE CÍCERO, CNPJ 54.925.979/0001-38, RIBEIRÃO PRETO/SP, processo nº 308796.1066377/2024. Estatuto Social não compatível com a legislação.
24056162#13;24056162;515_20260622_24056162.xml;2026-06-22;2026-06-11;PORTARIA Nº 89, DE 11 DE JUNHO DE 2026;Ministério do Desenvolvimento e Assistência Social, Família e Combate à Fome/Secretaria Nacional de Assistência Social/Departamento da Rede Socioassistencial Privada do Sistema Único de Assistência Social;ASSISTENCIA;07104903000161;S;ASSOCIAÇÃO LAURA DOS SANTOS;PALHOÇA/SC;INDEFERIMENTO;N;renovacao;;114;20;http://pesquisa.in.gov.br/imprensa/jsp/visualiza/index.jsp?data=22/06/2026&jornal=515&pagina=20;DOU_XML;Art. 2º Indeferir o pedido de renovação da certificação de entidade beneficente de assistência social das seguintes entidades, por não cumprirem requisitos lega [...] 28) ASSOCIAÇÃO LAURA DOS SANTOS, CNPJ 07.104.903/0001-61, PALHOÇA/SC, processo nº 308796.0916805/2024. Estatuto Social não compatível com a legislação.
24056162#13;24056162;515_20260622_24056162.xml;2026-06-22;2026-06-11;PORTARIA Nº 89, DE 11 DE JUNHO DE 2026;Ministério do Desenvolvimento e Assistência Social, Família e Combate à Fome/Secretaria Nacional de Assistência Social/Departamento da Rede Socioassistencial Privada do Sistema Único de Assistência Social;ASSISTENCIA;49863830000131;S;ASSOCIAÇÃO LINENSE PARA CEGOS;LINS/SP;INDEFERIMENTO;N;renovacao;;114;20;http://pesquisa.in.gov.br/imprensa/jsp/visualiza/index.jsp?data=22/06/2026&jornal=515&pagina=20;DOU_XML;"Art. 2º Indeferir o pedido de renovação da certificação de entidade beneficente de assistência social das seguintes entidades, por não cumprirem requisitos lega [...] 29) ASSOCIAÇÃO LINENSE PARA CEGOS, CNPJ 49.863.830/0001-31, LINS/SP, processo nº 308796.0859401/2024. Não apresentou documento(s) obrigatório(s) ; Estatuto Social não compatível com a legislação ; Não está de acordo com a Política Nacional de Assistência Social - PNAS ; Não atua no âmbito da assistência social ; Não demonstrou atuar preponderantemente no âmbito da Assistência Social."
24056162#13;24056162;515_20260622_24056162.xml;2026-06-22;2026-06-11;PORTARIA Nº 89, DE 11 DE JUNHO DE 2026;Ministério do Desenvolvimento e Assistência Social, Família e Combate à Fome/Secretaria Nacional de Assistência Social/Departamento da Rede Socioassistencial Privada do Sistema Único de Assistência Social;ASSISTENCIA;96484373000154;S;ASSOCIAÇÃO MANTENEDORA DO LAR NOSSA SENHORA DA SALETTE;SÃO JOSÉ DOS CAMPOS/SP;INDEFERIMENTO;N;renovacao;;114;20;http://pesquisa.in.gov.br/imprensa/jsp/visualiza/index.jsp?data=22/06/2026&jornal=515&pagina=20;DOU_XML;"Art. 2º Indeferir o pedido de renovação da certificação de entidade beneficente de assistência social das seguintes entidades, por não cumprirem requisitos lega [...] 30) ASSOCIAÇÃO MANTENEDORA DO LAR NOSSA SENHORA DA SALETTE, CNPJ 96.484.373/0001-54, SÃO JOSÉ DOS CAMPOS/SP, processo nº 308796.0901551/2024. Não está de acordo com a Política Nacional de Assistência Social - PNAS ; Não demonstrou atuar preponderantemente no âmbito da Assistência Social ; Não atua no âmbito da assistência social."
24056162#13;24056162;515_20260622_24056162.xml;2026-06-22;2026-06-11;PORTARIA Nº 89, DE 11 DE JUNHO DE 2026;Ministério do Desenvolvimento e Assistência Social, Família e Combate à Fome/Secretaria Nacional de Assistência Social/Departamento da Rede Socioassistencial Privada do Sistema Único de Assistência Social;ASSISTENCIA;81912669000151;S;ASSOCIAÇÃO MARIA TEREZA;BOCAIÚVA DO SUL/PR;INDEFERIMENTO;N;renovacao;;114;20;http://pesquisa.in.gov.br/imprensa/jsp/visualiza/index.jsp?data=22/06/2026&jornal=515&pagina=20;DOU_XML;"Art. 2º Indeferir o pedido de renovação da certificação de entidade beneficente de assistência social das seguintes entidades, por não cumprirem requisitos lega [...] 31) ASSOCIAÇÃO MARIA TEREZA, CNPJ 81.912.669/0001-51, BOCAIÚVA DO SUL/PR, processo nº 308796.0953625/2024. Não apresentou documento(s) obrigatório(s) ; Estatuto Social não compatível com a legislação."
24056162#13;24056162;515_20260622_24056162.xml;2026-06-22;2026-06-11;PORTARIA Nº 89, DE 11 DE JUNHO DE 2026;Ministério do Desenvolvimento e Assistência Social, Família e Combate à Fome/Secretaria Nacional de Assistência Social/Departamento da Rede Socioassistencial Privada do Sistema Único de Assistência Social;ASSISTENCIA;39288717000116;S;ASSOCIAÇÃO PESTALOZZI DE VARGEM ALTA;VARGEM ALTA/ES;INDEFERIMENTO;N;renovacao;;114;20;http://pesquisa.in.gov.br/imprensa/jsp/visualiza/index.jsp?data=22/06/2026&jornal=515&pagina=20;DOU_XML;"Art. 2º Indeferir o pedido de renovação da certificação de entidade beneficente de assistência social das seguintes entidades, por não cumprirem requisitos lega [...] 32) ASSOCIAÇÃO PESTALOZZI DE VARGEM ALTA, CNPJ 39.288.717/0001-16, VARGEM ALTA/ES, processo nº 308796.0948373/2024. Não apresentou documento(s) obrigatório(s) ; Não atua preponderantemente no âmbito da assistência social."
24056162#13;24056162;515_20260622_24056162.xml;2026-06-22;2026-06-11;PORTARIA Nº 89, DE 11 DE JUNHO DE 2026;Ministério do Desenvolvimento e Assistência Social, Família e Combate à Fome/Secretaria Nacional de Assistência Social/Departamento da Rede Socioassistencial Privada do Sistema Único de Assistência Social;ASSISTENCIA;08378108000124;S;ASSOCIAÇÃO PROJETO ESPERANÇA CRIANÇA E FAMÍLIA - PROJETO HAPET;TAUBATÉ/SP;INDEFERIMENTO;N;renovacao;;114;20;http://pesquisa.in.gov.br/imprensa/jsp/visualiza/index.jsp?data=22/06/2026&jornal=515&pagina=20;DOU_XML;Art. 2º Indeferir o pedido de renovação da certificação de entidade beneficente de assistência social das seguintes entidades, por não cumprirem requisitos lega [...] 33) ASSOCIAÇÃO PROJETO ESPERANÇA CRIANÇA E FAMÍLIA - PROJETO HAPET, CNPJ 08.378.108/0001-24, TAUBATÉ/SP, processo nº 308796.1032154/2024. Estatuto Social não compatível com a legislação.
24056162#13;24056162;515_20260622_24056162.xml;2026-06-22;2026-06-11;PORTARIA Nº 89, DE 11 DE JUNHO DE 2026;Ministério do Desenvolvimento e Assistência Social, Família e Combate à Fome/Secretaria Nacional de Assistência Social/Departamento da Rede Socioassistencial Privada do Sistema Único de Assistência Social;ASSISTENCIA;00286659000156;S;ASSOCIAÇÃO PROMOCIONAL DA FAMÍLIA;BARRETOS/SP;INDEFERIMENTO;N;renovacao;;114;20;http://pesquisa.in.gov.br/imprensa/jsp/visualiza/index.jsp?data=22/06/2026&jornal=515&pagina=20;DOU_XML;Art. 2º Indeferir o pedido de renovação da certificação de entidade beneficente de assistência social das seguintes entidades, por não cumprirem requisitos lega [...] 34) ASSOCIAÇÃO PROMOCIONAL DA FAMÍLIA, CNPJ 00.286.659/0001-56, BARRETOS/SP, processo nº 308796.1067865/2024. Estatuto Social não compatível com a legislação.
24056162#13;24056162;515_20260622_24056162.xml;2026-06-22;2026-06-11;PORTARIA Nº 89, DE 11 DE JUNHO DE 2026;Ministério do Desenvolvimento e Assistência Social, Família e Combate à Fome/Secretaria Nacional de Assistência Social/Departamento da Rede Socioassistencial Privada do Sistema Único de Assistência Social;ASSISTENCIA;20971271000100;S;ASSOCIAÇÃO SANTA LUZIA DE GOVERNADOR VALADARES;GOVERNADOR VALADARES/MG;INDEFERIMENTO;N;renovacao;;114;20;http://pesquisa.in.gov.br/imprensa/jsp/visualiza/index.jsp?data=22/06/2026&jornal=515&pagina=20;DOU_XML;"Art. 2º Indeferir o pedido de renovação da certificação de entidade beneficente de assistência social das seguintes entidades, por não cumprirem requisitos lega [...] 35) ASSOCIAÇÃO SANTA LUZIA DE GOVERNADOR VALADARES, CNPJ 20.971.271/0001-00, GOVERNADOR VALADARES/MG, processo nº 308796.0795788/2023. Não atua no âmbito da assistência social ; Não está de acordo com a Política Nacional de Assistência Social - PNAS ; Não demonstrou atuar preponderantemente no âmbito da Assistência Social."
24056162#13;24056162;515_20260622_24056162.xml;2026-06-22;2026-06-11;PORTARIA Nº 89, DE 11 DE JUNHO DE 2026;Ministério do Desenvolvimento e Assistência Social, Família e Combate à Fome/Secretaria Nacional de Assistência Social/Departamento da Rede Socioassistencial Privada do Sistema Único de Assistência Social;ASSISTENCIA;01286108000155;S;ASSOPOC ASSOCIAÇÃO DOS PROTETORES DAS PESSOAS CARENTES;CRUCILÂNDIA/MG;INDEFERIMENTO;N;renovacao;;114;20;http://pesquisa.in.gov.br/imprensa/jsp/visualiza/index.jsp?data=22/06/2026&jornal=515&pagina=20;DOU_XML;Art. 2º Indeferir o pedido de renovação da certificação de entidade beneficente de assistência social das seguintes entidades, por não cumprirem requisitos lega [...] 36) ASSOPOC ASSOCIAÇÃO DOS PROTETORES DAS PESSOAS CARENTES, CNPJ 01.286.108/0001-55, CRUCILÂNDIA/MG, processo nº 308796.0803122/2023. Não demonstrou atuar preponderantemente no âmbito da Assistência Social.
24056162#13;24056162;515_20260622_24056162.xml;2026-06-22;2026-06-11;PORTARIA Nº 89, DE 11 DE JUNHO DE 2026;Ministério do Desenvolvimento e Assistência Social, Família e Combate à Fome/Secretaria Nacional de Assistência Social/Departamento da Rede Socioassistencial Privada do Sistema Único de Assistência Social;ASSISTENCIA;07098359000192;S;C.A.S.C.A. CENTRO DE ATENDIMENTO SOCIAL A CRIANCA E AO ADOLESCENTE;TREMEMBÉ/SP;INDEFERIMENTO;N;renovacao;;114;20;http://pesquisa.in.gov.br/imprensa/jsp/visualiza/index.jsp?data=22/06/2026&jornal=515&pagina=20;DOU_XML;"Art. 2º Indeferir o pedido de renovação da certificação de entidade beneficente de assistência social das seguintes entidades, por não cumprirem requisitos lega [...] 37) C.A.S.C.A. CENTRO DE ATENDIMENTO SOCIAL A CRIANCA E AO ADOLESCENTE, CNPJ 07.098.359/0001-92, TREMEMBÉ/SP, processo nº 308796.1052224/2024. Não está de acordo com a Política Nacional de Assistência Social - PNAS ; Não demonstrou continuidade nas ofertas ; Estatuto Social não compatível com a LOAS."
24056162#13;24056162;515_20260622_24056162.xml;2026-06-22;2026-06-11;PORTARIA Nº 89, DE 11 DE JUNHO DE 2026;Ministério do Desenvolvimento e Assistência Social, Família e Combate à Fome/Secretaria Nacional de Assistência Social/Departamento da Rede Socioassistencial Privada do Sistema Único de Assistência Social;ASSISTENCIA;39113030000140;S;CASA DA CONVIVENCIA NOSSA SENHORA MAE DO BELO AMOR;RIO DE JANEIRO/RJ;INDEFERIMENTO;N;renovacao;;114;20;http://pesquisa.in.gov.br/imprensa/jsp/visualiza/index.jsp?data=22/06/2026&jornal=515&pagina=20;DOU_XML;"Art. 2º Indeferir o pedido de renovação da certificação de entidade beneficente de assistência social das seguintes entidades, por não cumprirem requisitos lega [...] 38) CASA DA CONVIVENCIA NOSSA SENHORA MAE DO BELO AMOR, CNPJ 39.113.030/0001-40, RIO DE JANEIRO/RJ, processo nº 308796.1016952/2024. Não apresentou documento(s) obrigatório(s) ; Não está de acordo com a Política Nacional de Assistência Social - PNAS ; Não atua no âmbito da assistência social ; Não demonstrou continuidade nas ofertas."
24056162#13;24056162;515_20260622_24056162.xml;2026-06-22;2026-06-11;PORTARIA Nº 89, DE 11 DE JUNHO DE 2026;Ministério do Desenvolvimento e Assistência Social, Família e Combate à Fome/Secretaria Nacional de Assistência Social/Departamento da Rede Socioassistencial Privada do Sistema Único de Assistência Social;ASSISTENCIA;02222160000100;S;CASA DE PROTEÇÃO INTEGRAL AO ADULTO DE RANCHARIA;RANCHARIA/SP;INDEFERIMENTO;N;renovacao;;114;20;http://pesquisa.in.gov.br/imprensa/jsp/visualiza/index.jsp?data=22/06/2026&jornal=515&pagina=20;DOU_XML;Art. 2º Indeferir o pedido de renovação da certificação de entidade beneficente de assistência social das seguintes entidades, por não cumprirem requisitos lega [...] 39) CASA DE PROTEÇÃO INTEGRAL AO ADULTO DE RANCHARIA, CNPJ 02.222.160/0001-00, RANCHARIA/SP, processo nº 308796.0958271/2024. Não apresentou documento(s) obrigatório(s).
24056162#13;24056162;515_20260622_24056162.xml;2026-06-22;2026-06-11;PORTARIA Nº 89, DE 11 DE JUNHO DE 2026;Ministério do Desenvolvimento e Assistência Social, Família e Combate à Fome/Secretaria Nacional de Assistência Social/Departamento da Rede Socioassistencial Privada do Sistema Único de Assistência Social;ASSISTENCIA;03480940000113;S;CENTRO DE EDUCAÇÃO INFANTIL NOSSA SENHORA DA SAÚDE PEQUENO MUNDO;SÃO LOURENÇO/MG;INDEFERIMENTO;N;renovacao;;114;20;http://pesquisa.in.gov.br/imprensa/jsp/visualiza/index.jsp?data=22/06/2026&jornal=515&pagina=20;DOU_XML;Art. 2º Indeferir o pedido de renovação da certificação de entidade beneficente de assistência social das seguintes entidades, por não cumprirem requisitos lega [...] 40) CENTRO DE EDUCAÇÃO INFANTIL NOSSA SENHORA DA SAÚDE PEQUENO MUNDO, CNPJ 03.480.940/0001-13, SÃO LOURENÇO/MG, processo nº 308796.0721600/2023. Estatuto Social não compatível com a legislação.
24056162#13;24056162;515_20260622_24056162.xml;2026-06-22;2026-06-11;PORTARIA Nº 89, DE 11 DE JUNHO DE 2026;Ministério do Desenvolvimento e Assistência Social, Família e Combate à Fome/Secretaria Nacional de Assistência Social/Departamento da Rede Socioassistencial Privada do Sistema Único de Assistência Social;ASSISTENCIA;01516187000143;S;CENTRO DE FORMAÇÃO DA CRIANÇA E DO ADOLESCENTE DE IGARAÇU DO TIETÊ;IGARAÇU DO TIETÊ/SP;INDEFERIMENTO;N;renovacao;;114;20;http://pesquisa.in.gov.br/imprensa/jsp/visualiza/index.jsp?data=22/06/2026&jornal=515&pagina=20;DOU_XML;"Art. 2º Indeferir o pedido de renovação da certificação de entidade beneficente de assistência social das seguintes entidades, por não cumprirem requisitos lega [...] 41) CENTRO DE FORMAÇÃO DA CRIANÇA E DO ADOLESCENTE DE IGARAÇU DO TIETÊ, CNPJ 01.516.187/0001-43, IGARAÇU DO TIETÊ/SP, processo nº 308796.0823169/2024. Estatuto Social não compatível com a legislação ; Não demonstrou atuar preponderantemente no âmbito da Assistência Social."
24056162#13;24056162;515_20260622_24056162.xml;2026-06-22;2026-06-11;PORTARIA Nº 89, DE 11 DE JUNHO DE 2026;Ministério do Desenvolvimento e Assistência Social, Família e Combate à Fome/Secretaria Nacional de Assistência Social/Departamento da Rede Socioassistencial Privada do Sistema Único de Assistência Social;ASSISTENCIA;00803740000166;S;CENTRO DE PROMOÇÃO E ASSISTÊNCIA SOCIAL ANA BERNARDINA;BELO HORIZONTE/MG;INDEFERIMENTO;N;renovacao;;114;20;http://pesquisa.in.gov.br/imprensa/jsp/visualiza/index.jsp?data=22/06/2026&jornal=515&pagina=20;DOU_XML;Art. 2º Indeferir o pedido de renovação da certificação de entidade beneficente de assistência social das seguintes entidades, por não cumprirem requisitos lega [...] 42) CENTRO DE PROMOÇÃO E ASSISTÊNCIA SOCIAL ANA BERNARDINA, CNPJ 00.803.740/0001-66, BELO HORIZONTE/MG, processo nº 235874.0618893/2023. Estatuto Social não compatível com a legislação.
24056162#13;24056162;515_20260622_24056162.xml;2026-06-22;2026-06-11;PORTARIA Nº 89, DE 11 DE JUNHO DE 2026;Ministério do Desenvolvimento e Assistência Social, Família e Combate à Fome/Secretaria Nacional de Assistência Social/Departamento da Rede Socioassistencial Privada do Sistema Único de Assistência Social;ASSISTENCIA;58198128000191;S;CENTRO ESPÍRITA BENEFICENTE 30 DE JULHO;SANTOS/SP;INDEFERIMENTO;N;renovacao;;114;20;http://pesquisa.in.gov.br/imprensa/jsp/visualiza/index.jsp?data=22/06/2026&jornal=515&pagina=20;DOU_XML;Art. 2º Indeferir o pedido de renovação da certificação de entidade beneficente de assistência social das seguintes entidades, por não cumprirem requisitos lega [...] 43) CENTRO ESPÍRITA BENEFICENTE 30 DE JULHO, CNPJ 58.198.128/0001-91, SANTOS/SP, processo nº 308796.0868137/2024. Estatuto Social não compatível com a legislação.
24056162#13;24056162;515_20260622_24056162.xml;2026-06-22;2026-06-11;PORTARIA Nº 89, DE 11 DE JUNHO DE 2026;Ministério do Desenvolvimento e Assistência Social, Família e Combate à Fome/Secretaria Nacional de Assistência Social/Departamento da Rede Socioassistencial Privada do Sistema Único de Assistência Social;ASSISTENCIA;21567173000166;S;CENTRO SOCIAL CAMINHO SEGURO;MANAUS/AM;INDEFERIMENTO;N;renovacao;;114;20;http://pesquisa.in.gov.br/imprensa/jsp/visualiza/index.jsp?data=22/06/2026&jornal=515&pagina=20;DOU_XML;Art. 2º Indeferir o pedido de renovação da certificação de entidade beneficente de assistência social das seguintes entidades, por não cumprirem requisitos lega [...] 44) CENTRO SOCIAL CAMINHO SEGURO, CNPJ 21.567.173/0001-66, MANAUS/AM, processo nº 308796.0954503/2024. Estatuto Social não compatível com a legislação.
24056162#13;24056162;515_20260622_24056162.xml;2026-06-22;2026-06-11;PORTARIA Nº 89, DE 11 DE JUNHO DE 2026;Ministério do Desenvolvimento e Assistência Social, Família e Combate à Fome/Secretaria Nacional de Assistência Social/Departamento da Rede Socioassistencial Privada do Sistema Único de Assistência Social;ASSISTENCIA;25440744000158;S;COMUNHÃO ESPIRITA CRISTÂ - LAR ANDRE LUIZ;UBERABA/MG;INDEFERIMENTO;N;renovacao;;114;20;http://pesquisa.in.gov.br/imprensa/jsp/visualiza/index.jsp?data=22/06/2026&jornal=515&pagina=20;DOU_XML;Art. 2º Indeferir o pedido de renovação da certificação de entidade beneficente de assistência social das seguintes entidades, por não cumprirem requisitos lega [...] 45) COMUNHÃO ESPIRITA CRISTÂ - LAR ANDRE LUIZ, CNPJ 25.440.744/0001-58, UBERABA/MG, processo nº 308796.0724258/2023. Não apresentou documento(s) obrigatório(s).
24056162#13;24056162;515_20260622_24056162.xml;2026-06-22;2026-06-11;PORTARIA Nº 89, DE 11 DE JUNHO DE 2026;Ministério do Desenvolvimento e Assistência Social, Família e Combate à Fome/Secretaria Nacional de Assistência Social/Departamento da Rede Socioassistencial Privada do Sistema Único de Assistência Social;ASSISTENCIA;14800684000110;S;FUNDAÇÃO CASA DE DERALDINA DE AMPARO A VELHICE;IPIAÚ/BA;INDEFERIMENTO;N;renovacao;;114;20;http://pesquisa.in.gov.br/imprensa/jsp/visualiza/index.jsp?data=22/06/2026&jornal=515&pagina=20;DOU_XML;"Art. 2º Indeferir o pedido de renovação da certificação de entidade beneficente de assistência social das seguintes entidades, por não cumprirem requisitos lega [...] 46) FUNDAÇÃO CASA DE DERALDINA DE AMPARO A VELHICE, CNPJ 14.800.684/0001-10, IPIAÚ/BA, processo nº 308796.0913036/2024. Não apresentou documento(s) obrigatório(s) ; Não demonstrou atuar preponderantemente no âmbito da Assistência Social."
24056162#13;24056162;515_20260622_24056162.xml;2026-06-22;2026-06-11;PORTARIA Nº 89, DE 11 DE JUNHO DE 2026;Ministério do Desenvolvimento e Assistência Social, Família e Combate à Fome/Secretaria Nacional de Assistência Social/Departamento da Rede Socioassistencial Privada do Sistema Único de Assistência Social;ASSISTENCIA;03373951000102;S;FUNDAÇÃO OTACÍLIO COSER;VITÓRIA/ES;INDEFERIMENTO;N;renovacao;;114;20;http://pesquisa.in.gov.br/imprensa/jsp/visualiza/index.jsp?data=22/06/2026&jornal=515&pagina=20;DOU_XML;"Art. 2º Indeferir o pedido de renovação da certificação de entidade beneficente de assistência social das seguintes entidades, por não cumprirem requisitos lega [...] 47) FUNDAÇÃO OTACÍLIO COSER, CNPJ 03.373.951/0001-02, VITÓRIA/ES, processo nº 308796.1165930/2024. Não está de acordo com a Política Nacional de Assistência Social - PNAS ; Não atua no âmbito da assistência social."
24056162#13;24056162;515_20260622_24056162.xml;2026-06-22;2026-06-11;PORTARIA Nº 89, DE 11 DE JUNHO DE 2026;Ministério do Desenvolvimento e Assistência Social, Família e Combate à Fome/Secretaria Nacional de Assistência Social/Departamento da Rede Socioassistencial Privada do Sistema Único de Assistência Social;ASSISTENCIA;64929599000125;S;GUARDA MIRIM DE ITUVERAVA;ITUVERAVA/SP;INDEFERIMENTO;N;renovacao;;114;20;http://pesquisa.in.gov.br/imprensa/jsp/visualiza/index.jsp?data=22/06/2026&jornal=515&pagina=20;DOU_XML;"Art. 2º Indeferir o pedido de renovação da certificação de entidade beneficente de assistência social das seguintes entidades, por não cumprirem requisitos lega [...] 48) GUARDA MIRIM DE ITUVERAVA, CNPJ 64.929.599/0001-25, ITUVERAVA/SP, processo nº 308796.0782023/2023. Não possui cadastro CNEAS concluído no ano anterior ao do protocolo ; Estatuto Social não compatível com a legislação."
24056162#13;24056162;515_20260622_24056162.xml;2026-06-22;2026-06-11;PORTARIA Nº 89, DE 11 DE JUNHO DE 2026;Ministério do Desenvolvimento e Assistência Social, Família e Combate à Fome/Secretaria Nacional de Assistência Social/Departamento da Rede Socioassistencial Privada do Sistema Único de Assistência Social;ASSISTENCIA;44842433000160;S;GUARDA MIRIM DE SÃO JOSE DO RIO PARDO;SÃO JOSÉ DO RIO PARDO/SP;INDEFERIMENTO;N;renovacao;;114;20;http://pesquisa.in.gov.br/imprensa/jsp/visualiza/index.jsp?data=22/06/2026&jornal=515&pagina=20;DOU_XML;Art. 2º Indeferir o pedido de renovação da certificação de entidade beneficente de assistência social das seguintes entidades, por não cumprirem requisitos lega [...] 49) GUARDA MIRIM DE SÃO JOSE DO RIO PARDO, CNPJ 44.842.433/0001-60, SÃO JOSÉ DO RIO PARDO/SP, processo nº 308796.0745783/2023. Não demonstrou atuar preponderantemente no âmbito da Assistência Social.
24056162#13;24056162;515_20260622_24056162.xml;2026-06-22;2026-06-11;PORTARIA Nº 89, DE 11 DE JUNHO DE 2026;Ministério do Desenvolvimento e Assistência Social, Família e Combate à Fome/Secretaria Nacional de Assistência Social/Departamento da Rede Socioassistencial Privada do Sistema Único de Assistência Social;ASSISTENCIA;61704086000128;S;HACALI HA UM CAMINHO A LIBERDADE;CAJAMAR/SP;INDEFERIMENTO;N;renovacao;;114;20;http://pesquisa.in.gov.br/imprensa/jsp/visualiza/index.jsp?data=22/06/2026&jornal=515&pagina=20;DOU_XML;"Art. 2º Indeferir o pedido de renovação da certificação de entidade beneficente de assistência social das seguintes entidades, por não cumprirem requisitos lega [...] 50) HACALI HA UM CAMINHO A LIBERDADE, CNPJ 61.704.086/0001-28, CAJAMAR/SP, processo nº 308796.0818542/2024. Estatuto Social não compatível com a legislação ; Não demonstrou atuar preponderantemente no âmbito da Assistência Social ; Não apresentou documento(s) obrigatório(s)."
24056162#13;24056162;515_20260622_24056162.xml;2026-06-22;2026-06-11;PORTARIA Nº 89, DE 11 DE JUNHO DE 2026;Ministério do Desenvolvimento e Assistência Social, Família e Combate à Fome/Secretaria Nacional de Assistência Social/Departamento da Rede Socioassistencial Privada do Sistema Único de Assistência Social;ASSISTENCIA;20997880000120;S;INSTITUTO CULTURAL, ESPORTIVO E SOCIAL BACANA DEMAIS - ICESBADE;BELO HORIZONTE/MG;INDEFERIMENTO;N;renovacao;;114;20;http://pesquisa.in.gov.br/imprensa/jsp/visualiza/index.jsp?data=22/06/2026&jornal=515&pagina=20;DOU_XML;"Art. 2º Indeferir o pedido de renovação da certificação de entidade beneficente de assistência social das seguintes entidades, por não cumprirem requisitos lega [...] 51) INSTITUTO CULTURAL, ESPORTIVO E SOCIAL BACANA DEMAIS - ICESBADE, CNPJ 20.997.880/0001-20, BELO HORIZONTE/MG, processo nº 308796.0655429/2023. Não apresentou documento(s) obrigatório(s) ; Não demonstrou planejamento nas ofertas ; Não demonstrou continuidade nas ofertas."
24056162#13;24056162;515_20260622_24056162.xml;2026-06-22;2026-06-11;PORTARIA Nº 89, DE 11 DE JUNHO DE 2026;Ministério do Desenvolvimento e Assistência Social, Família e Combate à Fome/Secretaria Nacional de Assistência Social/Departamento da Rede Socioassistencial Privada do Sistema Único de Assistência Social;ASSISTENCIA;77124311000197;S;INSTITUTO DE AÇÃO SOCIAL RENASCER;GUARAPUAVA/PR;INDEFERIMENTO;N;renovacao;;114;20;http://pesquisa.in.gov.br/imprensa/jsp/visualiza/index.jsp?data=22/06/2026&jornal=515&pagina=20;DOU_XML;Art. 2º Indeferir o pedido de renovação da certificação de entidade beneficente de assistência social das seguintes entidades, por não cumprirem requisitos lega [...] 52) INSTITUTO DE AÇÃO SOCIAL RENASCER, CNPJ 77.124.311/0001-97, GUARAPUAVA/PR, processo nº 308796.1040911/2024. Estatuto Social não compatível com a legislação.
24056162#13;24056162;515_20260622_24056162.xml;2026-06-22;2026-06-11;PORTARIA Nº 89, DE 11 DE JUNHO DE 2026;Ministério do Desenvolvimento e Assistência Social, Família e Combate à Fome/Secretaria Nacional de Assistência Social/Departamento da Rede Socioassistencial Privada do Sistema Único de Assistência Social;ASSISTENCIA;05468904000160;S;INSTITUTO EDUCACIONAL FRANCISCO DE ASSIS - IEFA;SÃO JOSÉ DO RIO PRETO/SP;INDEFERIMENTO;N;renovacao;;114;20;http://pesquisa.in.gov.br/imprensa/jsp/visualiza/index.jsp?data=22/06/2026&jornal=515&pagina=20;DOU_XML;Art. 2º Indeferir o pedido de renovação da certificação de entidade beneficente de assistência social das seguintes entidades, por não cumprirem requisitos lega [...] 53) INSTITUTO EDUCACIONAL FRANCISCO DE ASSIS - IEFA, CNPJ 05.468.904/0001-60, SÃO JOSÉ DO RIO PRETO/SP, processo nº 308796.0877184/2024. Estatuto Social não compatível com a legislação.
24056162#13;24056162;515_20260622_24056162.xml;2026-06-22;2026-06-11;PORTARIA Nº 89, DE 11 DE JUNHO DE 2026;Ministério do Desenvolvimento e Assistência Social, Família e Combate à Fome/Secretaria Nacional de Assistência Social/Departamento da Rede Socioassistencial Privada do Sistema Único de Assistência Social;ASSISTENCIA;02132001000115;S;INSTITUTO FILADELFIA;RECIFE/PE;INDEFERIMENTO;N;renovacao;;114;20;http://pesquisa.in.gov.br/imprensa/jsp/visualiza/index.jsp?data=22/06/2026&jornal=515&pagina=20;DOU_XML;Art. 2º Indeferir o pedido de renovação da certificação de entidade beneficente de assistência social das seguintes entidades, por não cumprirem requisitos lega [...] 54) INSTITUTO FILADELFIA, CNPJ 02.132.001/0001-15, RECIFE/PE, processo nº 308796.0933294/2024. Estatuto Social não compatível com a legislação.
24056162#13;24056162;515_20260622_24056162.xml;2026-06-22;2026-06-11;PORTARIA Nº 89, DE 11 DE JUNHO DE 2026;Ministério do Desenvolvimento e Assistência Social, Família e Combate à Fome/Secretaria Nacional de Assistência Social/Departamento da Rede Socioassistencial Privada do Sistema Único de Assistência Social;ASSISTENCIA;00065060000192;S;INSTITUTO INTEGRIDADE;BRASÍLIA/DF;INDEFERIMENTO;N;renovacao;;114;20;http://pesquisa.in.gov.br/imprensa/jsp/visualiza/index.jsp?data=22/06/2026&jornal=515&pagina=20;DOU_XML;Art. 2º Indeferir o pedido de renovação da certificação de entidade beneficente de assistência social das seguintes entidades, por não cumprirem requisitos lega [...] 55) INSTITUTO INTEGRIDADE, CNPJ 00.065.060/0001-92, BRASÍLIA/DF, processo nº 308796.0883087/2024. Não atua preponderantemente no âmbito da assistência social.
24056162#13;24056162;515_20260622_24056162.xml;2026-06-22;2026-06-11;PORTARIA Nº 89, DE 11 DE JUNHO DE 2026;Ministério do Desenvolvimento e Assistência Social, Família e Combate à Fome/Secretaria Nacional de Assistência Social/Departamento da Rede Socioassistencial Privada do Sistema Único de Assistência Social;ASSISTENCIA;00734501000100;S;JOVEM EM AÇÃO CONQUISTANDO SEU ESPAÇO;ITAPIRA/SP;INDEFERIMENTO;N;renovacao;;114;20;http://pesquisa.in.gov.br/imprensa/jsp/visualiza/index.jsp?data=22/06/2026&jornal=515&pagina=20;DOU_XML;Art. 2º Indeferir o pedido de renovação da certificação de entidade beneficente de assistência social das seguintes entidades, por não cumprirem requisitos lega [...] 56) JOVEM EM AÇÃO CONQUISTANDO SEU ESPAÇO, CNPJ 00.734.501/0001-00, ITAPIRA/SP, processo nº 308796.0976644/2024. Não apresentou documento(s) obrigatório(s).
24056162#13;24056162;515_20260622_24056162.xml;2026-06-22;2026-06-11;PORTARIA Nº 89, DE 11 DE JUNHO DE 2026;Ministério do Desenvolvimento e Assistência Social, Família e Combate à Fome/Secretaria Nacional de Assistência Social/Departamento da Rede Socioassistencial Privada do Sistema Único de Assistência Social;ASSISTENCIA;54697677000150;S;LAR DA AMIZADE ILCE DA CUNHA HENRY;CAMPINAS/SP;INDEFERIMENTO;N;renovacao;;114;20;http://pesquisa.in.gov.br/imprensa/jsp/visualiza/index.jsp?data=22/06/2026&jornal=515&pagina=20;DOU_XML;Art. 2º Indeferir o pedido de renovação da certificação de entidade beneficente de assistência social das seguintes entidades, por não cumprirem requisitos lega [...] 57) LAR DA AMIZADE ILCE DA CUNHA HENRY, CNPJ 54.697.677/0001-50, CAMPINAS/SP, processo nº 308796.0947581/2024. Estatuto Social não compatível com a legislação.
24056162#13;24056162;515_20260622_24056162.xml;2026-06-22;2026-06-11;PORTARIA Nº 89, DE 11 DE JUNHO DE 2026;Ministério do Desenvolvimento e Assistência Social, Família e Combate à Fome/Secretaria Nacional de Assistência Social/Departamento da Rede Socioassistencial Privada do Sistema Único de Assistência Social;ASSISTENCIA;53372454000150;S;LAR DA CRIANCA NINHO DE PAZ;SÃO PAULO/SP;INDEFERIMENTO;N;renovacao;;114;20;http://pesquisa.in.gov.br/imprensa/jsp/visualiza/index.jsp?data=22/06/2026&jornal=515&pagina=20;DOU_XML;"Art. 2º Indeferir o pedido de renovação da certificação de entidade beneficente de assistência social das seguintes entidades, por não cumprirem requisitos lega [...] 58) LAR DA CRIANCA NINHO DE PAZ, CNPJ 53.372.454/0001-50, SÃO PAULO/SP, processo nº 308796.0995593/2024. Não atua preponderantemente no âmbito da assistência social ; Não está de acordo com a Política Nacional de Assistência Social - PNAS ; Não atua no âmbito da assistência social."
24056162#13;24056162;515_20260622_24056162.xml;2026-06-22;2026-06-11;PORTARIA Nº 89, DE 11 DE JUNHO DE 2026;Ministério do Desenvolvimento e Assistência Social, Família e Combate à Fome/Secretaria Nacional de Assistência Social/Departamento da Rede Socioassistencial Privada do Sistema Único de Assistência Social;ASSISTENCIA;55756753000113;S;LAR DE AMPARO AOS IDOSOS DE CLEMENTINA;CLEMENTINA/SP;INDEFERIMENTO;N;renovacao;;114;20;http://pesquisa.in.gov.br/imprensa/jsp/visualiza/index.jsp?data=22/06/2026&jornal=515&pagina=20;DOU_XML;Art. 2º Indeferir o pedido de renovação da certificação de entidade beneficente de assistência social das seguintes entidades, por não cumprirem requisitos lega [...] 59) LAR DE AMPARO AOS IDOSOS DE CLEMENTINA, CNPJ 55.756.753/0001-13, CLEMENTINA/SP, processo nº 308796.0811089/2023. Estatuto Social não compatível com a legislação.
24056162#13;24056162;515_20260622_24056162.xml;2026-06-22;2026-06-11;PORTARIA Nº 89, DE 11 DE JUNHO DE 2026;Ministério do Desenvolvimento e Assistência Social, Família e Combate à Fome/Secretaria Nacional de Assistência Social/Departamento da Rede Socioassistencial Privada do Sistema Único de Assistência Social;ASSISTENCIA;56015506000129;S;LAR DOS VELHOS DA IGREJA PRESBITERIANA;RIBEIRÃO PRETO/SP;INDEFERIMENTO;N;renovacao;;114;20;http://pesquisa.in.gov.br/imprensa/jsp/visualiza/index.jsp?data=22/06/2026&jornal=515&pagina=20;DOU_XML;Art. 2º Indeferir o pedido de renovação da certificação de entidade beneficente de assistência social das seguintes entidades, por não cumprirem requisitos lega [...] 60) LAR DOS VELHOS DA IGREJA PRESBITERIANA, CNPJ 56.015.506/0001-29, RIBEIRÃO PRETO/SP, processo nº 308796.1046707/2024. Estatuto Social não compatível com a legislação.
24056162#13;24056162;515_20260622_24056162.xml;2026-06-22;2026-06-11;PORTARIA Nº 89, DE 11 DE JUNHO DE 2026;Ministério do Desenvolvimento e Assistência Social, Família e Combate à Fome/Secretaria Nacional de Assistência Social/Departamento da Rede Socioassistencial Privada do Sistema Único de Assistência Social;ASSISTENCIA;53300281000164;S;LAR DOS VELHOS DE INUBIA PAULISTA;INÚBIA PAULISTA/SP;INDEFERIMENTO;N;renovacao;;114;20;http://pesquisa.in.gov.br/imprensa/jsp/visualiza/index.jsp?data=22/06/2026&jornal=515&pagina=20;DOU_XML;"Art. 2º Indeferir o pedido de renovação da certificação de entidade beneficente de assistência social das seguintes entidades, por não cumprirem requisitos lega [...] 61) LAR DOS VELHOS DE INUBIA PAULISTA, CNPJ 53.300.281/0001-64, INÚBIA PAULISTA/SP, processo nº 308796.0676569/2023. Estatuto Social não compatível com a legislação ; Não está de acordo com a Política Nacional de Assistência Social - PNAS ; Não atua preponderantemente no âmbito da assistência social ; Não atua no âmbito da assistência social."
24056162#13;24056162;515_20260622_24056162.xml;2026-06-22;2026-06-11;PORTARIA Nº 89, DE 11 DE JUNHO DE 2026;Ministério do Desenvolvimento e Assistência Social, Família e Combate à Fome/Secretaria Nacional de Assistência Social/Departamento da Rede Socioassistencial Privada do Sistema Único de Assistência Social;ASSISTENCIA;22682173000170;S;LAR SÃO VICENTE DE PAULO DE MONTES CLAROS;MONTES CLAROS/MG;INDEFERIMENTO;N;renovacao;;114;20;http://pesquisa.in.gov.br/imprensa/jsp/visualiza/index.jsp?data=22/06/2026&jornal=515&pagina=20;DOU_XML;"Art. 2º Indeferir o pedido de renovação da certificação de entidade beneficente de assistência social das seguintes entidades, por não cumprirem requisitos lega [...] 62) LAR SÃO VICENTE DE PAULO DE MONTES CLAROS, CNPJ 22.682.173/0001-70, MONTES CLAROS/MG, processo nº 308796.0790067/2023. Não apresentou documento(s) obrigatório(s) ; Não atua no âmbito da assistência social ; Não está de acordo com a Política Nacional de Assistência Social - PNAS ; Não demonstrou atuar preponderantemente no âmbito da Assistência Social."
24056162#13;24056162;515_20260622_24056162.xml;2026-06-22;2026-06-11;PORTARIA Nº 89, DE 11 DE JUNHO DE 2026;Ministério do Desenvolvimento e Assistência Social, Família e Combate à Fome/Secretaria Nacional de Assistência Social/Departamento da Rede Socioassistencial Privada do Sistema Único de Assistência Social;ASSISTENCIA;31503006000105;S;LEAN - LAR EVANGÉLICO DO ANCIÃO;SANTO ANTÔNIO DE PÁDUA/RJ;INDEFERIMENTO;N;renovacao;;114;20;http://pesquisa.in.gov.br/imprensa/jsp/visualiza/index.jsp?data=22/06/2026&jornal=515&pagina=20;DOU_XML;"Art. 2º Indeferir o pedido de renovação da certificação de entidade beneficente de assistência social das seguintes entidades, por não cumprirem requisitos lega [...] 63) LEAN - LAR EVANGÉLICO DO ANCIÃO, CNPJ 31.503.006/0001-05, SANTO ANTÔNIO DE PÁDUA/RJ, processo nº 308796.0855668/2024. Não apresentou documento(s) obrigatório(s) ; Não está de acordo com a Política Nacional de Assistência Social - PNAS ; Estatuto Social não compatível com a legislação ; Não atua no âmbito da assistência social."
24056162#13;24056162;515_20260622_24056162.xml;2026-06-22;2026-06-11;PORTARIA Nº 89, DE 11 DE JUNHO DE 2026;Ministério do Desenvolvimento e Assistência Social, Família e Combate à Fome/Secretaria Nacional de Assistência Social/Departamento da Rede Socioassistencial Privada do Sistema Único de Assistência Social;ASSISTENCIA;80670631000157;S;ORIONOPOLIS CATARINENSE;SÃO JOSÉ/SC;INDEFERIMENTO;N;renovacao;;114;20;http://pesquisa.in.gov.br/imprensa/jsp/visualiza/index.jsp?data=22/06/2026&jornal=515&pagina=20;DOU_XML;"Art. 2º Indeferir o pedido de renovação da certificação de entidade beneficente de assistência social das seguintes entidades, por não cumprirem requisitos lega [...] 64) ORIONOPOLIS CATARINENSE., CNPJ 80.670.631/0001-57, SÃO JOSÉ/SC, processo nº 235874.0366977/2022. Não está de acordo com a Política Nacional de Assistência Social - PNAS ; Não demonstrou atuar preponderantemente no âmbito da Assistência Social."
24056162#13;24056162;515_20260622_24056162.xml;2026-06-22;2026-06-11;PORTARIA Nº 89, DE 11 DE JUNHO DE 2026;Ministério do Desenvolvimento e Assistência Social, Família e Combate à Fome/Secretaria Nacional de Assistência Social/Departamento da Rede Socioassistencial Privada do Sistema Único de Assistência Social;ASSISTENCIA;49311285000170;S;PROMOÇÕES HUMANAS EUGENIO MANZENOD;SÃO PAULO/SP;INDEFERIMENTO;N;renovacao;;114;20;http://pesquisa.in.gov.br/imprensa/jsp/visualiza/index.jsp?data=22/06/2026&jornal=515&pagina=20;DOU_XML;"Art. 2º Indeferir o pedido de renovação da certificação de entidade beneficente de assistência social das seguintes entidades, por não cumprirem requisitos lega [...] 65) PROMOÇÕES HUMANAS EUGENIO MANZENOD, CNPJ 49.311.285/0001-70, SÃO PAULO/SP, processo nº 308796.0946194/2024. Não apresentou documento(s) obrigatório(s) ; Não demonstrou continuidade nas ofertas ; Não demonstrou planejamento nas ofertas."
24056162#13;24056162;515_20260622_24056162.xml;2026-06-22;2026-06-11;PORTARIA Nº 89, DE 11 DE JUNHO DE 2026;Ministério do Desenvolvimento e Assistência Social, Família e Combate à Fome/Secretaria Nacional de Assistência Social/Departamento da Rede Socioassistencial Privada do Sistema Único de Assistência Social;ASSISTENCIA;06040402000104;S;PRÓ-VITAE-INSTITUTO SUL CAPIXABA DE ATENCAO A SAUDE E ASSISTENCIA SOCIAL;CACHOEIRO DE ITAPEMIRIM/ES;INDEFERIMENTO;N;renovacao;;114;20;http://pesquisa.in.gov.br/imprensa/jsp/visualiza/index.jsp?data=22/06/2026&jornal=515&pagina=20;DOU_XML;Art. 2º Indeferir o pedido de renovação da certificação de entidade beneficente de assistência social das seguintes entidades, por não cumprirem requisitos lega [...] 66) PRÓ-VITAE-INSTITUTO SUL CAPIXABA DE ATENCAO A SAUDE E ASSISTENCIA SOCIAL, CNPJ 06.040.402/0001-04, CACHOEIRO DE ITAPEMIRIM/ES, processo nº 235874.0138964/2021. Estatuto Social não compatível com a legislação.
24056162#13;24056162;515_20260622_24056162.xml;2026-06-22;2026-06-11;PORTARIA Nº 89, DE 11 DE JUNHO DE 2026;Ministério do Desenvolvimento e Assistência Social, Família e Combate à Fome/Secretaria Nacional de Assistência Social/Departamento da Rede Socioassistencial Privada do Sistema Único de Assistência Social;ASSISTENCIA;45320645000140;S;SERVIÇO DE OBRAS SOCIAIS - S.O.S;IBITINGA/SP;INDEFERIMENTO;N;renovacao;;114;20;http://pesquisa.in.gov.br/imprensa/jsp/visualiza/index.jsp?data=22/06/2026&jornal=515&pagina=20;DOU_XML;Art. 2º Indeferir o pedido de renovação da certificação de entidade beneficente de assistência social das seguintes entidades, por não cumprirem requisitos lega [...] 67) SERVIÇO DE OBRAS SOCIAIS - S.O.S., CNPJ 45.320.645/0001-40, IBITINGA/SP, processo nº 235874.0643888/2023. Estatuto Social não compatível com a legislação.
24056162#13;24056162;515_20260622_24056162.xml;2026-06-22;2026-06-11;PORTARIA Nº 89, DE 11 DE JUNHO DE 2026;Ministério do Desenvolvimento e Assistência Social, Família e Combate à Fome/Secretaria Nacional de Assistência Social/Departamento da Rede Socioassistencial Privada do Sistema Único de Assistência Social;ASSISTENCIA;02415866000199;S;SOCIEDADE BENEFICENTE E CULTURAL DE PROTECAO A CRIANCA E ADOLESCENTE - SBC;CUIABÁ/MT;INDEFERIMENTO;N;renovacao;;114;20;http://pesquisa.in.gov.br/imprensa/jsp/visualiza/index.jsp?data=22/06/2026&jornal=515&pagina=20;DOU_XML;Art. 2º Indeferir o pedido de renovação da certificação de entidade beneficente de assistência social das seguintes entidades, por não cumprirem requisitos lega [...] 68) SOCIEDADE BENEFICENTE E CULTURAL DE PROTECAO A CRIANCA E ADOLESCENTE - SBC, CNPJ 02.415.866/0001-99, CUIABÁ/MT, processo nº 308796.0916908/2024. Estatuto Social não compatível com a legislação.
24056162#14;24056162;515_20260622_24056162.xml;2026-06-22;2026-06-11;PORTARIA Nº 90, DE 11 DE JUNHO DE 2026;Ministério do Desenvolvimento e Assistência Social, Família e Combate à Fome/Secretaria Nacional de Assistência Social/Departamento da Rede Socioassistencial Privada do Sistema Único de Assistência Social;ASSISTENCIA;11656976000133;S;A. E. B. B. E. ASSOCIACAO ESPORTIVA BOM DE BOLA BOM DE ESCOLA;AÇAILÂNDIA/MA;INDEFERIMENTO;N;concessao;;114;20;http://pesquisa.in.gov.br/imprensa/jsp/visualiza/index.jsp?data=22/06/2026&jornal=515&pagina=20;DOU_XML;Art. 1º Indeferir o pedido de concessão da Certificação de Entidade Beneficente de Assistência Social das entidades abaixo listadas, nos termos da Lei Complemen [...] 1) A. E. B. B. E. ASSOCIACAO ESPORTIVA BOM DE BOLA BOM DE ESCOLA, CNPJ 11.656.976/0001-33, AÇAILÂNDIA/MA, processo nº 308796.1021813/2024. Não apresentou documento(s) obrigatório(s).
24056162#14;24056162;515_20260622_24056162.xml;2026-06-22;2026-06-11;PORTARIA Nº 90, DE 11 DE JUNHO DE 2026;Ministério do Desenvolvimento e Assistência Social, Família e Combate à Fome/Secretaria Nacional de Assistência Social/Departamento da Rede Socioassistencial Privada do Sistema Único de Assistência Social;ASSISTENCIA;02237833000104;S;ABRIGO CENTRO TERAPEUTICO EDUCACIONAL CRISTAO;VÁRZEA PAULISTA/SP;INDEFERIMENTO;N;concessao;;114;20;http://pesquisa.in.gov.br/imprensa/jsp/visualiza/index.jsp?data=22/06/2026&jornal=515&pagina=20;DOU_XML;Art. 1º Indeferir o pedido de concessão da Certificação de Entidade Beneficente de Assistência Social das entidades abaixo listadas, nos termos da Lei Complemen [...] 2) ABRIGO CENTRO TERAPEUTICO EDUCACIONAL CRISTAO, CNPJ 02.237.833/0001-04, VÁRZEA PAULISTA/SP, processo nº 308796.0811047/2023. Não apresentou documento(s) obrigatório(s).
24056162#14;24056162;515_20260622_24056162.xml;2026-06-22;2026-06-11;PORTARIA Nº 90, DE 11 DE JUNHO DE 2026;Ministério do Desenvolvimento e Assistência Social, Família e Combate à Fome/Secretaria Nacional de Assistência Social/Departamento da Rede Socioassistencial Privada do Sistema Único de Assistência Social;ASSISTENCIA;03944209000100;S;ABRIGO VÓ TEREZA;BIRIGUI/SP;INDEFERIMENTO;N;concessao;;114;20;http://pesquisa.in.gov.br/imprensa/jsp/visualiza/index.jsp?data=22/06/2026&jornal=515&pagina=20;DOU_XML;Art. 1º Indeferir o pedido de concessão da Certificação de Entidade Beneficente de Assistência Social das entidades abaixo listadas, nos termos da Lei Complemen [...] 3) ABRIGO VÓ TEREZA, CNPJ 03.944.209/0001-00, BIRIGUI/SP, processo nº 308796.0810015/2023. Não apresentou documento(s) obrigatório(s).
24056162#14;24056162;515_20260622_24056162.xml;2026-06-22;2026-06-11;PORTARIA Nº 90, DE 11 DE JUNHO DE 2026;Ministério do Desenvolvimento e Assistência Social, Família e Combate à Fome/Secretaria Nacional de Assistência Social/Departamento da Rede Socioassistencial Privada do Sistema Único de Assistência Social;ASSISTENCIA;17889169000147;S;ASSOCIAÇÃO PARCEIROS DO CLUBE DO CORAÇÃO DO RIO GRANDE - APCC;SANTA MARIA/RS;INDEFERIMENTO;N;concessao;;114;20;http://pesquisa.in.gov.br/imprensa/jsp/visualiza/index.jsp?data=22/06/2026&jornal=515&pagina=20;DOU_XML;Art. 1º Indeferir o pedido de concessão da Certificação de Entidade Beneficente de Assistência Social das entidades abaixo listadas, nos termos da Lei Complemen [...] 4) ASSOCIAÇÃO PARCEIROS DO CLUBE DO CORAÇÃO DO RIO GRANDE - APCC, CNPJ 17.889.169/0001-47, SANTA MARIA/RS, processo nº 308796.0768666/2023. Não apresentou documento(s) obrigatório(s).
24056162#14;24056162;515_20260622_24056162.xml;2026-06-22;2026-06-11;PORTARIA Nº 90, DE 11 DE JUNHO DE 2026;Ministério do Desenvolvimento e Assistência Social, Família e Combate à Fome/Secretaria Nacional de Assistência Social/Departamento da Rede Socioassistencial Privada do Sistema Único de Assistência Social;ASSISTENCIA;18304726000183;S;ASSOCIAÇÃO ATO: AMPARAR, TRANSFORMAR E ORIENTAR DE ASSISTENCIA SOCIAL;CAMPO GRANDE/MS;INDEFERIMENTO;N;concessao;;114;20;http://pesquisa.in.gov.br/imprensa/jsp/visualiza/index.jsp?data=22/06/2026&jornal=515&pagina=20;DOU_XML;Art. 1º Indeferir o pedido de concessão da Certificação de Entidade Beneficente de Assistência Social das entidades abaixo listadas, nos termos da Lei Complemen [...] 5) ASSOCIAÇÃO ATO: AMPARAR, TRANSFORMAR E ORIENTAR DE ASSISTENCIA SOCIAL, CNPJ 18.304.726/0001-83, CAMPO GRANDE/MS, processo nº 308796.0737599/2023. Não apresentou documento(s) obrigatório(s).
24056162#14;24056162;515_20260622_24056162.xml;2026-06-22;2026-06-11;PORTARIA Nº 90, DE 11 DE JUNHO DE 2026;Ministério do Desenvolvimento e Assistência Social, Família e Combate à Fome/Secretaria Nacional de Assistência Social/Departamento da Rede Socioassistencial Privada do Sistema Único de Assistência Social;ASSISTENCIA;09455850000159;S;ASSOCIAÇÃO BENEFICENTE DOS AMIGOS DO RECANTO RENASCER - ABARR;VOTORANTIM/SP;INDEFERIMENTO;N;concessao;;114;20;http://pesquisa.in.gov.br/imprensa/jsp/visualiza/index.jsp?data=22/06/2026&jornal=515&pagina=20;DOU_XML;Art. 1º Indeferir o pedido de concessão da Certificação de Entidade Beneficente de Assistência Social das entidades abaixo listadas, nos termos da Lei Complemen [...] 6) ASSOCIAÇÃO BENEFICENTE DOS AMIGOS DO RECANTO RENASCER - ABARR, CNPJ 09.455.850/0001-59, VOTORANTIM/SP, processo nº 308796.0770285/2023. Não apresentou documento(s) obrigatório(s).
24056162#14;24056162;515_20260622_24056162.xml;2026-06-22;2026-06-11;PORTARIA Nº 90, DE 11 DE JUNHO DE 2026;Ministério do Desenvolvimento e Assistência Social, Família e Combate à Fome/Secretaria Nacional de Assistência Social/Departamento da Rede Socioassistencial Privada do Sistema Único de Assistência Social;ASSISTENCIA;18183955000197;S;ASSOCIAÇÃO BENEFICENTE TEREZA FERNANDES;SÃO PAULO/SP;INDEFERIMENTO;N;concessao;;114;20;http://pesquisa.in.gov.br/imprensa/jsp/visualiza/index.jsp?data=22/06/2026&jornal=515&pagina=20;DOU_XML;Art. 1º Indeferir o pedido de concessão da Certificação de Entidade Beneficente de Assistência Social das entidades abaixo listadas, nos termos da Lei Complemen [...] 7) ASSOCIAÇÃO BENEFICENTE TEREZA FERNANDES, CNPJ 18.183.955/0001-97, SÃO PAULO/SP, processo nº 308796.0816315/2024. Não apresentou documento(s) obrigatório(s).
24056162#14;24056162;515_20260622_24056162.xml;2026-06-22;2026-06-11;PORTARIA Nº 90, DE 11 DE JUNHO DE 2026;Ministério do Desenvolvimento e Assistência Social, Família e Combate à Fome/Secretaria Nacional de Assistência Social/Departamento da Rede Socioassistencial Privada do Sistema Único de Assistência Social;ASSISTENCIA;03193324000181;S;ASSOCIAÇÃO BENEFICIENTE RECREATIVA E CULTURAL JARDIM ALGARVE;ALVORADA/RS;INDEFERIMENTO;N;concessao;;114;20;http://pesquisa.in.gov.br/imprensa/jsp/visualiza/index.jsp?data=22/06/2026&jornal=515&pagina=20;DOU_XML;Art. 1º Indeferir o pedido de concessão da Certificação de Entidade Beneficente de Assistência Social das entidades abaixo listadas, nos termos da Lei Complemen [...] 8) ASSOCIAÇÃO BENEFICIENTE RECREATIVA E CULTURAL JARDIM ALGARVE, CNPJ 03.193.324/0001-81, ALVORADA/RS, processo nº 308796.0690563/2023. Não apresentou documento(s) obrigatório(s).
24056162#14;24056162;515_20260622_24056162.xml;2026-06-22;2026-06-11;PORTARIA Nº 90, DE 11 DE JUNHO DE 2026;Ministério do Desenvolvimento e Assistência Social, Família e Combate à Fome/Secretaria Nacional de Assistência Social/Departamento da Rede Socioassistencial Privada do Sistema Único de Assistência Social;ASSISTENCIA;20211819000105;S;ASSOCIAÇÃO CASA DA CRIANÇA MARIA ANTÔNIA;DIAMANTINA/MG;INDEFERIMENTO;N;concessao;;114;20;http://pesquisa.in.gov.br/imprensa/jsp/visualiza/index.jsp?data=22/06/2026&jornal=515&pagina=20;DOU_XML;Art. 1º Indeferir o pedido de concessão da Certificação de Entidade Beneficente de Assistência Social das entidades abaixo listadas, nos termos da Lei Complemen [...] 9) ASSOCIAÇÃO CASA DA CRIANÇA MARIA ANTÔNIA, CNPJ 20.211.819/0001-05, DIAMANTINA/MG, processo nº 308796.0751911/2023. Não apresentou documento(s) obrigatório(s).
24056162#14;24056162;515_20260622_24056162.xml;2026-06-22;2026-06-11;PORTARIA Nº 90, DE 11 DE JUNHO DE 2026;Ministério do Desenvolvimento e Assistência Social, Família e Combate à Fome/Secretaria Nacional de Assistência Social/Departamento da Rede Socioassistencial Privada do Sistema Único de Assistência Social;ASSISTENCIA;36488133000104;S;ASSOCIAÇÃO CASA DE ACOLHIMENTO ANJO DA GUARDA;CAMPINA GRANDE DO SUL/PR;INDEFERIMENTO;N;concessao;;114;20;http://pesquisa.in.gov.br/imprensa/jsp/visualiza/index.jsp?data=22/06/2026&jornal=515&pagina=20;DOU_XML;Art. 1º Indeferir o pedido de concessão da Certificação de Entidade Beneficente de Assistência Social das entidades abaixo listadas, nos termos da Lei Complemen [...] 10) ASSOCIAÇÃO CASA DE ACOLHIMENTO ANJO DA GUARDA, CNPJ 36.488.133/0001-04, CAMPINA GRANDE DO SUL/PR, processo nº 308796.1057354/2024. Não apresentou documento(s) obrigatório(s).
24056162#14;24056162;515_20260622_24056162.xml;2026-06-22;2026-06-11;PORTARIA Nº 90, DE 11 DE JUNHO DE 2026;Ministério do Desenvolvimento e Assistência Social, Família e Combate à Fome/Secretaria Nacional de Assistência Social/Departamento da Rede Socioassistencial Privada do Sistema Único de Assistência Social;ASSISTENCIA;21140613000102;S;ASSOCIAÇÃO CIDADÃO E CIDADA DE DIREITO;SANTA BÁRBARA DOESTE/SP;INDEFERIMENTO;N;concessao;;114;20;http://pesquisa.in.gov.br/imprensa/jsp/visualiza/index.jsp?data=22/06/2026&jornal=515&pagina=20;DOU_XML;Art. 1º Indeferir o pedido de concessão da Certificação de Entidade Beneficente de Assistência Social das entidades abaixo listadas, nos termos da Lei Complemen [...] 11) ASSOCIAÇÃO CIDADÃO E CIDADA DE DIREITO, CNPJ 21.140.613/0001-02, SANTA BÁRBARA DOESTE/SP, processo nº 308796.0808024/2023. Não apresentou documento(s) obrigatório(s).
24056162#14;24056162;515_20260622_24056162.xml;2026-06-22;2026-06-11;PORTARIA Nº 90, DE 11 DE JUNHO DE 2026;Ministério do Desenvolvimento e Assistência Social, Família e Combate à Fome/Secretaria Nacional de Assistência Social/Departamento da Rede Socioassistencial Privada do Sistema Único de Assistência Social;ASSISTENCIA;23454550000267;S;ASSOCIAÇÃO COMUNIDADE DE INCLUSÃO SOCIAL EIS-ME AQUI;JOINVILLE/SC;INDEFERIMENTO;N;concessao;;114;20;http://pesquisa.in.gov.br/imprensa/jsp/visualiza/index.jsp?data=22/06/2026&jornal=515&pagina=20;DOU_XML;Art. 1º Indeferir o pedido de concessão da Certificação de Entidade Beneficente de Assistência Social das entidades abaixo listadas, nos termos da Lei Complemen [...] 12) ASSOCIAÇÃO COMUNIDADE DE INCLUSÃO SOCIAL EIS-ME AQUI, CNPJ 23.454.550/0002-67, JOINVILLE/SC, processo nº 308796.0729498/2023. Não apresentou documento(s) obrigatório(s).
24056162#14;24056162;515_20260622_24056162.xml;2026-06-22;2026-06-11;PORTARIA Nº 90, DE 11 DE JUNHO DE 2026;Ministério do Desenvolvimento e Assistência Social, Família e Combate à Fome/Secretaria Nacional de Assistência Social/Departamento da Rede Socioassistencial Privada do Sistema Único de Assistência Social;ASSISTENCIA;01995479000106;S;ASSOCIACAO COMUNITARIA E SOCIAL DA VILA ILDEMAR;AÇAILÂNDIA/MA;INDEFERIMENTO;N;concessao;;114;20;http://pesquisa.in.gov.br/imprensa/jsp/visualiza/index.jsp?data=22/06/2026&jornal=515&pagina=20;DOU_XML;Art. 1º Indeferir o pedido de concessão da Certificação de Entidade Beneficente de Assistência Social das entidades abaixo listadas, nos termos da Lei Complemen [...] 13) ASSOCIACAO COMUNITARIA E SOCIAL DA VILA ILDEMAR, CNPJ 01.995.479/0001-06, AÇAILÂNDIA/MA, processo nº 308796.0763221/2023. Não apresentou documento(s) obrigatório(s).
24056162#14;24056162;515_20260622_24056162.xml;2026-06-22;2026-06-11;PORTARIA Nº 90, DE 11 DE JUNHO DE 2026;Ministério do Desenvolvimento e Assistência Social, Família e Combate à Fome/Secretaria Nacional de Assistência Social/Departamento da Rede Socioassistencial Privada do Sistema Único de Assistência Social;ASSISTENCIA;01375511000150;S;ASSOCIACAO COMUNITARIA RURAL DE CAATINGUINHA;SANTO ESTÊVÃO/BA;INDEFERIMENTO;N;concessao;;114;20;http://pesquisa.in.gov.br/imprensa/jsp/visualiza/index.jsp?data=22/06/2026&jornal=515&pagina=20;DOU_XML;Art. 1º Indeferir o pedido de concessão da Certificação de Entidade Beneficente de Assistência Social das entidades abaixo listadas, nos termos da Lei Complemen [...] 14) ASSOCIACAO COMUNITARIA RURAL DE CAATINGUINHA, CNPJ 01.375.511/0001-50, SANTO ESTÊVÃO/BA, processo nº 308796.0776787/2023. Não apresentou documento(s) obrigatório(s).
24056162#14;24056162;515_20260622_24056162.xml;2026-06-22;2026-06-11;PORTARIA Nº 90, DE 11 DE JUNHO DE 2026;Ministério do Desenvolvimento e Assistência Social, Família e Combate à Fome/Secretaria Nacional de Assistência Social/Departamento da Rede Socioassistencial Privada do Sistema Único de Assistência Social;ASSISTENCIA;20920252000146;S;ASSOCIACAO DE AUXILIO AO DEFICIENTE FISICO;FORMIGA/MG;INDEFERIMENTO;N;concessao;;114;20;http://pesquisa.in.gov.br/imprensa/jsp/visualiza/index.jsp?data=22/06/2026&jornal=515&pagina=20;DOU_XML;Art. 1º Indeferir o pedido de concessão da Certificação de Entidade Beneficente de Assistência Social das entidades abaixo listadas, nos termos da Lei Complemen [...] 15) ASSOCIACAO DE AUXILIO AO DEFICIENTE FISICO, CNPJ 20.920.252/0001-46, FORMIGA/MG, processo nº 308796.0805359/2023. Não apresentou documento(s) obrigatório(s).
24056162#14;24056162;515_20260622_24056162.xml;2026-06-22;2026-06-11;PORTARIA Nº 90, DE 11 DE JUNHO DE 2026;Ministério do Desenvolvimento e Assistência Social, Família e Combate à Fome/Secretaria Nacional de Assistência Social/Departamento da Rede Socioassistencial Privada do Sistema Único de Assistência Social;ASSISTENCIA;05873271000175;S;ASSOCIACAO DE COMBATE AO CANCER EM IPORA;IPORÁ/GO;INDEFERIMENTO;N;concessao;;114;20;http://pesquisa.in.gov.br/imprensa/jsp/visualiza/index.jsp?data=22/06/2026&jornal=515&pagina=20;DOU_XML;Art. 1º Indeferir o pedido de concessão da Certificação de Entidade Beneficente de Assistência Social das entidades abaixo listadas, nos termos da Lei Complemen [...] 16) ASSOCIACAO DE COMBATE AO CANCER EM IPORA, CNPJ 05.873.271/0001-75, IPORÁ/GO, processo nº 308796.1001273/2024. Não apresentou documento(s) obrigatório(s).
24056162#14;24056162;515_20260622_24056162.xml;2026-06-22;2026-06-11;PORTARIA Nº 90, DE 11 DE JUNHO DE 2026;Ministério do Desenvolvimento e Assistência Social, Família e Combate à Fome/Secretaria Nacional de Assistência Social/Departamento da Rede Socioassistencial Privada do Sistema Único de Assistência Social;ASSISTENCIA;13186053000190;S;ASSOCIACAO DE PAIS AMIGOS DOS EXCEPCIONAIS DE CONSELHEIRO PENA;CONSELHEIRO PENA/MG;INDEFERIMENTO;N;concessao;;114;20;http://pesquisa.in.gov.br/imprensa/jsp/visualiza/index.jsp?data=22/06/2026&jornal=515&pagina=20;DOU_XML;Art. 1º Indeferir o pedido de concessão da Certificação de Entidade Beneficente de Assistência Social das entidades abaixo listadas, nos termos da Lei Complemen [...] 17) ASSOCIACAO DE PAIS AMIGOS DOS EXCEPCIONAIS DE CONSELHEIRO PENA, CNPJ 13.186.053/0001-90, CONSELHEIRO PENA/MG, processo nº 308796.0730061/2023. Não apresentou documento(s) obrigatório(s).
24056162#14;24056162;515_20260622_24056162.xml;2026-06-22;2026-06-11;PORTARIA Nº 90, DE 11 DE JUNHO DE 2026;Ministério do Desenvolvimento e Assistência Social, Família e Combate à Fome/Secretaria Nacional de Assistência Social/Departamento da Rede Socioassistencial Privada do Sistema Único de Assistência Social;ASSISTENCIA;40335004000145;S;ASSOCIACAO DE PAIS DO ESPECTRO AUTISTA DE SOROCABA - APEAS;SOROCABA/SP;INDEFERIMENTO;N;concessao;;114;20;http://pesquisa.in.gov.br/imprensa/jsp/visualiza/index.jsp?data=22/06/2026&jornal=515&pagina=20;DOU_XML;Art. 1º Indeferir o pedido de concessão da Certificação de Entidade Beneficente de Assistência Social das entidades abaixo listadas, nos termos da Lei Complemen [...] 18) ASSOCIACAO DE PAIS DO ESPECTRO AUTISTA DE SOROCABA - APEAS, CNPJ 40.335.004/0001-45, SOROCABA/SP, processo nº 308796.1080425/2024. Não apresentou documento(s) obrigatório(s).
24056162#14;24056162;515_20260622_24056162.xml;2026-06-22;2026-06-11;PORTARIA Nº 90, DE 11 DE JUNHO DE 2026;Ministério do Desenvolvimento e Assistência Social, Família e Combate à Fome/Secretaria Nacional de Assistência Social/Departamento da Rede Socioassistencial Privada do Sistema Único de Assistência Social;ASSISTENCIA;32272902000173;S;ASSOCIAÇÃO DE PAIS DOS AUTISTAS DO EXTREMO SUL CATARINENSE - AMA.ESC;ARARANGUÁ/SC;INDEFERIMENTO;N;concessao;;114;20;http://pesquisa.in.gov.br/imprensa/jsp/visualiza/index.jsp?data=22/06/2026&jornal=515&pagina=20;DOU_XML;Art. 1º Indeferir o pedido de concessão da Certificação de Entidade Beneficente de Assistência Social das entidades abaixo listadas, nos termos da Lei Complemen [...] 19) ASSOCIAÇÃO DE PAIS DOS AUTISTAS DO EXTREMO SUL CATARINENSE - AMA.ESC, CNPJ 32.272.902/0001-73, ARARANGUÁ/SC, processo nº 308796.0871326/2024. Não apresentou documento(s) obrigatório(s).
24056162#14;24056162;515_20260622_24056162.xml;2026-06-22;2026-06-11;PORTARIA Nº 90, DE 11 DE JUNHO DE 2026;Ministério do Desenvolvimento e Assistência Social, Família e Combate à Fome/Secretaria Nacional de Assistência Social/Departamento da Rede Socioassistencial Privada do Sistema Único de Assistência Social;ASSISTENCIA;36599260000172;S;ASSOCIAÇÃO DE PAIS E AMIGOS DO AUTISTA DE BOMBINHAS;BOMBINHAS/SC;INDEFERIMENTO;N;concessao;;114;20;http://pesquisa.in.gov.br/imprensa/jsp/visualiza/index.jsp?data=22/06/2026&jornal=515&pagina=20;DOU_XML;Art. 1º Indeferir o pedido de concessão da Certificação de Entidade Beneficente de Assistência Social das entidades abaixo listadas, nos termos da Lei Complemen [...] 20) ASSOCIAÇÃO DE PAIS E AMIGOS DO AUTISTA DE BOMBINHAS, CNPJ 36.599.260/0001-72, BOMBINHAS/SC, processo nº 308796.0792438/2023. Não apresentou documento(s) obrigatório(s).
24056162#14;24056162;515_20260622_24056162.xml;2026-06-22;2026-06-11;PORTARIA Nº 90, DE 11 DE JUNHO DE 2026;Ministério do Desenvolvimento e Assistência Social, Família e Combate à Fome/Secretaria Nacional de Assistência Social/Departamento da Rede Socioassistencial Privada do Sistema Único de Assistência Social;ASSISTENCIA;26150680000113;S;ASSOCIACÃO DE PAIS E AMIGOS DOS EXCEPCIONAIS DE ABRE CAMPO;ABRE CAMPO/MG;INDEFERIMENTO;N;concessao;;114;20;http://pesquisa.in.gov.br/imprensa/jsp/visualiza/index.jsp?data=22/06/2026&jornal=515&pagina=20;DOU_XML;Art. 1º Indeferir o pedido de concessão da Certificação de Entidade Beneficente de Assistência Social das entidades abaixo listadas, nos termos da Lei Complemen [...] 21) ASSOCIACÃO DE PAIS E AMIGOS DOS EXCEPCIONAIS DE ABRE CAMPO, CNPJ 26.150.680/0001-13, ABRE CAMPO/MG, processo nº 308796.0754347/2023. Não apresentou documento(s) obrigatório(s).
24056162#14;24056162;515_20260622_24056162.xml;2026-06-22;2026-06-11;PORTARIA Nº 90, DE 11 DE JUNHO DE 2026;Ministério do Desenvolvimento e Assistência Social, Família e Combate à Fome/Secretaria Nacional de Assistência Social/Departamento da Rede Socioassistencial Privada do Sistema Único de Assistência Social;ASSISTENCIA;13726517000104;S;ASSOCIAÇÃO DE PAIS E AMIGOS DOS EXCEPCIONAIS DE ARARICÁ;ARARICÁ/RS;INDEFERIMENTO;N;concessao;;114;20;http://pesquisa.in.gov.br/imprensa/jsp/visualiza/index.jsp?data=22/06/2026&jornal=515&pagina=20;DOU_XML;Art. 1º Indeferir o pedido de concessão da Certificação de Entidade Beneficente de Assistência Social das entidades abaixo listadas, nos termos da Lei Complemen [...] 22) ASSOCIAÇÃO DE PAIS E AMIGOS DOS EXCEPCIONAIS DE ARARICÁ, CNPJ 13.726.517/0001-04, ARARICÁ/RS, processo nº 308796.0767352/2023. Não apresentou documento(s) obrigatório(s).
24056162#14;24056162;515_20260622_24056162.xml;2026-06-22;2026-06-11;PORTARIA Nº 90, DE 11 DE JUNHO DE 2026;Ministério do Desenvolvimento e Assistência Social, Família e Combate à Fome/Secretaria Nacional de Assistência Social/Departamento da Rede Socioassistencial Privada do Sistema Único de Assistência Social;ASSISTENCIA;05081468000171;S;ASSOCIAÇÃO DESPORTIVA E RECREATIVA DOS FUNCIONÁRIOS DO BANCO DO ESTADO DO PARÁ - ASBEP;ANANINDEUA/PA;INDEFERIMENTO;N;concessao;;114;20;http://pesquisa.in.gov.br/imprensa/jsp/visualiza/index.jsp?data=22/06/2026&jornal=515&pagina=20;DOU_XML;Art. 1º Indeferir o pedido de concessão da Certificação de Entidade Beneficente de Assistência Social das entidades abaixo listadas, nos termos da Lei Complemen [...] 23) ASSOCIAÇÃO DESPORTIVA E RECREATIVA DOS FUNCIONÁRIOS DO BANCO DO ESTADO DO PARÁ - ASBEP, CNPJ 05.081.468/0001-71, ANANINDEUA/PA, processo nº 308796.0866814/2024. Não apresentou documento(s) obrigatório(s).
24056162#14;24056162;515_20260622_24056162.xml;2026-06-22;2026-06-11;PORTARIA Nº 90, DE 11 DE JUNHO DE 2026;Ministério do Desenvolvimento e Assistência Social, Família e Combate à Fome/Secretaria Nacional de Assistência Social/Departamento da Rede Socioassistencial Privada do Sistema Único de Assistência Social;ASSISTENCIA;06319143000147;S;ASSOCIACAO DOS DEFICIENTES DE TABIRA - ADET;TABIRA/PE;INDEFERIMENTO;N;concessao;;114;20;http://pesquisa.in.gov.br/imprensa/jsp/visualiza/index.jsp?data=22/06/2026&jornal=515&pagina=20;DOU_XML;Art. 1º Indeferir o pedido de concessão da Certificação de Entidade Beneficente de Assistência Social das entidades abaixo listadas, nos termos da Lei Complemen [...] 24) ASSOCIACAO DOS DEFICIENTES DE TABIRA - ADET, CNPJ 06.319.143/0001-47, TABIRA/PE, processo nº 308796.0750307/2023. Não apresentou documento(s) obrigatório(s).
24056162#14;24056162;515_20260622_24056162.xml;2026-06-22;2026-06-11;PORTARIA Nº 90, DE 11 DE JUNHO DE 2026;Ministério do Desenvolvimento e Assistência Social, Família e Combate à Fome/Secretaria Nacional de Assistência Social/Departamento da Rede Socioassistencial Privada do Sistema Único de Assistência Social;ASSISTENCIA;32995783000187;S;ASSOCIAÇÃO DOS DEPUTADOS E EX-DEPUTADOS ESTADUAIS DO AMAZONAS;MANAUS/AM;INDEFERIMENTO;N;concessao;;114;20;http://pesquisa.in.gov.br/imprensa/jsp/visualiza/index.jsp?data=22/06/2026&jornal=515&pagina=20;DOU_XML;Art. 1º Indeferir o pedido de concessão da Certificação de Entidade Beneficente de Assistência Social das entidades abaixo listadas, nos termos da Lei Complemen [...] 25) ASSOCIAÇÃO DOS DEPUTADOS E EX-DEPUTADOS ESTADUAIS DO AMAZONAS, CNPJ 32.995.783/0001-87, MANAUS/AM, processo nº 308796.0756405/2023. Não apresentou documento(s) obrigatório(s).
24056162#14;24056162;515_20260622_24056162.xml;2026-06-22;2026-06-11;PORTARIA Nº 90, DE 11 DE JUNHO DE 2026;Ministério do Desenvolvimento e Assistência Social, Família e Combate à Fome/Secretaria Nacional de Assistência Social/Departamento da Rede Socioassistencial Privada do Sistema Único de Assistência Social;ASSISTENCIA;09345345000151;S;ASSOCIACAO DOS FEIRANTES DO CENTRO COMERCIAL DE AGUAS LINDAS DE GOIAS;ÁGUAS LINDAS DE GOIÁS/GO;INDEFERIMENTO;N;concessao;;114;20;http://pesquisa.in.gov.br/imprensa/jsp/visualiza/index.jsp?data=22/06/2026&jornal=515&pagina=20;DOU_XML;Art. 1º Indeferir o pedido de concessão da Certificação de Entidade Beneficente de Assistência Social das entidades abaixo listadas, nos termos da Lei Complemen [...] 26) ASSOCIACAO DOS FEIRANTES DO CENTRO COMERCIAL DE AGUAS LINDAS DE GOIAS, CNPJ 09.345.345/0001-51, ÁGUAS LINDAS DE GOIÁS/GO, processo nº 308796.0820135/2024. Não apresentou documento(s) obrigatório(s).
24056162#14;24056162;515_20260622_24056162.xml;2026-06-22;2026-06-11;PORTARIA Nº 90, DE 11 DE JUNHO DE 2026;Ministério do Desenvolvimento e Assistência Social, Família e Combate à Fome/Secretaria Nacional de Assistência Social/Departamento da Rede Socioassistencial Privada do Sistema Único de Assistência Social;ASSISTENCIA;13245330000199;S;ASSOCIACAO DOS PROFISSIONAIS DA SEGURANCA E VIGILANCIA DO DISTRITO FEDERAL;BRASÍLIA/DF;INDEFERIMENTO;N;concessao;;114;20;http://pesquisa.in.gov.br/imprensa/jsp/visualiza/index.jsp?data=22/06/2026&jornal=515&pagina=20;DOU_XML;Art. 1º Indeferir o pedido de concessão da Certificação de Entidade Beneficente de Assistência Social das entidades abaixo listadas, nos termos da Lei Complemen [...] 27) ASSOCIACAO DOS PROFISSIONAIS DA SEGURANCA E VIGILANCIA DO DISTRITO FEDERAL, CNPJ 13.245.330/0001-99, BRASÍLIA/DF, processo nº 308796.1030508/2024. Não apresentou documento(s) obrigatório(s).
24056162#14;24056162;515_20260622_24056162.xml;2026-06-22;2026-06-11;PORTARIA Nº 90, DE 11 DE JUNHO DE 2026;Ministério do Desenvolvimento e Assistência Social, Família e Combate à Fome/Secretaria Nacional de Assistência Social/Departamento da Rede Socioassistencial Privada do Sistema Único de Assistência Social;ASSISTENCIA;15065249000152;S;ASSOCIAÇÃO ESCOLINHA ESPAÇO JOVEM CLUBE ASEEJOC;CRATEÚS/CE;INDEFERIMENTO;N;concessao;;114;20;http://pesquisa.in.gov.br/imprensa/jsp/visualiza/index.jsp?data=22/06/2026&jornal=515&pagina=20;DOU_XML;Art. 1º Indeferir o pedido de concessão da Certificação de Entidade Beneficente de Assistência Social das entidades abaixo listadas, nos termos da Lei Complemen [...] 28) ASSOCIAÇÃO ESCOLINHA ESPAÇO JOVEM CLUBE ASEEJOC, CNPJ 15.065.249/0001-52, CRATEÚS/CE, processo nº 308796.0751992/2023. Não apresentou documento(s) obrigatório(s).
24056162#14;24056162;515_20260622_24056162.xml;2026-06-22;2026-06-11;PORTARIA Nº 90, DE 11 DE JUNHO DE 2026;Ministério do Desenvolvimento e Assistência Social, Família e Combate à Fome/Secretaria Nacional de Assistência Social/Departamento da Rede Socioassistencial Privada do Sistema Único de Assistência Social;ASSISTENCIA;33657222000130;S;ASSOCIACAO ESPIRITA OBREIROS DO BEM;RIO DE JANEIRO/RJ;INDEFERIMENTO;N;concessao;;114;20;http://pesquisa.in.gov.br/imprensa/jsp/visualiza/index.jsp?data=22/06/2026&jornal=515&pagina=20;DOU_XML;Art. 1º Indeferir o pedido de concessão da Certificação de Entidade Beneficente de Assistência Social das entidades abaixo listadas, nos termos da Lei Complemen [...] 29) ASSOCIACAO ESPIRITA OBREIROS DO BEM, CNPJ 33.657.222/0001-30, RIO DE JANEIRO/RJ, processo nº 308796.0729246/2023. Não apresentou documento(s) obrigatório(s).
24056162#14;24056162;515_20260622_24056162.xml;2026-06-22;2026-06-11;PORTARIA Nº 90, DE 11 DE JUNHO DE 2026;Ministério do Desenvolvimento e Assistência Social, Família e Combate à Fome/Secretaria Nacional de Assistência Social/Departamento da Rede Socioassistencial Privada do Sistema Único de Assistência Social;ASSISTENCIA;06198083000151;S;ASSOCIAÇÃO FEMININA DE RECUPERAÇÃO DE LAGOA DA PRATA;LAGOA DA PRATA/MG;INDEFERIMENTO;N;concessao;;114;20;http://pesquisa.in.gov.br/imprensa/jsp/visualiza/index.jsp?data=22/06/2026&jornal=515&pagina=20;DOU_XML;Art. 1º Indeferir o pedido de concessão da Certificação de Entidade Beneficente de Assistência Social das entidades abaixo listadas, nos termos da Lei Complemen [...] 30) ASSOCIAÇÃO FEMININA DE RECUPERAÇÃO DE LAGOA DA PRATA, CNPJ 06.198.083/0001-51, LAGOA DA PRATA/MG, processo nº 308796.0810844/2023. Não apresentou documento(s) obrigatório(s).
24056162#14;24056162;515_20260622_24056162.xml;2026-06-22;2026-06-11;PORTARIA Nº 90, DE 11 DE JUNHO DE 2026;Ministério do Desenvolvimento e Assistência Social, Família e Combate à Fome/Secretaria Nacional de Assistência Social/Departamento da Rede Socioassistencial Privada do Sistema Único de Assistência Social;ASSISTENCIA;19490347000198;S;ASSOCIAÇÃO JESUS LEÃO DE JUDA SENHOR SALVADOR;VÁRZEA PAULISTA/SP;INDEFERIMENTO;N;concessao;;114;20;http://pesquisa.in.gov.br/imprensa/jsp/visualiza/index.jsp?data=22/06/2026&jornal=515&pagina=20;DOU_XML;Art. 1º Indeferir o pedido de concessão da Certificação de Entidade Beneficente de Assistência Social das entidades abaixo listadas, nos termos da Lei Complemen [...] 31) ASSOCIAÇÃO JESUS LEÃO DE JUDA SENHOR SALVADOR, CNPJ 19.490.347/0001-98, VÁRZEA PAULISTA/SP, processo nº 308796.0798176/2023. Não apresentou documento(s) obrigatório(s).
24056162#14;24056162;515_20260622_24056162.xml;2026-06-22;2026-06-11;PORTARIA Nº 90, DE 11 DE JUNHO DE 2026;Ministério do Desenvolvimento e Assistência Social, Família e Combate à Fome/Secretaria Nacional de Assistência Social/Departamento da Rede Socioassistencial Privada do Sistema Único de Assistência Social;ASSISTENCIA;76702406000188;S;ASSOCIAÇÃO LAR DA CRIANÇA FELIZ;ITAJAÍ/SC;INDEFERIMENTO;N;concessao;;114;20;http://pesquisa.in.gov.br/imprensa/jsp/visualiza/index.jsp?data=22/06/2026&jornal=515&pagina=20;DOU_XML;Art. 1º Indeferir o pedido de concessão da Certificação de Entidade Beneficente de Assistência Social das entidades abaixo listadas, nos termos da Lei Complemen [...] 32) ASSOCIAÇÃO LAR DA CRIANÇA FELIZ, CNPJ 76.702.406/0001-88, ITAJAÍ/SC, processo nº 308796.0766271/2023. Não apresentou documento(s) obrigatório(s).
24056162#14;24056162;515_20260622_24056162.xml;2026-06-22;2026-06-11;PORTARIA Nº 90, DE 11 DE JUNHO DE 2026;Ministério do Desenvolvimento e Assistência Social, Família e Combate à Fome/Secretaria Nacional de Assistência Social/Departamento da Rede Socioassistencial Privada do Sistema Único de Assistência Social;ASSISTENCIA;07541272000148;S;ASSOCIAÇÃO LAR PORTAL DO FUTURO;SAPEZAL/MT;INDEFERIMENTO;N;concessao;;114;20;http://pesquisa.in.gov.br/imprensa/jsp/visualiza/index.jsp?data=22/06/2026&jornal=515&pagina=20;DOU_XML;Art. 1º Indeferir o pedido de concessão da Certificação de Entidade Beneficente de Assistência Social das entidades abaixo listadas, nos termos da Lei Complemen [...] 33) ASSOCIAÇÃO LAR PORTAL DO FUTURO, CNPJ 07.541.272/0001-48, SAPEZAL/MT, processo nº 308796.0729905/2023. Não apresentou documento(s) obrigatório(s).
24056162#14;24056162;515_20260622_24056162.xml;2026-06-22;2026-06-11;PORTARIA Nº 90, DE 11 DE JUNHO DE 2026;Ministério do Desenvolvimento e Assistência Social, Família e Combate à Fome/Secretaria Nacional de Assistência Social/Departamento da Rede Socioassistencial Privada do Sistema Único de Assistência Social;ASSISTENCIA;07696520000120;S;ASSOCIAÇÃO METROPOLITANA DE BASQUETE;CAMAÇARI/BA;INDEFERIMENTO;N;concessao;;114;20;http://pesquisa.in.gov.br/imprensa/jsp/visualiza/index.jsp?data=22/06/2026&jornal=515&pagina=20;DOU_XML;Art. 1º Indeferir o pedido de concessão da Certificação de Entidade Beneficente de Assistência Social das entidades abaixo listadas, nos termos da Lei Complemen [...] 34) ASSOCIAÇÃO METROPOLITANA DE BASQUETE, CNPJ 07.696.520/0001-20, CAMAÇARI/BA, processo nº 308796.0770160/2023. Não apresentou documento(s) obrigatório(s).
24056162#14;24056162;515_20260622_24056162.xml;2026-06-22;2026-06-11;PORTARIA Nº 90, DE 11 DE JUNHO DE 2026;Ministério do Desenvolvimento e Assistência Social, Família e Combate à Fome/Secretaria Nacional de Assistência Social/Departamento da Rede Socioassistencial Privada do Sistema Único de Assistência Social;ASSISTENCIA;03099565000166;S;ASSOCIAÇÃO MINISTÉRIO JERICÓ;SANTA LUZIA/MG;INDEFERIMENTO;N;concessao;;114;20;http://pesquisa.in.gov.br/imprensa/jsp/visualiza/index.jsp?data=22/06/2026&jornal=515&pagina=20;DOU_XML;Art. 1º Indeferir o pedido de concessão da Certificação de Entidade Beneficente de Assistência Social das entidades abaixo listadas, nos termos da Lei Complemen [...] 35) ASSOCIAÇÃO MINISTÉRIO JERICÓ, CNPJ 03.099.565/0001-66, SANTA LUZIA/MG, processo nº 308796.0782923/2023. Não apresentou documento(s) obrigatório(s).
24056162#14;24056162;515_20260622_24056162.xml;2026-06-22;2026-06-11;PORTARIA Nº 90, DE 11 DE JUNHO DE 2026;Ministério do Desenvolvimento e Assistência Social, Família e Combate à Fome/Secretaria Nacional de Assistência Social/Departamento da Rede Socioassistencial Privada do Sistema Único de Assistência Social;ASSISTENCIA;57547374000149;S;ASSOCIAÇÃO MISSIONÁRIA DOS FRANCISCANOS MENORES CONVENTUAIS;SANTO ANDRÉ/SP;INDEFERIMENTO;N;concessao;;114;20;http://pesquisa.in.gov.br/imprensa/jsp/visualiza/index.jsp?data=22/06/2026&jornal=515&pagina=20;DOU_XML;Art. 1º Indeferir o pedido de concessão da Certificação de Entidade Beneficente de Assistência Social das entidades abaixo listadas, nos termos da Lei Complemen [...] 36) ASSOCIAÇÃO MISSIONÁRIA DOS FRANCISCANOS MENORES CONVENTUAIS, CNPJ 57.547.374/0001-49, SANTO ANDRÉ/SP, processo nº 235874.0411567/2022. Não apresentou documento(s) obrigatório(s).
24056162#14;24056162;515_20260622_24056162.xml;2026-06-22;2026-06-11;PORTARIA Nº 90, DE 11 DE JUNHO DE 2026;Ministério do Desenvolvimento e Assistência Social, Família e Combate à Fome/Secretaria Nacional de Assistência Social/Departamento da Rede Socioassistencial Privada do Sistema Único de Assistência Social;ASSISTENCIA;15624392000137;S;ASSOCIAÇÃO NOVA ALIANÇA JF;JUIZ DE FORA/MG;INDEFERIMENTO;N;concessao;;114;20;http://pesquisa.in.gov.br/imprensa/jsp/visualiza/index.jsp?data=22/06/2026&jornal=515&pagina=20;DOU_XML;Art. 1º Indeferir o pedido de concessão da Certificação de Entidade Beneficente de Assistência Social das entidades abaixo listadas, nos termos da Lei Complemen [...] 37) ASSOCIAÇÃO NOVA ALIANÇA JF, CNPJ 15.624.392/0001-37, JUIZ DE FORA/MG, processo nº 308796.0793905/2023. Não apresentou documento(s) obrigatório(s).
24056162#14;24056162;515_20260622_24056162.xml;2026-06-22;2026-06-11;PORTARIA Nº 90, DE 11 DE JUNHO DE 2026;Ministério do Desenvolvimento e Assistência Social, Família e Combate à Fome/Secretaria Nacional de Assistência Social/Departamento da Rede Socioassistencial Privada do Sistema Único de Assistência Social;ASSISTENCIA;04767123000103;S;ASSOCIACAO PADRE PAULO TONUCCI;ITABUNA/BA;INDEFERIMENTO;N;concessao;;114;20;http://pesquisa.in.gov.br/imprensa/jsp/visualiza/index.jsp?data=22/06/2026&jornal=515&pagina=20;DOU_XML;Art. 1º Indeferir o pedido de concessão da Certificação de Entidade Beneficente de Assistência Social das entidades abaixo listadas, nos termos da Lei Complemen [...] 38) ASSOCIACAO PADRE PAULO TONUCCI, CNPJ 04.767.123/0001-03, ITABUNA/BA, processo nº 308796.1025191/2024. Não apresentou documento(s) obrigatório(s).
24056162#14;24056162;515_20260622_24056162.xml;2026-06-22;2026-06-11;PORTARIA Nº 90, DE 11 DE JUNHO DE 2026;Ministério do Desenvolvimento e Assistência Social, Família e Combate à Fome/Secretaria Nacional de Assistência Social/Departamento da Rede Socioassistencial Privada do Sistema Único de Assistência Social;ASSISTENCIA;35265564000130;S;ASSOCIAÇÃO PESTALOZZI SÃO JOSÉ DA TAPERA;SÃO JOSÉ DA TAPERA/AL;INDEFERIMENTO;N;concessao;;114;20;http://pesquisa.in.gov.br/imprensa/jsp/visualiza/index.jsp?data=22/06/2026&jornal=515&pagina=20;DOU_XML;Art. 1º Indeferir o pedido de concessão da Certificação de Entidade Beneficente de Assistência Social das entidades abaixo listadas, nos termos da Lei Complemen [...] 39) ASSOCIAÇÃO PESTALOZZI SÃO JOSÉ DA TAPERA, CNPJ 35.265.564/0001-30, SÃO JOSÉ DA TAPERA/AL, processo nº 308796.0732142/2023. Não apresentou documento(s) obrigatório(s).
24056162#14;24056162;515_20260622_24056162.xml;2026-06-22;2026-06-11;PORTARIA Nº 90, DE 11 DE JUNHO DE 2026;Ministério do Desenvolvimento e Assistência Social, Família e Combate à Fome/Secretaria Nacional de Assistência Social/Departamento da Rede Socioassistencial Privada do Sistema Único de Assistência Social;ASSISTENCIA;43895093000253;S;ASSOCIAÇÃO RECANTO DA VOVÓ DE ASSISTÊNCIA SOCIAL;COTIA/SP;INDEFERIMENTO;N;concessao;;114;20;http://pesquisa.in.gov.br/imprensa/jsp/visualiza/index.jsp?data=22/06/2026&jornal=515&pagina=20;DOU_XML;Art. 1º Indeferir o pedido de concessão da Certificação de Entidade Beneficente de Assistência Social das entidades abaixo listadas, nos termos da Lei Complemen [...] 40) ASSOCIAÇÃO RECANTO DA VOVÓ DE ASSISTÊNCIA SOCIAL, CNPJ 43.895.093/0002-53, COTIA/SP, processo nº 235874.0589090/2023. Não apresentou documento(s) obrigatório(s).
24056162#14;24056162;515_20260622_24056162.xml;2026-06-22;2026-06-11;PORTARIA Nº 90, DE 11 DE JUNHO DE 2026;Ministério do Desenvolvimento e Assistência Social, Família e Combate à Fome/Secretaria Nacional de Assistência Social/Departamento da Rede Socioassistencial Privada do Sistema Único de Assistência Social;ASSISTENCIA;02113862000156;S;CASA ASSISTENCIAL ABRIGO NOSSO LAR;CACOAL/RO;INDEFERIMENTO;N;concessao;;114;20;http://pesquisa.in.gov.br/imprensa/jsp/visualiza/index.jsp?data=22/06/2026&jornal=515&pagina=20;DOU_XML;Art. 1º Indeferir o pedido de concessão da Certificação de Entidade Beneficente de Assistência Social das entidades abaixo listadas, nos termos da Lei Complemen [...] 41) CASA ASSISTENCIAL ABRIGO NOSSO LAR, CNPJ 02.113.862/0001-56, CACOAL/RO, processo nº 308796.0757019/2023. Não apresentou documento(s) obrigatório(s).
24056162#14;24056162;515_20260622_24056162.xml;2026-06-22;2026-06-11;PORTARIA Nº 90, DE 11 DE JUNHO DE 2026;Ministério do Desenvolvimento e Assistência Social, Família e Combate à Fome/Secretaria Nacional de Assistência Social/Departamento da Rede Socioassistencial Privada do Sistema Único de Assistência Social;ASSISTENCIA;34392006000173;S;CASA DE APOIO RENASCER - CAAPRE - ASSOCIACAO DE AMPARO AOS PACIENTES EM TRATAMENTO ONCOLOGICODE PERDOES E REGIAO;PERDÕES/MG;INDEFERIMENTO;N;concessao;;114;20;http://pesquisa.in.gov.br/imprensa/jsp/visualiza/index.jsp?data=22/06/2026&jornal=515&pagina=20;DOU_XML;Art. 1º Indeferir o pedido de concessão da Certificação de Entidade Beneficente de Assistência Social das entidades abaixo listadas, nos termos da Lei Complemen [...] 42) CASA DE APOIO RENASCER - CAAPRE - ASSOCIACAO DE AMPARO AOS PACIENTES EM TRATAMENTO ONCOLOGICODE PERDOES E REGIAO, CNPJ 34.392.006/0001-73, PERDÕES/MG, processo nº 308796.0759895/2023. Não apresentou documento(s) obrigatório(s).
24056162#14;24056162;515_20260622_24056162.xml;2026-06-22;2026-06-11;PORTARIA Nº 90, DE 11 DE JUNHO DE 2026;Ministério do Desenvolvimento e Assistência Social, Família e Combate à Fome/Secretaria Nacional de Assistência Social/Departamento da Rede Socioassistencial Privada do Sistema Único de Assistência Social;ASSISTENCIA;04789956000175;S;CASA DE MÃE SOZINHA ANÁLIA FRANCO;GOIÂNIA/GO;INDEFERIMENTO;N;concessao;;114;20;http://pesquisa.in.gov.br/imprensa/jsp/visualiza/index.jsp?data=22/06/2026&jornal=515&pagina=20;DOU_XML;Art. 1º Indeferir o pedido de concessão da Certificação de Entidade Beneficente de Assistência Social das entidades abaixo listadas, nos termos da Lei Complemen [...] 43) CASA DE MÃE SOZINHA ANÁLIA FRANCO, CNPJ 04.789.956/0001-75, GOIÂNIA/GO, processo nº 308796.0680087/2023. Não apresentou documento(s) obrigatório(s).
24056162#14;24056162;515_20260622_24056162.xml;2026-06-22;2026-06-11;PORTARIA Nº 90, DE 11 DE JUNHO DE 2026;Ministério do Desenvolvimento e Assistência Social, Família e Combate à Fome/Secretaria Nacional de Assistência Social/Departamento da Rede Socioassistencial Privada do Sistema Único de Assistência Social;ASSISTENCIA;05497949000162;S;CENTRO DE AGROECOLOGIA NO SEMI-ARIDO;GUANAMBI/BA;INDEFERIMENTO;N;concessao;;114;20;http://pesquisa.in.gov.br/imprensa/jsp/visualiza/index.jsp?data=22/06/2026&jornal=515&pagina=20;DOU_XML;Art. 1º Indeferir o pedido de concessão da Certificação de Entidade Beneficente de Assistência Social das entidades abaixo listadas, nos termos da Lei Complemen [...] 44) CENTRO DE AGROECOLOGIA NO SEMI-ARIDO, CNPJ 05.497.949/0001-62, GUANAMBI/BA, processo nº 308796.0802721/2023. Não apresentou documento(s) obrigatório(s).
24056162#14;24056162;515_20260622_24056162.xml;2026-06-22;2026-06-11;PORTARIA Nº 90, DE 11 DE JUNHO DE 2026;Ministério do Desenvolvimento e Assistência Social, Família e Combate à Fome/Secretaria Nacional de Assistência Social/Departamento da Rede Socioassistencial Privada do Sistema Único de Assistência Social;ASSISTENCIA;00910785000130;S;CENTRO DE APOIO AOS DIREITOS HUMANOS ''VALDICIO BARBOSA DOS SANTOS'' (LEO) - C.A.D.H;VITÓRIA/ES;INDEFERIMENTO;N;concessao;;114;20;http://pesquisa.in.gov.br/imprensa/jsp/visualiza/index.jsp?data=22/06/2026&jornal=515&pagina=20;DOU_XML;Art. 1º Indeferir o pedido de concessão da Certificação de Entidade Beneficente de Assistência Social das entidades abaixo listadas, nos termos da Lei Complemen [...] 45) CENTRO DE APOIO AOS DIREITOS HUMANOS ''VALDICIO BARBOSA DOS SANTOS'' (LEO) - C.A.D.H, CNPJ 00.910.785/0001-30, VITÓRIA/ES, processo nº 308796.0806739/2023. Não apresentou documento(s) obrigatório(s).
24056162#14;24056162;515_20260622_24056162.xml;2026-06-22;2026-06-11;PORTARIA Nº 90, DE 11 DE JUNHO DE 2026;Ministério do Desenvolvimento e Assistência Social, Família e Combate à Fome/Secretaria Nacional de Assistência Social/Departamento da Rede Socioassistencial Privada do Sistema Único de Assistência Social;ASSISTENCIA;04864717000132;S;CENTRO DE CONVIVENCIA ESPERANÇA E VIDA (C.C.E.V);SANTOS/SP;INDEFERIMENTO;N;concessao;;114;20;http://pesquisa.in.gov.br/imprensa/jsp/visualiza/index.jsp?data=22/06/2026&jornal=515&pagina=20;DOU_XML;Art. 1º Indeferir o pedido de concessão da Certificação de Entidade Beneficente de Assistência Social das entidades abaixo listadas, nos termos da Lei Complemen [...] 46) CENTRO DE CONVIVENCIA ESPERANÇA E VIDA (C.C.E.V), CNPJ 04.864.717/0001-32, SANTOS/SP, processo nº 308796.1022735/2024. Não apresentou documento(s) obrigatório(s).
24056162#14;24056162;515_20260622_24056162.xml;2026-06-22;2026-06-11;PORTARIA Nº 90, DE 11 DE JUNHO DE 2026;Ministério do Desenvolvimento e Assistência Social, Família e Combate à Fome/Secretaria Nacional de Assistência Social/Departamento da Rede Socioassistencial Privada do Sistema Único de Assistência Social;ASSISTENCIA;28538961000173;S;CENTRO DE DESENVOLVIMENTO CULTURAL E SOCIAL PAULO FREIRE CENDECS;JABOATÃO DOS GUARARAPES/PE;INDEFERIMENTO;N;concessao;;114;20;http://pesquisa.in.gov.br/imprensa/jsp/visualiza/index.jsp?data=22/06/2026&jornal=515&pagina=20;DOU_XML;Art. 1º Indeferir o pedido de concessão da Certificação de Entidade Beneficente de Assistência Social das entidades abaixo listadas, nos termos da Lei Complemen [...] 47) CENTRO DE DESENVOLVIMENTO CULTURAL E SOCIAL PAULO FREIRE CENDECS, CNPJ 28.538.961/0001-73, JABOATÃO DOS GUARARAPES/PE, processo nº 308796.0743943/2023. Não apresentou documento(s) obrigatório(s).
24056162#14;24056162;515_20260622_24056162.xml;2026-06-22;2026-06-11;PORTARIA Nº 90, DE 11 DE JUNHO DE 2026;Ministério do Desenvolvimento e Assistência Social, Família e Combate à Fome/Secretaria Nacional de Assistência Social/Departamento da Rede Socioassistencial Privada do Sistema Único de Assistência Social;ASSISTENCIA;03394579000102;S;CENTRO DE RECUPERAÇÃO FEMININO CONVIVER;ITAJAÍ/SC;INDEFERIMENTO;N;concessao;;114;20;http://pesquisa.in.gov.br/imprensa/jsp/visualiza/index.jsp?data=22/06/2026&jornal=515&pagina=20;DOU_XML;Art. 1º Indeferir o pedido de concessão da Certificação de Entidade Beneficente de Assistência Social das entidades abaixo listadas, nos termos da Lei Complemen [...] 48) CENTRO DE RECUPERAÇÃO FEMININO CONVIVER, CNPJ 03.394.579/0001-02, ITAJAÍ/SC, processo nº 308796.0776149/2023. Não apresentou documento(s) obrigatório(s).
24056162#14;24056162;515_20260622_24056162.xml;2026-06-22;2026-06-11;PORTARIA Nº 90, DE 11 DE JUNHO DE 2026;Ministério do Desenvolvimento e Assistência Social, Família e Combate à Fome/Secretaria Nacional de Assistência Social/Departamento da Rede Socioassistencial Privada do Sistema Único de Assistência Social;ASSISTENCIA;14722714000118;S;CONGREGAÇÃO DAS MISSIONARIAS DA CARIDADE;RIO DE JANEIRO/RJ;INDEFERIMENTO;N;concessao;;114;20;http://pesquisa.in.gov.br/imprensa/jsp/visualiza/index.jsp?data=22/06/2026&jornal=515&pagina=20;DOU_XML;Art. 1º Indeferir o pedido de concessão da Certificação de Entidade Beneficente de Assistência Social das entidades abaixo listadas, nos termos da Lei Complemen [...] 49) CONGREGAÇÃO DAS MISSIONARIAS DA CARIDADE, CNPJ 14.722.714/0001-18, RIO DE JANEIRO/RJ, processo nº 308796.0810139/2023. Não apresentou documento(s) obrigatório(s).
24056162#14;24056162;515_20260622_24056162.xml;2026-06-22;2026-06-11;PORTARIA Nº 90, DE 11 DE JUNHO DE 2026;Ministério do Desenvolvimento e Assistência Social, Família e Combate à Fome/Secretaria Nacional de Assistência Social/Departamento da Rede Socioassistencial Privada do Sistema Único de Assistência Social;ASSISTENCIA;08008187000181;S;COOPERATIVA AGROPECUARIA DO VALE DO ASSU - COAPEVAL;AÇU/RN;INDEFERIMENTO;N;concessao;;114;20;http://pesquisa.in.gov.br/imprensa/jsp/visualiza/index.jsp?data=22/06/2026&jornal=515&pagina=20;DOU_XML;Art. 1º Indeferir o pedido de concessão da Certificação de Entidade Beneficente de Assistência Social das entidades abaixo listadas, nos termos da Lei Complemen [...] 50) COOPERATIVA AGROPECUARIA DO VALE DO ASSU - COAPEVAL, CNPJ 08.008.187/0001-81, AÇU/RN, processo nº 308796.0777543/2023. Não apresentou documento(s) obrigatório(s).
24056162#14;24056162;515_20260622_24056162.xml;2026-06-22;2026-06-11;PORTARIA Nº 90, DE 11 DE JUNHO DE 2026;Ministério do Desenvolvimento e Assistência Social, Família e Combate à Fome/Secretaria Nacional de Assistência Social/Departamento da Rede Socioassistencial Privada do Sistema Único de Assistência Social;ASSISTENCIA;24852238000103;S;CRECHE SAGRADO CORAÇAO DE JESUS;GOIÂNIA/GO;INDEFERIMENTO;N;concessao;;114;20;http://pesquisa.in.gov.br/imprensa/jsp/visualiza/index.jsp?data=22/06/2026&jornal=515&pagina=20;DOU_XML;Art. 1º Indeferir o pedido de concessão da Certificação de Entidade Beneficente de Assistência Social das entidades abaixo listadas, nos termos da Lei Complemen [...] 51) CRECHE SAGRADO CORAÇAO DE JESUS, CNPJ 24.852.238/0001-03, GOIÂNIA/GO, processo nº 308796.0774042/2023. Não apresentou documento(s) obrigatório(s).
24056162#14;24056162;515_20260622_24056162.xml;2026-06-22;2026-06-11;PORTARIA Nº 90, DE 11 DE JUNHO DE 2026;Ministério do Desenvolvimento e Assistência Social, Família e Combate à Fome/Secretaria Nacional de Assistência Social/Departamento da Rede Socioassistencial Privada do Sistema Único de Assistência Social;ASSISTENCIA;22821474000137;S;ENTIDADE DE OBRAS SOCIAIS DA PARÓQUIA SÃO JOSÉ;JI-PARANÁ/RO;INDEFERIMENTO;N;concessao;;114;20;http://pesquisa.in.gov.br/imprensa/jsp/visualiza/index.jsp?data=22/06/2026&jornal=515&pagina=20;DOU_XML;Art. 1º Indeferir o pedido de concessão da Certificação de Entidade Beneficente de Assistência Social das entidades abaixo listadas, nos termos da Lei Complemen [...] 52) ENTIDADE DE OBRAS SOCIAIS DA PARÓQUIA SÃO JOSÉ, CNPJ 22.821.474/0001-37, JI-PARANÁ/RO, processo nº 308796.0744460/2023. Não apresentou documento(s) obrigatório(s).
24056162#14;24056162;515_20260622_24056162.xml;2026-06-22;2026-06-11;PORTARIA Nº 90, DE 11 DE JUNHO DE 2026;Ministério do Desenvolvimento e Assistência Social, Família e Combate à Fome/Secretaria Nacional de Assistência Social/Departamento da Rede Socioassistencial Privada do Sistema Único de Assistência Social;ASSISTENCIA;39794425000155;S;FEDERAÇÃO DAS APAES DO ESTADO DO ESPIRITO SANTO;VITÓRIA/ES;INDEFERIMENTO;N;concessao;;114;20;http://pesquisa.in.gov.br/imprensa/jsp/visualiza/index.jsp?data=22/06/2026&jornal=515&pagina=20;DOU_XML;Art. 1º Indeferir o pedido de concessão da Certificação de Entidade Beneficente de Assistência Social das entidades abaixo listadas, nos termos da Lei Complemen [...] 53) FEDERAÇÃO DAS APAES DO ESTADO DO ESPIRITO SANTO, CNPJ 39.794.425/0001-55, VITÓRIA/ES, processo nº 308796.0810191/2023. Não apresentou documento(s) obrigatório(s).
24056162#14;24056162;515_20260622_24056162.xml;2026-06-22;2026-06-11;PORTARIA Nº 90, DE 11 DE JUNHO DE 2026;Ministério do Desenvolvimento e Assistência Social, Família e Combate à Fome/Secretaria Nacional de Assistência Social/Departamento da Rede Socioassistencial Privada do Sistema Único de Assistência Social;ASSISTENCIA;49975813000196;S;FEIRA INTEGRADA DE SAO GONCALO;SÃO GONÇALO/RJ;INDEFERIMENTO;N;concessao;;114;20;http://pesquisa.in.gov.br/imprensa/jsp/visualiza/index.jsp?data=22/06/2026&jornal=515&pagina=20;DOU_XML;Art. 1º Indeferir o pedido de concessão da Certificação de Entidade Beneficente de Assistência Social das entidades abaixo listadas, nos termos da Lei Complemen [...] 54) FEIRA INTEGRADA DE SAO GONCALO, CNPJ 49.975.813/0001-96, SÃO GONÇALO/RJ, processo nº 308796.1141600/2024. Não apresentou documento(s) obrigatório(s).
24056162#14;24056162;515_20260622_24056162.xml;2026-06-22;2026-06-11;PORTARIA Nº 90, DE 11 DE JUNHO DE 2026;Ministério do Desenvolvimento e Assistência Social, Família e Combate à Fome/Secretaria Nacional de Assistência Social/Departamento da Rede Socioassistencial Privada do Sistema Único de Assistência Social;ASSISTENCIA;19297162000161;S;FIA FORÇA INTELIGÊNCIA EM AÇÃO;OSASCO/SP;INDEFERIMENTO;N;concessao;;114;20;http://pesquisa.in.gov.br/imprensa/jsp/visualiza/index.jsp?data=22/06/2026&jornal=515&pagina=20;DOU_XML;Art. 1º Indeferir o pedido de concessão da Certificação de Entidade Beneficente de Assistência Social das entidades abaixo listadas, nos termos da Lei Complemen [...] 55) FIA FORÇA INTELIGÊNCIA EM AÇÃO, CNPJ 19.297.162/0001-61, OSASCO/SP, processo nº 308796.0799559/2023. Não apresentou documento(s) obrigatório(s).
24056162#14;24056162;515_20260622_24056162.xml;2026-06-22;2026-06-11;PORTARIA Nº 90, DE 11 DE JUNHO DE 2026;Ministério do Desenvolvimento e Assistência Social, Família e Combate à Fome/Secretaria Nacional de Assistência Social/Departamento da Rede Socioassistencial Privada do Sistema Único de Assistência Social;ASSISTENCIA;24561499000174;S;GUARDA DE MOCAMBIQUE SANTA CRUZ;ITAÚNA/MG;INDEFERIMENTO;N;concessao;;114;20;http://pesquisa.in.gov.br/imprensa/jsp/visualiza/index.jsp?data=22/06/2026&jornal=515&pagina=20;DOU_XML;Art. 1º Indeferir o pedido de concessão da Certificação de Entidade Beneficente de Assistência Social das entidades abaixo listadas, nos termos da Lei Complemen [...] 56) GUARDA DE MOCAMBIQUE SANTA CRUZ, CNPJ 24.561.499/0001-74, ITAÚNA/MG, processo nº 308796.0766149/2023. Não apresentou documento(s) obrigatório(s).
24056162#14;24056162;515_20260622_24056162.xml;2026-06-22;2026-06-11;PORTARIA Nº 90, DE 11 DE JUNHO DE 2026;Ministério do Desenvolvimento e Assistência Social, Família e Combate à Fome/Secretaria Nacional de Assistência Social/Departamento da Rede Socioassistencial Privada do Sistema Único de Assistência Social;ASSISTENCIA;63090724000193;S;INSTALAÇÃO DO MENOR DE JACOBINA E REGIÃO;JACOBINA/BA;INDEFERIMENTO;N;concessao;;114;20;http://pesquisa.in.gov.br/imprensa/jsp/visualiza/index.jsp?data=22/06/2026&jornal=515&pagina=20;DOU_XML;Art. 1º Indeferir o pedido de concessão da Certificação de Entidade Beneficente de Assistência Social das entidades abaixo listadas, nos termos da Lei Complemen [...] 57) INSTALAÇÃO DO MENOR DE JACOBINA E REGIÃO, CNPJ 63.090.724/0001-93, JACOBINA/BA, processo nº 308796.1054677/2024. Não apresentou documento(s) obrigatório(s).
24056162#14;24056162;515_20260622_24056162.xml;2026-06-22;2026-06-11;PORTARIA Nº 90, DE 11 DE JUNHO DE 2026;Ministério do Desenvolvimento e Assistência Social, Família e Combate à Fome/Secretaria Nacional de Assistência Social/Departamento da Rede Socioassistencial Privada do Sistema Único de Assistência Social;ASSISTENCIA;16863941000199;S;INSTITUTO BENEFICENTE ALBINO SOEIRO - IBAS;SÃO LUÍS/MA;INDEFERIMENTO;N;concessao;;114;20;http://pesquisa.in.gov.br/imprensa/jsp/visualiza/index.jsp?data=22/06/2026&jornal=515&pagina=20;DOU_XML;Art. 1º Indeferir o pedido de concessão da Certificação de Entidade Beneficente de Assistência Social das entidades abaixo listadas, nos termos da Lei Complemen [...] 58) INSTITUTO BENEFICENTE ALBINO SOEIRO - IBAS, CNPJ 16.863.941/0001-99, SÃO LUÍS/MA, processo nº 308796.1027906/2024. Não apresentou documento(s) obrigatório(s).
24056162#14;24056162;515_20260622_24056162.xml;2026-06-22;2026-06-11;PORTARIA Nº 90, DE 11 DE JUNHO DE 2026;Ministério do Desenvolvimento e Assistência Social, Família e Combate à Fome/Secretaria Nacional de Assistência Social/Departamento da Rede Socioassistencial Privada do Sistema Único de Assistência Social;ASSISTENCIA;28124487000133;S;INSTITUTO DAS ARTES E MOVIMENTO;ARAXÁ/MG;INDEFERIMENTO;N;concessao;;114;20;http://pesquisa.in.gov.br/imprensa/jsp/visualiza/index.jsp?data=22/06/2026&jornal=515&pagina=20;DOU_XML;Art. 1º Indeferir o pedido de concessão da Certificação de Entidade Beneficente de Assistência Social das entidades abaixo listadas, nos termos da Lei Complemen [...] 59) INSTITUTO DAS ARTES E MOVIMENTO, CNPJ 28.124.487/0001-33, ARAXÁ/MG, processo nº 308796.0802651/2023. Não apresentou documento(s) obrigatório(s).
24056162#14;24056162;515_20260622_24056162.xml;2026-06-22;2026-06-11;PORTARIA Nº 90, DE 11 DE JUNHO DE 2026;Ministério do Desenvolvimento e Assistência Social, Família e Combate à Fome/Secretaria Nacional de Assistência Social/Departamento da Rede Socioassistencial Privada do Sistema Único de Assistência Social;ASSISTENCIA;13955659000143;S;INSTITUTO DE APOIO AOS POVOS ORIGINARIOS DA AMAZONIA - IAPOAM;MANAUS/AM;INDEFERIMENTO;N;concessao;;114;20;http://pesquisa.in.gov.br/imprensa/jsp/visualiza/index.jsp?data=22/06/2026&jornal=515&pagina=20;DOU_XML;Art. 1º Indeferir o pedido de concessão da Certificação de Entidade Beneficente de Assistência Social das entidades abaixo listadas, nos termos da Lei Complemen [...] 60) INSTITUTO DE APOIO AOS POVOS ORIGINARIOS DA AMAZONIA - IAPOAM, CNPJ 13.955.659/0001-43, MANAUS/AM, processo nº 308796.0759249/2023. Não apresentou documento(s) obrigatório(s).
24056162#14;24056162;515_20260622_24056162.xml;2026-06-22;2026-06-11;PORTARIA Nº 90, DE 11 DE JUNHO DE 2026;Ministério do Desenvolvimento e Assistência Social, Família e Combate à Fome/Secretaria Nacional de Assistência Social/Departamento da Rede Socioassistencial Privada do Sistema Único de Assistência Social;ASSISTENCIA;03345117000103;S;INSTITUTO DE GESTÃO EM PROJETOS SOCIAIS;RIO DE JANEIRO/RJ;INDEFERIMENTO;N;concessao;;114;20;http://pesquisa.in.gov.br/imprensa/jsp/visualiza/index.jsp?data=22/06/2026&jornal=515&pagina=20;DOU_XML;Art. 1º Indeferir o pedido de concessão da Certificação de Entidade Beneficente de Assistência Social das entidades abaixo listadas, nos termos da Lei Complemen [...] 61) INSTITUTO DE GESTÃO EM PROJETOS SOCIAIS, CNPJ 03.345.117/0001-03, RIO DE JANEIRO/RJ, processo nº 308796.1055665/2024. Não apresentou documento(s) obrigatório(s).
24056162#14;24056162;515_20260622_24056162.xml;2026-06-22;2026-06-11;PORTARIA Nº 90, DE 11 DE JUNHO DE 2026;Ministério do Desenvolvimento e Assistência Social, Família e Combate à Fome/Secretaria Nacional de Assistência Social/Departamento da Rede Socioassistencial Privada do Sistema Único de Assistência Social;ASSISTENCIA;37853444000180;S;"INSTITUTO DE PESQUISA E FERTILIDADE DR. ARTHUR LEMOS - ""PRESERVANDO VIDAS""";MANAUS/AM;INDEFERIMENTO;N;concessao;;114;20;http://pesquisa.in.gov.br/imprensa/jsp/visualiza/index.jsp?data=22/06/2026&jornal=515&pagina=20;DOU_XML;"Art. 1º Indeferir o pedido de concessão da Certificação de Entidade Beneficente de Assistência Social das entidades abaixo listadas, nos termos da Lei Complemen [...] 62) INSTITUTO DE PESQUISA E FERTILIDADE DR. ARTHUR LEMOS - ""PRESERVANDO VIDAS"", CNPJ 37.853.444/0001-80, MANAUS/AM, processo nº 308796.1030416/2024. Não apresentou documento(s) obrigatório(s)."
24056162#14;24056162;515_20260622_24056162.xml;2026-06-22;2026-06-11;PORTARIA Nº 90, DE 11 DE JUNHO DE 2026;Ministério do Desenvolvimento e Assistência Social, Família e Combate à Fome/Secretaria Nacional de Assistência Social/Departamento da Rede Socioassistencial Privada do Sistema Único de Assistência Social;ASSISTENCIA;05632181000192;S;INSTITUTO INTERAMERICANO DE FORMENTO A EDUCAÇAO CULTURA E CIENCIA;NITERÓI/RJ;INDEFERIMENTO;N;concessao;;114;20;http://pesquisa.in.gov.br/imprensa/jsp/visualiza/index.jsp?data=22/06/2026&jornal=515&pagina=20;DOU_XML;Art. 1º Indeferir o pedido de concessão da Certificação de Entidade Beneficente de Assistência Social das entidades abaixo listadas, nos termos da Lei Complemen [...] 63) INSTITUTO INTERAMERICANO DE FORMENTO A EDUCAÇAO CULTURA E CIENCIA, CNPJ 05.632.181/0001-92, NITERÓI/RJ, processo nº 308796.0742989/2023. Não apresentou documento(s) obrigatório(s).
24056162#14;24056162;515_20260622_24056162.xml;2026-06-22;2026-06-11;PORTARIA Nº 90, DE 11 DE JUNHO DE 2026;Ministério do Desenvolvimento e Assistência Social, Família e Combate à Fome/Secretaria Nacional de Assistência Social/Departamento da Rede Socioassistencial Privada do Sistema Único de Assistência Social;ASSISTENCIA;07438518000150;S;INSTITUTO LUCIMARIO CAITANO;MARACANAÚ/CE;INDEFERIMENTO;N;concessao;;114;20;http://pesquisa.in.gov.br/imprensa/jsp/visualiza/index.jsp?data=22/06/2026&jornal=515&pagina=20;DOU_XML;Art. 1º Indeferir o pedido de concessão da Certificação de Entidade Beneficente de Assistência Social das entidades abaixo listadas, nos termos da Lei Complemen [...] 64) INSTITUTO LUCIMARIO CAITANO, CNPJ 07.438.518/0001-50, MARACANAÚ/CE, processo nº 235874.0486050/2023. Não apresentou documento(s) obrigatório(s).
24056162#14;24056162;515_20260622_24056162.xml;2026-06-22;2026-06-11;PORTARIA Nº 90, DE 11 DE JUNHO DE 2026;Ministério do Desenvolvimento e Assistência Social, Família e Combate à Fome/Secretaria Nacional de Assistência Social/Departamento da Rede Socioassistencial Privada do Sistema Único de Assistência Social;ASSISTENCIA;46547580000132;S;INSTITUTO NACIONAL DE DIREITOS DA PESSOA COM DEFICIENCIA OCEANO AZUL;NITERÓI/RJ;INDEFERIMENTO;N;concessao;;114;20;http://pesquisa.in.gov.br/imprensa/jsp/visualiza/index.jsp?data=22/06/2026&jornal=515&pagina=20;DOU_XML;Art. 1º Indeferir o pedido de concessão da Certificação de Entidade Beneficente de Assistência Social das entidades abaixo listadas, nos termos da Lei Complemen [...] 65) INSTITUTO NACIONAL DE DIREITOS DA PESSOA COM DEFICIENCIA OCEANO AZUL, CNPJ 46.547.580/0001-32, NITERÓI/RJ, processo nº 308796.0759159/2023. Não apresentou documento(s) obrigatório(s).
24056162#14;24056162;515_20260622_24056162.xml;2026-06-22;2026-06-11;PORTARIA Nº 90, DE 11 DE JUNHO DE 2026;Ministério do Desenvolvimento e Assistência Social, Família e Combate à Fome/Secretaria Nacional de Assistência Social/Departamento da Rede Socioassistencial Privada do Sistema Único de Assistência Social;ASSISTENCIA;05390733000101;S;INSTITUTO NOSSA SENHORA DE FATIMA;MACEIÓ/AL;INDEFERIMENTO;N;concessao;;114;20;http://pesquisa.in.gov.br/imprensa/jsp/visualiza/index.jsp?data=22/06/2026&jornal=515&pagina=20;DOU_XML;Art. 1º Indeferir o pedido de concessão da Certificação de Entidade Beneficente de Assistência Social das entidades abaixo listadas, nos termos da Lei Complemen [...] 66) INSTITUTO NOSSA SENHORA DE FATIMA, CNPJ 05.390.733/0001-01, MACEIÓ/AL, processo nº 308796.0761461/2023. Não apresentou documento(s) obrigatório(s).
24056162#14;24056162;515_20260622_24056162.xml;2026-06-22;2026-06-11;PORTARIA Nº 90, DE 11 DE JUNHO DE 2026;Ministério do Desenvolvimento e Assistência Social, Família e Combate à Fome/Secretaria Nacional de Assistência Social/Departamento da Rede Socioassistencial Privada do Sistema Único de Assistência Social;ASSISTENCIA;05597022000102;S;INSTITUTO PRO BRASIL;BRASÍLIA/DF;INDEFERIMENTO;N;concessao;;114;20;http://pesquisa.in.gov.br/imprensa/jsp/visualiza/index.jsp?data=22/06/2026&jornal=515&pagina=20;DOU_XML;Art. 1º Indeferir o pedido de concessão da Certificação de Entidade Beneficente de Assistência Social das entidades abaixo listadas, nos termos da Lei Complemen [...] 67) INSTITUTO PRO BRASIL, CNPJ 05.597.022/0001-02, BRASÍLIA/DF, processo nº 308796.0789856/2023. Não apresentou documento(s) obrigatório(s).
24056162#14;24056162;515_20260622_24056162.xml;2026-06-22;2026-06-11;PORTARIA Nº 90, DE 11 DE JUNHO DE 2026;Ministério do Desenvolvimento e Assistência Social, Família e Combate à Fome/Secretaria Nacional de Assistência Social/Departamento da Rede Socioassistencial Privada do Sistema Único de Assistência Social;ASSISTENCIA;15045522000187;S;INSTITUTO REDENTORISTA PADRE JOAO FAGUNDES HAUCK;BELO HORIZONTE/MG;INDEFERIMENTO;N;concessao;;114;20;http://pesquisa.in.gov.br/imprensa/jsp/visualiza/index.jsp?data=22/06/2026&jornal=515&pagina=20;DOU_XML;Art. 1º Indeferir o pedido de concessão da Certificação de Entidade Beneficente de Assistência Social das entidades abaixo listadas, nos termos da Lei Complemen [...] 68) INSTITUTO REDENTORISTA PADRE JOAO FAGUNDES HAUCK, CNPJ 15.045.522/0001-87, BELO HORIZONTE/MG, processo nº 308796.0779036/2023. Não apresentou documento(s) obrigatório(s).
24056162#14;24056162;515_20260622_24056162.xml;2026-06-22;2026-06-11;PORTARIA Nº 90, DE 11 DE JUNHO DE 2026;Ministério do Desenvolvimento e Assistência Social, Família e Combate à Fome/Secretaria Nacional de Assistência Social/Departamento da Rede Socioassistencial Privada do Sistema Único de Assistência Social;ASSISTENCIA;40161769000106;S;INSTITUTO RENOVADA - IR;SINOP/MT;INDEFERIMENTO;N;concessao;;114;20;http://pesquisa.in.gov.br/imprensa/jsp/visualiza/index.jsp?data=22/06/2026&jornal=515&pagina=20;DOU_XML;Art. 1º Indeferir o pedido de concessão da Certificação de Entidade Beneficente de Assistência Social das entidades abaixo listadas, nos termos da Lei Complemen [...] 69) INSTITUTO RENOVADA - IR, CNPJ 40.161.769/0001-06, SINOP/MT, processo nº 308796.1055210/2024. Não apresentou documento(s) obrigatório(s).
24056162#14;24056162;515_20260622_24056162.xml;2026-06-22;2026-06-11;PORTARIA Nº 90, DE 11 DE JUNHO DE 2026;Ministério do Desenvolvimento e Assistência Social, Família e Combate à Fome/Secretaria Nacional de Assistência Social/Departamento da Rede Socioassistencial Privada do Sistema Único de Assistência Social;ASSISTENCIA;07539238000139;S;INSTITUTO VIRTUS;UBERLÂNDIA/MG;INDEFERIMENTO;N;concessao;;114;20;http://pesquisa.in.gov.br/imprensa/jsp/visualiza/index.jsp?data=22/06/2026&jornal=515&pagina=20;DOU_XML;Art. 1º Indeferir o pedido de concessão da Certificação de Entidade Beneficente de Assistência Social das entidades abaixo listadas, nos termos da Lei Complemen [...] 70) INSTITUTO VIRTUS, CNPJ 07.539.238/0001-39, UBERLÂNDIA/MG, processo nº 308796.0818091/2024. Não apresentou documento(s) obrigatório(s).
24056162#14;24056162;515_20260622_24056162.xml;2026-06-22;2026-06-11;PORTARIA Nº 90, DE 11 DE JUNHO DE 2026;Ministério do Desenvolvimento e Assistência Social, Família e Combate à Fome/Secretaria Nacional de Assistência Social/Departamento da Rede Socioassistencial Privada do Sistema Único de Assistência Social;ASSISTENCIA;20180756000177;S;INTSTITUTO IMS GESTAO EM SAUDE;FORTALEZA/CE;INDEFERIMENTO;N;concessao;;114;20;http://pesquisa.in.gov.br/imprensa/jsp/visualiza/index.jsp?data=22/06/2026&jornal=515&pagina=20;DOU_XML;Art. 1º Indeferir o pedido de concessão da Certificação de Entidade Beneficente de Assistência Social das entidades abaixo listadas, nos termos da Lei Complemen [...] 71) INTSTITUTO IMS GESTAO EM SAUDE, CNPJ 20.180.756/0001-77, FORTALEZA/CE, processo nº 308796.0804009/2023. Não apresentou documento(s) obrigatório(s).
24056162#14;24056162;515_20260622_24056162.xml;2026-06-22;2026-06-11;PORTARIA Nº 90, DE 11 DE JUNHO DE 2026;Ministério do Desenvolvimento e Assistência Social, Família e Combate à Fome/Secretaria Nacional de Assistência Social/Departamento da Rede Socioassistencial Privada do Sistema Único de Assistência Social;ASSISTENCIA;43740465000191;S;IRMANDADE GUARDIÃS DO ADJÁ;OLINDA/PE;INDEFERIMENTO;N;concessao;;114;20;http://pesquisa.in.gov.br/imprensa/jsp/visualiza/index.jsp?data=22/06/2026&jornal=515&pagina=20;DOU_XML;Art. 1º Indeferir o pedido de concessão da Certificação de Entidade Beneficente de Assistência Social das entidades abaixo listadas, nos termos da Lei Complemen [...] 72) IRMANDADE GUARDIÃS DO ADJÁ, CNPJ 43.740.465/0001-91, OLINDA/PE, processo nº 308796.0773784/2023. Não apresentou documento(s) obrigatório(s).
24056162#14;24056162;515_20260622_24056162.xml;2026-06-22;2026-06-11;PORTARIA Nº 90, DE 11 DE JUNHO DE 2026;Ministério do Desenvolvimento e Assistência Social, Família e Combate à Fome/Secretaria Nacional de Assistência Social/Departamento da Rede Socioassistencial Privada do Sistema Único de Assistência Social;ASSISTENCIA;08462843000111;S;LAR EVANGÉLICO PASTOR ESPERIDIÃO DE ALMEIDA;MACEIÓ/AL;INDEFERIMENTO;N;concessao;;114;20;http://pesquisa.in.gov.br/imprensa/jsp/visualiza/index.jsp?data=22/06/2026&jornal=515&pagina=20;DOU_XML;Art. 1º Indeferir o pedido de concessão da Certificação de Entidade Beneficente de Assistência Social das entidades abaixo listadas, nos termos da Lei Complemen [...] 73) LAR EVANGÉLICO PASTOR ESPERIDIÃO DE ALMEIDA, CNPJ 08.462.843/0001-11, MACEIÓ/AL, processo nº 308796.0748633/2023. Não apresentou documento(s) obrigatório(s).
24056162#14;24056162;515_20260622_24056162.xml;2026-06-22;2026-06-11;PORTARIA Nº 90, DE 11 DE JUNHO DE 2026;Ministério do Desenvolvimento e Assistência Social, Família e Combate à Fome/Secretaria Nacional de Assistência Social/Departamento da Rede Socioassistencial Privada do Sistema Único de Assistência Social;ASSISTENCIA;03454217000160;S;LIDEP- LIGA DESPORTIVA DE PINDORETAMA;PINDORETAMA/CE;INDEFERIMENTO;N;concessao;;114;20;http://pesquisa.in.gov.br/imprensa/jsp/visualiza/index.jsp?data=22/06/2026&jornal=515&pagina=20;DOU_XML;Art. 1º Indeferir o pedido de concessão da Certificação de Entidade Beneficente de Assistência Social das entidades abaixo listadas, nos termos da Lei Complemen [...] 74) LIDEP- LIGA DESPORTIVA DE PINDORETAMA, CNPJ 03.454.217/0001-60, PINDORETAMA/CE, processo nº 308796.0773743/2023. Não apresentou documento(s) obrigatório(s).
24056162#14;24056162;515_20260622_24056162.xml;2026-06-22;2026-06-11;PORTARIA Nº 90, DE 11 DE JUNHO DE 2026;Ministério do Desenvolvimento e Assistência Social, Família e Combate à Fome/Secretaria Nacional de Assistência Social/Departamento da Rede Socioassistencial Privada do Sistema Único de Assistência Social;ASSISTENCIA;28546944000188;S;LIGA ASSISTENCIAL DE SÃO PAULO;SANTO ANDRÉ/SP;INDEFERIMENTO;N;concessao;;114;20;http://pesquisa.in.gov.br/imprensa/jsp/visualiza/index.jsp?data=22/06/2026&jornal=515&pagina=20;DOU_XML;Art. 1º Indeferir o pedido de concessão da Certificação de Entidade Beneficente de Assistência Social das entidades abaixo listadas, nos termos da Lei Complemen [...] 75) LIGA ASSISTENCIAL DE SÃO PAULO, CNPJ 28.546.944/0001-88, SANTO ANDRÉ/SP, processo nº 308796.0806450/2023. Não apresentou documento(s) obrigatório(s).
24056162#14;24056162;515_20260622_24056162.xml;2026-06-22;2026-06-11;PORTARIA Nº 90, DE 11 DE JUNHO DE 2026;Ministério do Desenvolvimento e Assistência Social, Família e Combate à Fome/Secretaria Nacional de Assistência Social/Departamento da Rede Socioassistencial Privada do Sistema Único de Assistência Social;ASSISTENCIA;26970717000150;S;MISSÃO PEIXES;NOVA FRIBURGO/RJ;INDEFERIMENTO;N;concessao;;114;20;http://pesquisa.in.gov.br/imprensa/jsp/visualiza/index.jsp?data=22/06/2026&jornal=515&pagina=20;DOU_XML;Art. 1º Indeferir o pedido de concessão da Certificação de Entidade Beneficente de Assistência Social das entidades abaixo listadas, nos termos da Lei Complemen [...] 76) MISSÃO PEIXES, CNPJ 26.970.717/0001-50, NOVA FRIBURGO/RJ, processo nº 308796.0776873/2023. Não apresentou documento(s) obrigatório(s).
24056162#14;24056162;515_20260622_24056162.xml;2026-06-22;2026-06-11;PORTARIA Nº 90, DE 11 DE JUNHO DE 2026;Ministério do Desenvolvimento e Assistência Social, Família e Combate à Fome/Secretaria Nacional de Assistência Social/Departamento da Rede Socioassistencial Privada do Sistema Único de Assistência Social;ASSISTENCIA;25111014002661;S;MITRA DIOCESANA DE TEÓFILO OTONI - PAROQUIA SÃO BENEDIO;TEÓFILO OTONI/MG;INDEFERIMENTO;N;concessao;;114;20;http://pesquisa.in.gov.br/imprensa/jsp/visualiza/index.jsp?data=22/06/2026&jornal=515&pagina=20;DOU_XML;Art. 1º Indeferir o pedido de concessão da Certificação de Entidade Beneficente de Assistência Social das entidades abaixo listadas, nos termos da Lei Complemen [...] 77) MITRA DIOCESANA DE TEÓFILO OTONI - PAROQUIA SÃO BENEDIO, CNPJ 25.111.014/0026-61, TEÓFILO OTONI/MG, processo nº 235874.0344490/2022. Não apresentou documento(s) obrigatório(s).
24056162#14;24056162;515_20260622_24056162.xml;2026-06-22;2026-06-11;PORTARIA Nº 90, DE 11 DE JUNHO DE 2026;Ministério do Desenvolvimento e Assistência Social, Família e Combate à Fome/Secretaria Nacional de Assistência Social/Departamento da Rede Socioassistencial Privada do Sistema Único de Assistência Social;ASSISTENCIA;51480085000355;S;NOSSO LAR SERVIÇOS DE ASSISTÊNCIA À CRIANÇA;LIMEIRA/SP;INDEFERIMENTO;N;concessao;;114;20;http://pesquisa.in.gov.br/imprensa/jsp/visualiza/index.jsp?data=22/06/2026&jornal=515&pagina=20;DOU_XML;Art. 1º Indeferir o pedido de concessão da Certificação de Entidade Beneficente de Assistência Social das entidades abaixo listadas, nos termos da Lei Complemen [...] 78) NOSSO LAR SERVIÇOS DE ASSISTÊNCIA À CRIANÇA, CNPJ 51.480.085/0003-55, LIMEIRA/SP, processo nº 308796.0667811/2023. Não apresentou documento(s) obrigatório(s).
24056162#14;24056162;515_20260622_24056162.xml;2026-06-22;2026-06-11;PORTARIA Nº 90, DE 11 DE JUNHO DE 2026;Ministério do Desenvolvimento e Assistência Social, Família e Combate à Fome/Secretaria Nacional de Assistência Social/Departamento da Rede Socioassistencial Privada do Sistema Único de Assistência Social;ASSISTENCIA;04088582000160;S;NUCLEO DE ATENÇÃO A CRIANÇA E AO ADOLESCENTE;PELOTAS/RS;INDEFERIMENTO;N;concessao;;114;20;http://pesquisa.in.gov.br/imprensa/jsp/visualiza/index.jsp?data=22/06/2026&jornal=515&pagina=20;DOU_XML;Art. 1º Indeferir o pedido de concessão da Certificação de Entidade Beneficente de Assistência Social das entidades abaixo listadas, nos termos da Lei Complemen [...] 79) NUCLEO DE ATENÇÃO A CRIANÇA E AO ADOLESCENTE, CNPJ 04.088.582/0001-60, PELOTAS/RS, processo nº 308796.0777493/2023. Não apresentou documento(s) obrigatório(s).
24056162#14;24056162;515_20260622_24056162.xml;2026-06-22;2026-06-11;PORTARIA Nº 90, DE 11 DE JUNHO DE 2026;Ministério do Desenvolvimento e Assistência Social, Família e Combate à Fome/Secretaria Nacional de Assistência Social/Departamento da Rede Socioassistencial Privada do Sistema Único de Assistência Social;ASSISTENCIA;28021707000101;S;OBRA SOCIAL DA CIDADE DO RIO DE JANEIRO;RIO DE JANEIRO/RJ;INDEFERIMENTO;N;concessao;;114;20;http://pesquisa.in.gov.br/imprensa/jsp/visualiza/index.jsp?data=22/06/2026&jornal=515&pagina=20;DOU_XML;Art. 1º Indeferir o pedido de concessão da Certificação de Entidade Beneficente de Assistência Social das entidades abaixo listadas, nos termos da Lei Complemen [...] 80) OBRA SOCIAL DA CIDADE DO RIO DE JANEIRO, CNPJ 28.021.707/0001-01, RIO DE JANEIRO/RJ, processo nº 308796.0802177/2023. Não apresentou documento(s) obrigatório(s).
24056162#14;24056162;515_20260622_24056162.xml;2026-06-22;2026-06-11;PORTARIA Nº 90, DE 11 DE JUNHO DE 2026;Ministério do Desenvolvimento e Assistência Social, Família e Combate à Fome/Secretaria Nacional de Assistência Social/Departamento da Rede Socioassistencial Privada do Sistema Único de Assistência Social;ASSISTENCIA;47620336000110;S;ONG CEHU - CENTRO ESPECIAL HUMANITARIO UNIVERSAL;CIDREIRA/RS;INDEFERIMENTO;N;concessao;;114;20;http://pesquisa.in.gov.br/imprensa/jsp/visualiza/index.jsp?data=22/06/2026&jornal=515&pagina=20;DOU_XML;Art. 1º Indeferir o pedido de concessão da Certificação de Entidade Beneficente de Assistência Social das entidades abaixo listadas, nos termos da Lei Complemen [...] 81) ONG CEHU - CENTRO ESPECIAL HUMANITARIO UNIVERSAL, CNPJ 47.620.336/0001-10, CIDREIRA/RS, processo nº 308796.0770156/2023. Não apresentou documento(s) obrigatório(s).
24056162#14;24056162;515_20260622_24056162.xml;2026-06-22;2026-06-11;PORTARIA Nº 90, DE 11 DE JUNHO DE 2026;Ministério do Desenvolvimento e Assistência Social, Família e Combate à Fome/Secretaria Nacional de Assistência Social/Departamento da Rede Socioassistencial Privada do Sistema Único de Assistência Social;ASSISTENCIA;90788605000181;S;ORFANATO MARIA CARMEM;RIO GRANDE/RS;INDEFERIMENTO;N;concessao;;114;20;http://pesquisa.in.gov.br/imprensa/jsp/visualiza/index.jsp?data=22/06/2026&jornal=515&pagina=20;DOU_XML;Art. 1º Indeferir o pedido de concessão da Certificação de Entidade Beneficente de Assistência Social das entidades abaixo listadas, nos termos da Lei Complemen [...] 82) ORFANATO MARIA CARMEM, CNPJ 90.788.605/0001-81, RIO GRANDE/RS, processo nº 308796.0793937/2023. Não apresentou documento(s) obrigatório(s).
24056162#14;24056162;515_20260622_24056162.xml;2026-06-22;2026-06-11;PORTARIA Nº 90, DE 11 DE JUNHO DE 2026;Ministério do Desenvolvimento e Assistência Social, Família e Combate à Fome/Secretaria Nacional de Assistência Social/Departamento da Rede Socioassistencial Privada do Sistema Único de Assistência Social;ASSISTENCIA;08574011000197;S;ORGANIZAÇÃO SKATE SOLIDÁRIO;SÃO BERNARDO DO CAMPO/SP;INDEFERIMENTO;N;concessao;;114;20;http://pesquisa.in.gov.br/imprensa/jsp/visualiza/index.jsp?data=22/06/2026&jornal=515&pagina=20;DOU_XML;Art. 1º Indeferir o pedido de concessão da Certificação de Entidade Beneficente de Assistência Social das entidades abaixo listadas, nos termos da Lei Complemen [...] 83) ORGANIZAÇÃO SKATE SOLIDÁRIO, CNPJ 08.574.011/0001-97, SÃO BERNARDO DO CAMPO/SP, processo nº 308796.0790191/2023. Não apresentou documento(s) obrigatório(s).
24056162#14;24056162;515_20260622_24056162.xml;2026-06-22;2026-06-11;PORTARIA Nº 90, DE 11 DE JUNHO DE 2026;Ministério do Desenvolvimento e Assistência Social, Família e Combate à Fome/Secretaria Nacional de Assistência Social/Departamento da Rede Socioassistencial Privada do Sistema Único de Assistência Social;ASSISTENCIA;90831660002401;S;PAROQUIA NOSSA SENHORA DO ROSÁRIO;RIOZINHO/RS;INDEFERIMENTO;N;concessao;;114;20;http://pesquisa.in.gov.br/imprensa/jsp/visualiza/index.jsp?data=22/06/2026&jornal=515&pagina=20;DOU_XML;Art. 1º Indeferir o pedido de concessão da Certificação de Entidade Beneficente de Assistência Social das entidades abaixo listadas, nos termos da Lei Complemen [...] 84) PAROQUIA NOSSA SENHORA DO ROSÁRIO, CNPJ 90.831.660/0024-01, RIOZINHO/RS, processo nº 235874.0548932/2023. Não apresentou documento(s) obrigatório(s).
24056162#14;24056162;515_20260622_24056162.xml;2026-06-22;2026-06-11;PORTARIA Nº 90, DE 11 DE JUNHO DE 2026;Ministério do Desenvolvimento e Assistência Social, Família e Combate à Fome/Secretaria Nacional de Assistência Social/Departamento da Rede Socioassistencial Privada do Sistema Único de Assistência Social;ASSISTENCIA;41977093000196;S;PROJETO AMOR AO PROXIMO ACAILANDIA - MA;AÇAILÂNDIA/MA;INDEFERIMENTO;N;concessao;;114;20;http://pesquisa.in.gov.br/imprensa/jsp/visualiza/index.jsp?data=22/06/2026&jornal=515&pagina=20;DOU_XML;Art. 1º Indeferir o pedido de concessão da Certificação de Entidade Beneficente de Assistência Social das entidades abaixo listadas, nos termos da Lei Complemen [...] 85) PROJETO AMOR AO PROXIMO ACAILANDIA - MA, CNPJ 41.977.093/0001-96, AÇAILÂNDIA/MA, processo nº 308796.0805247/2023. Não apresentou documento(s) obrigatório(s).
24056162#14;24056162;515_20260622_24056162.xml;2026-06-22;2026-06-11;PORTARIA Nº 90, DE 11 DE JUNHO DE 2026;Ministério do Desenvolvimento e Assistência Social, Família e Combate à Fome/Secretaria Nacional de Assistência Social/Departamento da Rede Socioassistencial Privada do Sistema Único de Assistência Social;ASSISTENCIA;26518911000107;S;PROJETO SOM E VIDA;CAMPO GRANDE/MS;INDEFERIMENTO;N;concessao;;114;20;http://pesquisa.in.gov.br/imprensa/jsp/visualiza/index.jsp?data=22/06/2026&jornal=515&pagina=20;DOU_XML;Art. 1º Indeferir o pedido de concessão da Certificação de Entidade Beneficente de Assistência Social das entidades abaixo listadas, nos termos da Lei Complemen [...] 86) PROJETO SOM E VIDA, CNPJ 26.518.911/0001-07, CAMPO GRANDE/MS, processo nº 308796.0766300/2023. Não apresentou documento(s) obrigatório(s).
24056162#14;24056162;515_20260622_24056162.xml;2026-06-22;2026-06-11;PORTARIA Nº 90, DE 11 DE JUNHO DE 2026;Ministério do Desenvolvimento e Assistência Social, Família e Combate à Fome/Secretaria Nacional de Assistência Social/Departamento da Rede Socioassistencial Privada do Sistema Único de Assistência Social;ASSISTENCIA;42932338000121;S;PROJETO VIDA JOVEM;CONTAGEM/MG;INDEFERIMENTO;N;concessao;;114;20;http://pesquisa.in.gov.br/imprensa/jsp/visualiza/index.jsp?data=22/06/2026&jornal=515&pagina=20;DOU_XML;Art. 1º Indeferir o pedido de concessão da Certificação de Entidade Beneficente de Assistência Social das entidades abaixo listadas, nos termos da Lei Complemen [...] 87) PROJETO VIDA JOVEM, CNPJ 42.932.338/0001-21, CONTAGEM/MG, processo nº 308796.1182937/2024. Não apresentou documento(s) obrigatório(s).
24056162#14;24056162;515_20260622_24056162.xml;2026-06-22;2026-06-11;PORTARIA Nº 90, DE 11 DE JUNHO DE 2026;Ministério do Desenvolvimento e Assistência Social, Família e Combate à Fome/Secretaria Nacional de Assistência Social/Departamento da Rede Socioassistencial Privada do Sistema Único de Assistência Social;ASSISTENCIA;27723005000107;S;RECRIAR PROJETOS SOCIAIS;BAURU/SP;INDEFERIMENTO;N;concessao;;114;20;http://pesquisa.in.gov.br/imprensa/jsp/visualiza/index.jsp?data=22/06/2026&jornal=515&pagina=20;DOU_XML;Art. 1º Indeferir o pedido de concessão da Certificação de Entidade Beneficente de Assistência Social das entidades abaixo listadas, nos termos da Lei Complemen [...] 88) RECRIAR PROJETOS SOCIAIS, CNPJ 27.723.005/0001-07, BAURU/SP, processo nº 308796.0751161/2023. Não apresentou documento(s) obrigatório(s).
24056162#14;24056162;515_20260622_24056162.xml;2026-06-22;2026-06-11;PORTARIA Nº 90, DE 11 DE JUNHO DE 2026;Ministério do Desenvolvimento e Assistência Social, Família e Combate à Fome/Secretaria Nacional de Assistência Social/Departamento da Rede Socioassistencial Privada do Sistema Único de Assistência Social;ASSISTENCIA;27672994000149;S;REDE DE DESENVOLVIMENTO SOCIAL, ECONÔMICO E CULTURAL DA PEDRA - PE REDE MULHER;PEDRA/PE;INDEFERIMENTO;N;concessao;;114;20;http://pesquisa.in.gov.br/imprensa/jsp/visualiza/index.jsp?data=22/06/2026&jornal=515&pagina=20;DOU_XML;Art. 1º Indeferir o pedido de concessão da Certificação de Entidade Beneficente de Assistência Social das entidades abaixo listadas, nos termos da Lei Complemen [...] 89) REDE DE DESENVOLVIMENTO SOCIAL, ECONÔMICO E CULTURAL DA PEDRA - PE REDE MULHER, CNPJ 27.672.994/0001-49, PEDRA/PE, processo nº 308796.0779969/2023. Não apresentou documento(s) obrigatório(s).
24056162#14;24056162;515_20260622_24056162.xml;2026-06-22;2026-06-11;PORTARIA Nº 90, DE 11 DE JUNHO DE 2026;Ministério do Desenvolvimento e Assistência Social, Família e Combate à Fome/Secretaria Nacional de Assistência Social/Departamento da Rede Socioassistencial Privada do Sistema Único de Assistência Social;ASSISTENCIA;07073916000110;S;REDE FEMININA DE COMBATE AO CANCER DE ABELARDO LUZ - SC;ABELARDO LUZ/SC;INDEFERIMENTO;N;concessao;;114;20;http://pesquisa.in.gov.br/imprensa/jsp/visualiza/index.jsp?data=22/06/2026&jornal=515&pagina=20;DOU_XML;Art. 1º Indeferir o pedido de concessão da Certificação de Entidade Beneficente de Assistência Social das entidades abaixo listadas, nos termos da Lei Complemen [...] 90) REDE FEMININA DE COMBATE AO CANCER DE ABELARDO LUZ - SC, CNPJ 07.073.916/0001-10, ABELARDO LUZ/SC, processo nº 308796.0799609/2023. Não apresentou documento(s) obrigatório(s).
24056162#14;24056162;515_20260622_24056162.xml;2026-06-22;2026-06-11;PORTARIA Nº 90, DE 11 DE JUNHO DE 2026;Ministério do Desenvolvimento e Assistência Social, Família e Combate à Fome/Secretaria Nacional de Assistência Social/Departamento da Rede Socioassistencial Privada do Sistema Único de Assistência Social;ASSISTENCIA;75031278000125;S;SANTA MÔNICA CLUBE DE CAMPO;COLOMBO/PR;INDEFERIMENTO;N;concessao;;114;20;http://pesquisa.in.gov.br/imprensa/jsp/visualiza/index.jsp?data=22/06/2026&jornal=515&pagina=20;DOU_XML;Art. 1º Indeferir o pedido de concessão da Certificação de Entidade Beneficente de Assistência Social das entidades abaixo listadas, nos termos da Lei Complemen [...] 91) SANTA MÔNICA CLUBE DE CAMPO, CNPJ 75.031.278/0001-25, COLOMBO/PR, processo nº 308796.0789984/2023. Não apresentou documento(s) obrigatório(s).
24056162#14;24056162;515_20260622_24056162.xml;2026-06-22;2026-06-11;PORTARIA Nº 90, DE 11 DE JUNHO DE 2026;Ministério do Desenvolvimento e Assistência Social, Família e Combate à Fome/Secretaria Nacional de Assistência Social/Departamento da Rede Socioassistencial Privada do Sistema Único de Assistência Social;ASSISTENCIA;01636581000115;S;SAVIC SOCIEDADE AMIGOS DE VILA CONSTANÇA;SÃO PAULO/SP;INDEFERIMENTO;N;concessao;;114;20;http://pesquisa.in.gov.br/imprensa/jsp/visualiza/index.jsp?data=22/06/2026&jornal=515&pagina=20;DOU_XML;Art. 1º Indeferir o pedido de concessão da Certificação de Entidade Beneficente de Assistência Social das entidades abaixo listadas, nos termos da Lei Complemen [...] 92) SAVIC SOCIEDADE AMIGOS DE VILA CONSTANÇA, CNPJ 01.636.581/0001-15, SÃO PAULO/SP, processo nº 308796.0790139/2023. Não apresentou documento(s) obrigatório(s).
24056162#14;24056162;515_20260622_24056162.xml;2026-06-22;2026-06-11;PORTARIA Nº 90, DE 11 DE JUNHO DE 2026;Ministério do Desenvolvimento e Assistência Social, Família e Combate à Fome/Secretaria Nacional de Assistência Social/Departamento da Rede Socioassistencial Privada do Sistema Único de Assistência Social;ASSISTENCIA;60559960000118;S;SOCIEDADE BENEFICENTE E EDUCACIONAL SÃO TIAGO SOBEST;SÃO PAULO/SP;INDEFERIMENTO;N;concessao;;114;20;http://pesquisa.in.gov.br/imprensa/jsp/visualiza/index.jsp?data=22/06/2026&jornal=515&pagina=20;DOU_XML;Art. 1º Indeferir o pedido de concessão da Certificação de Entidade Beneficente de Assistência Social das entidades abaixo listadas, nos termos da Lei Complemen [...] 93) SOCIEDADE BENEFICENTE E EDUCACIONAL SÃO TIAGO SOBEST, CNPJ 60.559.960/0001-18, SÃO PAULO/SP, processo nº 235874.0234131/2022. Não apresentou documento(s) obrigatório(s).
24056162#14;24056162;515_20260622_24056162.xml;2026-06-22;2026-06-11;PORTARIA Nº 90, DE 11 DE JUNHO DE 2026;Ministério do Desenvolvimento e Assistência Social, Família e Combate à Fome/Secretaria Nacional de Assistência Social/Departamento da Rede Socioassistencial Privada do Sistema Único de Assistência Social;ASSISTENCIA;79366233000162;S;SOCIEDADE CASA DA ESPERANÇA;BLUMENAU/SC;INDEFERIMENTO;N;concessao;;114;20;http://pesquisa.in.gov.br/imprensa/jsp/visualiza/index.jsp?data=22/06/2026&jornal=515&pagina=20;DOU_XML;Art. 1º Indeferir o pedido de concessão da Certificação de Entidade Beneficente de Assistência Social das entidades abaixo listadas, nos termos da Lei Complemen [...] 94) SOCIEDADE CASA DA ESPERANÇA, CNPJ 79.366.233/0001-62, BLUMENAU/SC, processo nº 308796.1083327/2024. Não apresentou documento(s) obrigatório(s).
24056162#14;24056162;515_20260622_24056162.xml;2026-06-22;2026-06-11;PORTARIA Nº 90, DE 11 DE JUNHO DE 2026;Ministério do Desenvolvimento e Assistência Social, Família e Combate à Fome/Secretaria Nacional de Assistência Social/Departamento da Rede Socioassistencial Privada do Sistema Único de Assistência Social;ASSISTENCIA;83169284000171;S;SOCIEDADE ESPORTIVA, RECREATIVA E CULTURAL TAMANDARE;JOINVILLE/SC;INDEFERIMENTO;N;concessao;;114;20;http://pesquisa.in.gov.br/imprensa/jsp/visualiza/index.jsp?data=22/06/2026&jornal=515&pagina=20;DOU_XML;Art. 1º Indeferir o pedido de concessão da Certificação de Entidade Beneficente de Assistência Social das entidades abaixo listadas, nos termos da Lei Complemen [...] 95) SOCIEDADE ESPORTIVA, RECREATIVA E CULTURAL TAMANDARE, CNPJ 83.169.284/0001-71, JOINVILLE/SC, processo nº 308796.1055582/2024. Não apresentou documento(s) obrigatório(s).
24056162#14;24056162;515_20260622_24056162.xml;2026-06-22;2026-06-11;PORTARIA Nº 90, DE 11 DE JUNHO DE 2026;Ministério do Desenvolvimento e Assistência Social, Família e Combate à Fome/Secretaria Nacional de Assistência Social/Departamento da Rede Socioassistencial Privada do Sistema Único de Assistência Social;ASSISTENCIA;09391007000156;S;SOS ANIMAIS;PELOTAS/RS;INDEFERIMENTO;N;concessao;;114;20;http://pesquisa.in.gov.br/imprensa/jsp/visualiza/index.jsp?data=22/06/2026&jornal=515&pagina=20;DOU_XML;Art. 1º Indeferir o pedido de concessão da Certificação de Entidade Beneficente de Assistência Social das entidades abaixo listadas, nos termos da Lei Complemen [...] 96) SOS ANIMAIS, CNPJ 09.391.007/0001-56, PELOTAS/RS, processo nº 308796.0766872/2023. Não apresentou documento(s) obrigatório(s).
24056162#14;24056162;515_20260622_24056162.xml;2026-06-22;2026-06-11;PORTARIA Nº 90, DE 11 DE JUNHO DE 2026;Ministério do Desenvolvimento e Assistência Social, Família e Combate à Fome/Secretaria Nacional de Assistência Social/Departamento da Rede Socioassistencial Privada do Sistema Único de Assistência Social;ASSISTENCIA;11111253000159;S;VILA SOCIAL;SÃO PAULO/SP;INDEFERIMENTO;N;concessao;;114;20;http://pesquisa.in.gov.br/imprensa/jsp/visualiza/index.jsp?data=22/06/2026&jornal=515&pagina=20;DOU_XML;Art. 1º Indeferir o pedido de concessão da Certificação de Entidade Beneficente de Assistência Social das entidades abaixo listadas, nos termos da Lei Complemen [...] 97) VILA SOCIAL, CNPJ 11.111.253/0001-59, SÃO PAULO/SP, processo nº 308796.0757320/2023. Não apresentou documento(s) obrigatório(s).
24056162#14;24056162;515_20260622_24056162.xml;2026-06-22;2026-06-11;PORTARIA Nº 90, DE 11 DE JUNHO DE 2026;Ministério do Desenvolvimento e Assistência Social, Família e Combate à Fome/Secretaria Nacional de Assistência Social/Departamento da Rede Socioassistencial Privada do Sistema Único de Assistência Social;ASSISTENCIA;02960479000133;S;VIVENDAS DA FE;RIO DE JANEIRO/RJ;INDEFERIMENTO;N;concessao;;114;20;http://pesquisa.in.gov.br/imprensa/jsp/visualiza/index.jsp?data=22/06/2026&jornal=515&pagina=20;DOU_XML;Art. 1º Indeferir o pedido de concessão da Certificação de Entidade Beneficente de Assistência Social das entidades abaixo listadas, nos termos da Lei Complemen [...] 98) VIVENDAS DA FE, CNPJ 02.960.479/0001-33, RIO DE JANEIRO/RJ, processo nº 308796.0763944/2023. Não apresentou documento(s) obrigatório(s).
24056162#14;24056162;515_20260622_24056162.xml;2026-06-22;2026-06-11;PORTARIA Nº 90, DE 11 DE JUNHO DE 2026;Ministério do Desenvolvimento e Assistência Social, Família e Combate à Fome/Secretaria Nacional de Assistência Social/Departamento da Rede Socioassistencial Privada do Sistema Único de Assistência Social;ASSISTENCIA;02798925000155;S;APAE - ASSOCIAÇÃO DE PAIS E AMIGOS DOS EXCEPCIONAIS;JOAÍMA/MG;INDEFERIMENTO;N;renovacao;;114;20;http://pesquisa.in.gov.br/imprensa/jsp/visualiza/index.jsp?data=22/06/2026&jornal=515&pagina=20;DOU_XML;Art. 2º Indeferir o pedido de renovação da Certificação de Entidade Beneficente de Assistência Social das entidades abaixo listadas, nos termos da Lei Complemen [...] 1) APAE - ASSOCIAÇÃO DE PAIS E AMIGOS DOS EXCEPCIONAIS, CNPJ 02.798.925/0001-55, JOAÍMA/MG, processo nº 308796.0803858/2023. Não apresentou documento(s) obrigatório(s).
24056162#14;24056162;515_20260622_24056162.xml;2026-06-22;2026-06-11;PORTARIA Nº 90, DE 11 DE JUNHO DE 2026;Ministério do Desenvolvimento e Assistência Social, Família e Combate à Fome/Secretaria Nacional de Assistência Social/Departamento da Rede Socioassistencial Privada do Sistema Único de Assistência Social;ASSISTENCIA;13888587000169;S;APAE - ASSOCIACAO DOS PAIS E AMIGOS DOS EXCEPCIONAIS DE ANGICOS RN;ANGICOS/RN;INDEFERIMENTO;N;renovacao;;114;20;http://pesquisa.in.gov.br/imprensa/jsp/visualiza/index.jsp?data=22/06/2026&jornal=515&pagina=20;DOU_XML;Art. 2º Indeferir o pedido de renovação da Certificação de Entidade Beneficente de Assistência Social das entidades abaixo listadas, nos termos da Lei Complemen [...] 2) APAE - ASSOCIACAO DOS PAIS E AMIGOS DOS EXCEPCIONAIS DE ANGICOS RN, CNPJ 13.888.587/0001-69, ANGICOS/RN, processo nº 308796.0793225/2023. Não apresentou documento(s) obrigatório(s).
24056162#14;24056162;515_20260622_24056162.xml;2026-06-22;2026-06-11;PORTARIA Nº 90, DE 11 DE JUNHO DE 2026;Ministério do Desenvolvimento e Assistência Social, Família e Combate à Fome/Secretaria Nacional de Assistência Social/Departamento da Rede Socioassistencial Privada do Sistema Único de Assistência Social;ASSISTENCIA;16651513000100;S;APAE ASSOCIAÇÃO DE PAIS E AMIGOS DOS EXCEPCIONAIS;BONFIM/MG;INDEFERIMENTO;N;renovacao;;114;20;http://pesquisa.in.gov.br/imprensa/jsp/visualiza/index.jsp?data=22/06/2026&jornal=515&pagina=20;DOU_XML;Art. 2º Indeferir o pedido de renovação da Certificação de Entidade Beneficente de Assistência Social das entidades abaixo listadas, nos termos da Lei Complemen [...] 3) APAE ASSOCIAÇÃO DE PAIS E AMIGOS DOS EXCEPCIONAIS, CNPJ 16.651.513/0001-00, BONFIM/MG, processo nº 308796.0806333/2023. Não apresentou documento(s) obrigatório(s).
24056162#14;24056162;515_20260622_24056162.xml;2026-06-22;2026-06-11;PORTARIA Nº 90, DE 11 DE JUNHO DE 2026;Ministério do Desenvolvimento e Assistência Social, Família e Combate à Fome/Secretaria Nacional de Assistência Social/Departamento da Rede Socioassistencial Privada do Sistema Único de Assistência Social;ASSISTENCIA;66862657000176;S;ARCO ASSOCIAÇÃO BENEFICENTE;SÃO PAULO/SP;INDEFERIMENTO;N;renovacao;;114;20;http://pesquisa.in.gov.br/imprensa/jsp/visualiza/index.jsp?data=22/06/2026&jornal=515&pagina=20;DOU_XML;Art. 2º Indeferir o pedido de renovação da Certificação de Entidade Beneficente de Assistência Social das entidades abaixo listadas, nos termos da Lei Complemen [...] 4) ARCO ASSOCIAÇÃO BENEFICENTE, CNPJ 66.862.657/0001-76, SÃO PAULO/SP, processo nº 308796.0806337/2023. Não apresentou documento(s) obrigatório(s).
24056162#14;24056162;515_20260622_24056162.xml;2026-06-22;2026-06-11;PORTARIA Nº 90, DE 11 DE JUNHO DE 2026;Ministério do Desenvolvimento e Assistência Social, Família e Combate à Fome/Secretaria Nacional de Assistência Social/Departamento da Rede Socioassistencial Privada do Sistema Único de Assistência Social;ASSISTENCIA;20501987000135;S;ASILO SÃO FRANCISCO DE ASSIS DA SSVP;FORMIGA/MG;INDEFERIMENTO;N;renovacao;;114;20;http://pesquisa.in.gov.br/imprensa/jsp/visualiza/index.jsp?data=22/06/2026&jornal=515&pagina=20;DOU_XML;Art. 2º Indeferir o pedido de renovação da Certificação de Entidade Beneficente de Assistência Social das entidades abaixo listadas, nos termos da Lei Complemen [...] 5) ASILO SÃO FRANCISCO DE ASSIS DA SSVP, CNPJ 20.501.987/0001-35, FORMIGA/MG, processo nº 308796.0806888/2023. Não apresentou documento(s) obrigatório(s).
24056162#14;24056162;515_20260622_24056162.xml;2026-06-22;2026-06-11;PORTARIA Nº 90, DE 11 DE JUNHO DE 2026;Ministério do Desenvolvimento e Assistência Social, Família e Combate à Fome/Secretaria Nacional de Assistência Social/Departamento da Rede Socioassistencial Privada do Sistema Único de Assistência Social;ASSISTENCIA;02096978000124;S;ASSOCIAÇÃO ATLÉTICA RUBIATABENSE;RUBIATABA/GO;INDEFERIMENTO;N;renovacao;;114;20;http://pesquisa.in.gov.br/imprensa/jsp/visualiza/index.jsp?data=22/06/2026&jornal=515&pagina=20;DOU_XML;Art. 2º Indeferir o pedido de renovação da Certificação de Entidade Beneficente de Assistência Social das entidades abaixo listadas, nos termos da Lei Complemen [...] 6) ASSOCIAÇÃO ATLÉTICA RUBIATABENSE, CNPJ 02.096.978/0001-24, RUBIATABA/GO, processo nº 308796.0806166/2023. Não apresentou documento(s) obrigatório(s).
24056162#14;24056162;515_20260622_24056162.xml;2026-06-22;2026-06-11;PORTARIA Nº 90, DE 11 DE JUNHO DE 2026;Ministério do Desenvolvimento e Assistência Social, Família e Combate à Fome/Secretaria Nacional de Assistência Social/Departamento da Rede Socioassistencial Privada do Sistema Único de Assistência Social;ASSISTENCIA;06118216000132;S;ASSOCIAÇÃO DA DIVINA MISERICORDIA;SÃO JOÃO NEPOMUCENO/MG;INDEFERIMENTO;N;renovacao;;114;20;http://pesquisa.in.gov.br/imprensa/jsp/visualiza/index.jsp?data=22/06/2026&jornal=515&pagina=20;DOU_XML;Art. 2º Indeferir o pedido de renovação da Certificação de Entidade Beneficente de Assistência Social das entidades abaixo listadas, nos termos da Lei Complemen [...] 7) ASSOCIAÇÃO DA DIVINA MISERICORDIA, CNPJ 06.118.216/0001-32, SÃO JOÃO NEPOMUCENO/MG, processo nº 308796.0777594/2023. Não apresentou documento(s) obrigatório(s).
24056162#14;24056162;515_20260622_24056162.xml;2026-06-22;2026-06-11;PORTARIA Nº 90, DE 11 DE JUNHO DE 2026;Ministério do Desenvolvimento e Assistência Social, Família e Combate à Fome/Secretaria Nacional de Assistência Social/Departamento da Rede Socioassistencial Privada do Sistema Único de Assistência Social;ASSISTENCIA;88049416000145;S;ASSOCIAÇÃO DE PAIS E AMIGOS DOS EXCEPCIONAIS;ENCANTADO/RS;INDEFERIMENTO;N;renovacao;;114;20;http://pesquisa.in.gov.br/imprensa/jsp/visualiza/index.jsp?data=22/06/2026&jornal=515&pagina=20;DOU_XML;Art. 2º Indeferir o pedido de renovação da Certificação de Entidade Beneficente de Assistência Social das entidades abaixo listadas, nos termos da Lei Complemen [...] 8) ASSOCIAÇÃO DE PAIS E AMIGOS DOS EXCEPCIONAIS, CNPJ 88.049.416/0001-45, ENCANTADO/RS, processo nº 308796.0811817/2023. Não apresentou documento(s) obrigatório(s).
24056162#14;24056162;515_20260622_24056162.xml;2026-06-22;2026-06-11;PORTARIA Nº 90, DE 11 DE JUNHO DE 2026;Ministério do Desenvolvimento e Assistência Social, Família e Combate à Fome/Secretaria Nacional de Assistência Social/Departamento da Rede Socioassistencial Privada do Sistema Único de Assistência Social;ASSISTENCIA;01953619000183;S;ASSOCIAÇÃO DE PAIS E AMIGOS DOS EXCEPCIONAIS DE BARRA DO BUGRES;BARRA DO BUGRES/MT;INDEFERIMENTO;N;renovacao;;114;20;http://pesquisa.in.gov.br/imprensa/jsp/visualiza/index.jsp?data=22/06/2026&jornal=515&pagina=20;DOU_XML;Art. 2º Indeferir o pedido de renovação da Certificação de Entidade Beneficente de Assistência Social das entidades abaixo listadas, nos termos da Lei Complemen [...] 9) ASSOCIAÇÃO DE PAIS E AMIGOS DOS EXCEPCIONAIS DE BARRA DO BUGRES, CNPJ 01.953.619/0001-83, BARRA DO BUGRES/MT, processo nº 308796.0793240/2023. Não apresentou documento(s) obrigatório(s).
24056162#14;24056162;515_20260622_24056162.xml;2026-06-22;2026-06-11;PORTARIA Nº 90, DE 11 DE JUNHO DE 2026;Ministério do Desenvolvimento e Assistência Social, Família e Combate à Fome/Secretaria Nacional de Assistência Social/Departamento da Rede Socioassistencial Privada do Sistema Único de Assistência Social;ASSISTENCIA;03132035000172;S;ASSOCIAÇÃO DE PAIS E AMIGOS DOS EXCEPCIONAIS DE BORBOREMA;BORBOREMA/SP;INDEFERIMENTO;N;renovacao;;114;20;http://pesquisa.in.gov.br/imprensa/jsp/visualiza/index.jsp?data=22/06/2026&jornal=515&pagina=20;DOU_XML;Art. 2º Indeferir o pedido de renovação da Certificação de Entidade Beneficente de Assistência Social das entidades abaixo listadas, nos termos da Lei Complemen [...] 10) ASSOCIAÇÃO DE PAIS E AMIGOS DOS EXCEPCIONAIS DE BORBOREMA, CNPJ 03.132.035/0001-72, BORBOREMA/SP, processo nº 308796.0810012/2023. Não apresentou documento(s) obrigatório(s).
24056162#14;24056162;515_20260622_24056162.xml;2026-06-22;2026-06-11;PORTARIA Nº 90, DE 11 DE JUNHO DE 2026;Ministério do Desenvolvimento e Assistência Social, Família e Combate à Fome/Secretaria Nacional de Assistência Social/Departamento da Rede Socioassistencial Privada do Sistema Único de Assistência Social;ASSISTENCIA;16849793000158;S;ASSOCIAÇÃO DE PAIS E AMIGOS DOS EXCEPCIONAIS DE CAETANÓPOLIS - APAE CAETANÓPOLIS;CAETANÓPOLIS/MG;INDEFERIMENTO;N;renovacao;;114;20;http://pesquisa.in.gov.br/imprensa/jsp/visualiza/index.jsp?data=22/06/2026&jornal=515&pagina=20;DOU_XML;Art. 2º Indeferir o pedido de renovação da Certificação de Entidade Beneficente de Assistência Social das entidades abaixo listadas, nos termos da Lei Complemen [...] 11) ASSOCIAÇÃO DE PAIS E AMIGOS DOS EXCEPCIONAIS DE CAETANÓPOLIS - APAE CAETANÓPOLIS, CNPJ 16.849.793/0001-58, CAETANÓPOLIS/MG, processo nº 308796.0733368/2023. Não apresentou documento(s) obrigatório(s).
24056162#14;24056162;515_20260622_24056162.xml;2026-06-22;2026-06-11;PORTARIA Nº 90, DE 11 DE JUNHO DE 2026;Ministério do Desenvolvimento e Assistência Social, Família e Combate à Fome/Secretaria Nacional de Assistência Social/Departamento da Rede Socioassistencial Privada do Sistema Único de Assistência Social;ASSISTENCIA;75566125000182;S;ASSOCIAÇÃO DE PAIS E AMIGOS DOS EXCEPCIONAIS DE NOVA VENEZA;NOVA VENEZA/SC;INDEFERIMENTO;N;renovacao;;114;20;http://pesquisa.in.gov.br/imprensa/jsp/visualiza/index.jsp?data=22/06/2026&jornal=515&pagina=20;DOU_XML;Art. 2º Indeferir o pedido de renovação da Certificação de Entidade Beneficente de Assistência Social das entidades abaixo listadas, nos termos da Lei Complemen [...] 12) ASSOCIAÇÃO DE PAIS E AMIGOS DOS EXCEPCIONAIS DE NOVA VENEZA, CNPJ 75.566.125/0001-82, NOVA VENEZA/SC, processo nº 308796.0758995/2023. Não apresentou documento(s) obrigatório(s).
24056162#14;24056162;515_20260622_24056162.xml;2026-06-22;2026-06-11;PORTARIA Nº 90, DE 11 DE JUNHO DE 2026;Ministério do Desenvolvimento e Assistência Social, Família e Combate à Fome/Secretaria Nacional de Assistência Social/Departamento da Rede Socioassistencial Privada do Sistema Único de Assistência Social;ASSISTENCIA;26753681000152;S;ASSOCIAÇÃO DE PAIS E AMIGOS DOS EXCEPCIONAIS DE PALMAS;PALMAS/TO;INDEFERIMENTO;N;renovacao;;114;20;http://pesquisa.in.gov.br/imprensa/jsp/visualiza/index.jsp?data=22/06/2026&jornal=515&pagina=20;DOU_XML;Art. 2º Indeferir o pedido de renovação da Certificação de Entidade Beneficente de Assistência Social das entidades abaixo listadas, nos termos da Lei Complemen [...] 13) ASSOCIAÇÃO DE PAIS E AMIGOS DOS EXCEPCIONAIS DE PALMAS, CNPJ 26.753.681/0001-52, PALMAS/TO, processo nº 308796.0806666/2023. Não apresentou documento(s) obrigatório(s).
24056162#14;24056162;515_20260622_24056162.xml;2026-06-22;2026-06-11;PORTARIA Nº 90, DE 11 DE JUNHO DE 2026;Ministério do Desenvolvimento e Assistência Social, Família e Combate à Fome/Secretaria Nacional de Assistência Social/Departamento da Rede Socioassistencial Privada do Sistema Único de Assistência Social;ASSISTENCIA;00117144000122;S;ASSOCIAÇÃO DE PAIS E AMIGOS DOS EXCEPCIONAIS DE S A GRAMA;SANTO ANTÔNIO DO GRAMA/MG;INDEFERIMENTO;N;renovacao;;114;20;http://pesquisa.in.gov.br/imprensa/jsp/visualiza/index.jsp?data=22/06/2026&jornal=515&pagina=20;DOU_XML;Art. 2º Indeferir o pedido de renovação da Certificação de Entidade Beneficente de Assistência Social das entidades abaixo listadas, nos termos da Lei Complemen [...] 14) ASSOCIAÇÃO DE PAIS E AMIGOS DOS EXCEPCIONAIS DE S A GRAMA, CNPJ 00.117.144/0001-22, SANTO ANTÔNIO DO GRAMA/MG, processo nº 308796.0810948/2023. Não apresentou documento(s) obrigatório(s).
24056162#14;24056162;515_20260622_24056162.xml;2026-06-22;2026-06-11;PORTARIA Nº 90, DE 11 DE JUNHO DE 2026;Ministério do Desenvolvimento e Assistência Social, Família e Combate à Fome/Secretaria Nacional de Assistência Social/Departamento da Rede Socioassistencial Privada do Sistema Único de Assistência Social;ASSISTENCIA;89740310000156;S;ASSOCIAÇÃO DE PAIS E AMIGOS DOS EXCEPCIONAIS DE SAPUCAIA DO SUL-APAE;SAPUCAIA DO SUL/RS;INDEFERIMENTO;N;renovacao;;114;20;http://pesquisa.in.gov.br/imprensa/jsp/visualiza/index.jsp?data=22/06/2026&jornal=515&pagina=20;DOU_XML;Art. 2º Indeferir o pedido de renovação da Certificação de Entidade Beneficente de Assistência Social das entidades abaixo listadas, nos termos da Lei Complemen [...] 15) ASSOCIAÇÃO DE PAIS E AMIGOS DOS EXCEPCIONAIS DE SAPUCAIA DO SUL-APAE, CNPJ 89.740.310/0001-56, SAPUCAIA DO SUL/RS, processo nº 308796.0770209/2023. Não apresentou documento(s) obrigatório(s).
24056162#14;24056162;515_20260622_24056162.xml;2026-06-22;2026-06-11;PORTARIA Nº 90, DE 11 DE JUNHO DE 2026;Ministério do Desenvolvimento e Assistência Social, Família e Combate à Fome/Secretaria Nacional de Assistência Social/Departamento da Rede Socioassistencial Privada do Sistema Único de Assistência Social;ASSISTENCIA;42783621000139;S;ASSOCIAÇÃO DO PEQUENO CRISTO;BELO HORIZONTE/MG;INDEFERIMENTO;N;renovacao;;114;20;http://pesquisa.in.gov.br/imprensa/jsp/visualiza/index.jsp?data=22/06/2026&jornal=515&pagina=20;DOU_XML;Art. 2º Indeferir o pedido de renovação da Certificação de Entidade Beneficente de Assistência Social das entidades abaixo listadas, nos termos da Lei Complemen [...] 16) ASSOCIAÇÃO DO PEQUENO CRISTO, CNPJ 42.783.621/0001-39, BELO HORIZONTE/MG, processo nº 308796.0809774/2023. Não apresentou documento(s) obrigatório(s).
24056162#14;24056162;515_20260622_24056162.xml;2026-06-22;2026-06-11;PORTARIA Nº 90, DE 11 DE JUNHO DE 2026;Ministério do Desenvolvimento e Assistência Social, Família e Combate à Fome/Secretaria Nacional de Assistência Social/Departamento da Rede Socioassistencial Privada do Sistema Único de Assistência Social;ASSISTENCIA;00960645000176;S;ASSOCIAÇÃO MANTENEDORA DO CENTRO INTEGRADO DE PREVENÇÃO;CURITIBA/PR;INDEFERIMENTO;N;renovacao;;114;20;http://pesquisa.in.gov.br/imprensa/jsp/visualiza/index.jsp?data=22/06/2026&jornal=515&pagina=20;DOU_XML;Art. 2º Indeferir o pedido de renovação da Certificação de Entidade Beneficente de Assistência Social das entidades abaixo listadas, nos termos da Lei Complemen [...] 17) ASSOCIAÇÃO MANTENEDORA DO CENTRO INTEGRADO DE PREVENÇÃO, CNPJ 00.960.645/0001-76, CURITIBA/PR, processo nº 308796.1054674/2024. Não apresentou documento(s) obrigatório(s).
24056162#14;24056162;515_20260622_24056162.xml;2026-06-22;2026-06-11;PORTARIA Nº 90, DE 11 DE JUNHO DE 2026;Ministério do Desenvolvimento e Assistência Social, Família e Combate à Fome/Secretaria Nacional de Assistência Social/Departamento da Rede Socioassistencial Privada do Sistema Único de Assistência Social;ASSISTENCIA;70367289000167;S;ASSOCIAÇÃO OBRAS SOCIAIS SÃO JOSÉ;BONITO/MS;INDEFERIMENTO;N;renovacao;;114;20;http://pesquisa.in.gov.br/imprensa/jsp/visualiza/index.jsp?data=22/06/2026&jornal=515&pagina=20;DOU_XML;Art. 2º Indeferir o pedido de renovação da Certificação de Entidade Beneficente de Assistência Social das entidades abaixo listadas, nos termos da Lei Complemen [...] 18) ASSOCIAÇÃO OBRAS SOCIAIS SÃO JOSÉ, CNPJ 70.367.289/0001-67, BONITO/MS, processo nº 308796.0983692/2024. Não apresentou documento(s) obrigatório(s).
24056162#14;24056162;515_20260622_24056162.xml;2026-06-22;2026-06-11;PORTARIA Nº 90, DE 11 DE JUNHO DE 2026;Ministério do Desenvolvimento e Assistência Social, Família e Combate à Fome/Secretaria Nacional de Assistência Social/Departamento da Rede Socioassistencial Privada do Sistema Único de Assistência Social;ASSISTENCIA;04956661000146;S;ASSOCIAÇÃO PAIS E AMIGOS DOS EXCEPCIONAIS DE SÃO PEDRO DA UNIÃO;SÃO PEDRO DA UNIÃO/MG;INDEFERIMENTO;N;renovacao;;114;20;http://pesquisa.in.gov.br/imprensa/jsp/visualiza/index.jsp?data=22/06/2026&jornal=515&pagina=20;DOU_XML;Art. 2º Indeferir o pedido de renovação da Certificação de Entidade Beneficente de Assistência Social das entidades abaixo listadas, nos termos da Lei Complemen [...] 19) ASSOCIAÇÃO PAIS E AMIGOS DOS EXCEPCIONAIS DE SÃO PEDRO DA UNIÃO, CNPJ 04.956.661/0001-46, SÃO PEDRO DA UNIÃO/MG, processo nº 308796.0793921/2023. Não apresentou documento(s) obrigatório(s).
24056162#14;24056162;515_20260622_24056162.xml;2026-06-22;2026-06-11;PORTARIA Nº 90, DE 11 DE JUNHO DE 2026;Ministério do Desenvolvimento e Assistência Social, Família e Combate à Fome/Secretaria Nacional de Assistência Social/Departamento da Rede Socioassistencial Privada do Sistema Único de Assistência Social;ASSISTENCIA;23409709000140;S;CASA DO IDOSO RECANTO SAO VICENTE;PATROCÍNIO/MG;INDEFERIMENTO;N;renovacao;;114;20;http://pesquisa.in.gov.br/imprensa/jsp/visualiza/index.jsp?data=22/06/2026&jornal=515&pagina=20;DOU_XML;Art. 2º Indeferir o pedido de renovação da Certificação de Entidade Beneficente de Assistência Social das entidades abaixo listadas, nos termos da Lei Complemen [...] 20) CASA DO IDOSO RECANTO SAO VICENTE, CNPJ 23.409.709/0001-40, PATROCÍNIO/MG, processo nº 308796.0809945/2023. Não apresentou documento(s) obrigatório(s).
24056162#14;24056162;515_20260622_24056162.xml;2026-06-22;2026-06-11;PORTARIA Nº 90, DE 11 DE JUNHO DE 2026;Ministério do Desenvolvimento e Assistência Social, Família e Combate à Fome/Secretaria Nacional de Assistência Social/Departamento da Rede Socioassistencial Privada do Sistema Único de Assistência Social;ASSISTENCIA;03488844000111;S;CASA SANTANA E SAO JOAQUIM - LAR DOS IDOSOS;SÃO PAULO/SP;INDEFERIMENTO;N;renovacao;;114;20;http://pesquisa.in.gov.br/imprensa/jsp/visualiza/index.jsp?data=22/06/2026&jornal=515&pagina=20;DOU_XML;Art. 2º Indeferir o pedido de renovação da Certificação de Entidade Beneficente de Assistência Social das entidades abaixo listadas, nos termos da Lei Complemen [...] 21) CASA SANTANA E SAO JOAQUIM - LAR DOS IDOSOS, CNPJ 03.488.844/0001-11, SÃO PAULO/SP, processo nº 308796.1066550/2024. Não apresentou documento(s) obrigatório(s).
24056162#14;24056162;515_20260622_24056162.xml;2026-06-22;2026-06-11;PORTARIA Nº 90, DE 11 DE JUNHO DE 2026;Ministério do Desenvolvimento e Assistência Social, Família e Combate à Fome/Secretaria Nacional de Assistência Social/Departamento da Rede Socioassistencial Privada do Sistema Único de Assistência Social;ASSISTENCIA;45075660000170;S;CENTRO DE ASSISTENCIA SOCIAL E MOBILIZACAO PERMANENTE DE SAO VICENTE - CAMPSV;SÃO VICENTE/SP;INDEFERIMENTO;N;renovacao;;114;20;http://pesquisa.in.gov.br/imprensa/jsp/visualiza/index.jsp?data=22/06/2026&jornal=515&pagina=20;DOU_XML;Art. 2º Indeferir o pedido de renovação da Certificação de Entidade Beneficente de Assistência Social das entidades abaixo listadas, nos termos da Lei Complemen [...] 22) CENTRO DE ASSISTENCIA SOCIAL E MOBILIZACAO PERMANENTE DE SAO VICENTE - CAMPSV, CNPJ 45.075.660/0001-70, SÃO VICENTE/SP, processo nº 308796.0749650/2023. Não apresentou documento(s) obrigatório(s).
24056162#14;24056162;515_20260622_24056162.xml;2026-06-22;2026-06-11;PORTARIA Nº 90, DE 11 DE JUNHO DE 2026;Ministério do Desenvolvimento e Assistência Social, Família e Combate à Fome/Secretaria Nacional de Assistência Social/Departamento da Rede Socioassistencial Privada do Sistema Único de Assistência Social;ASSISTENCIA;92902303000118;S;CENTRO DE REABILITACAO DE PORTO ALEGRE;PORTO ALEGRE/RS;INDEFERIMENTO;N;renovacao;;114;20;http://pesquisa.in.gov.br/imprensa/jsp/visualiza/index.jsp?data=22/06/2026&jornal=515&pagina=20;DOU_XML;Art. 2º Indeferir o pedido de renovação da Certificação de Entidade Beneficente de Assistência Social das entidades abaixo listadas, nos termos da Lei Complemen [...] 23) CENTRO DE REABILITACAO DE PORTO ALEGRE, CNPJ 92.902.303/0001-18, PORTO ALEGRE/RS, processo nº 235874.0343074/2022. Não apresentou documento(s) obrigatório(s).
24056162#14;24056162;515_20260622_24056162.xml;2026-06-22;2026-06-11;PORTARIA Nº 90, DE 11 DE JUNHO DE 2026;Ministério do Desenvolvimento e Assistência Social, Família e Combate à Fome/Secretaria Nacional de Assistência Social/Departamento da Rede Socioassistencial Privada do Sistema Único de Assistência Social;ASSISTENCIA;20571089000153;S;CONFERENCIA DE SAO VICENTE DE PAULO DE MINAS NOVAS;MINAS NOVAS/MG;INDEFERIMENTO;N;renovacao;;114;20;http://pesquisa.in.gov.br/imprensa/jsp/visualiza/index.jsp?data=22/06/2026&jornal=515&pagina=20;DOU_XML;Art. 2º Indeferir o pedido de renovação da Certificação de Entidade Beneficente de Assistência Social das entidades abaixo listadas, nos termos da Lei Complemen [...] 24) CONFERENCIA DE SAO VICENTE DE PAULO DE MINAS NOVAS, CNPJ 20.571.089/0001-53, MINAS NOVAS/MG, processo nº 308796.0809970/2023. Não apresentou documento(s) obrigatório(s).
24056162#14;24056162;515_20260622_24056162.xml;2026-06-22;2026-06-11;PORTARIA Nº 90, DE 11 DE JUNHO DE 2026;Ministério do Desenvolvimento e Assistência Social, Família e Combate à Fome/Secretaria Nacional de Assistência Social/Departamento da Rede Socioassistencial Privada do Sistema Único de Assistência Social;ASSISTENCIA;22604680000195;S;CONSELHO CENTRAL DE MONTE CARMELO DA SSVP;MONTE CARMELO/MG;INDEFERIMENTO;N;renovacao;;114;20;http://pesquisa.in.gov.br/imprensa/jsp/visualiza/index.jsp?data=22/06/2026&jornal=515&pagina=20;DOU_XML;Art. 2º Indeferir o pedido de renovação da Certificação de Entidade Beneficente de Assistência Social das entidades abaixo listadas, nos termos da Lei Complemen [...] 25) CONSELHO CENTRAL DE MONTE CARMELO DA SSVP, CNPJ 22.604.680/0001-95, MONTE CARMELO/MG, processo nº 308796.0798522/2023. Não apresentou documento(s) obrigatório(s).
24056162#14;24056162;515_20260622_24056162.xml;2026-06-22;2026-06-11;PORTARIA Nº 90, DE 11 DE JUNHO DE 2026;Ministério do Desenvolvimento e Assistência Social, Família e Combate à Fome/Secretaria Nacional de Assistência Social/Departamento da Rede Socioassistencial Privada do Sistema Único de Assistência Social;ASSISTENCIA;01525749000115;S;ENTIDADE DE PROMOÇÃO E ASSISTENCIA SOCIAL ESPAÇO ABERTO;SÃO PAULO/SP;INDEFERIMENTO;N;renovacao;;114;20;http://pesquisa.in.gov.br/imprensa/jsp/visualiza/index.jsp?data=22/06/2026&jornal=515&pagina=20;DOU_XML;Art. 2º Indeferir o pedido de renovação da Certificação de Entidade Beneficente de Assistência Social das entidades abaixo listadas, nos termos da Lei Complemen [...] 26) ENTIDADE DE PROMOÇÃO E ASSISTENCIA SOCIAL ESPAÇO ABERTO, CNPJ 01.525.749/0001-15, SÃO PAULO/SP, processo nº 308796.0765905/2023. Não apresentou documento(s) obrigatório(s).
24056162#14;24056162;515_20260622_24056162.xml;2026-06-22;2026-06-11;PORTARIA Nº 90, DE 11 DE JUNHO DE 2026;Ministério do Desenvolvimento e Assistência Social, Família e Combate à Fome/Secretaria Nacional de Assistência Social/Departamento da Rede Socioassistencial Privada do Sistema Único de Assistência Social;ASSISTENCIA;25763640000184;S;INSTITUICAO SOCIAL SAO VICENTE E SANTO ANTONIO;UBERLÂNDIA/MG;INDEFERIMENTO;N;renovacao;;114;20;http://pesquisa.in.gov.br/imprensa/jsp/visualiza/index.jsp?data=22/06/2026&jornal=515&pagina=20;DOU_XML;Art. 2º Indeferir o pedido de renovação da Certificação de Entidade Beneficente de Assistência Social das entidades abaixo listadas, nos termos da Lei Complemen [...] 27) INSTITUICAO SOCIAL SAO VICENTE E SANTO ANTONIO, CNPJ 25.763.640/0001-84, UBERLÂNDIA/MG, processo nº 308796.0808641/2023. Não apresentou documento(s) obrigatório(s).
24056162#14;24056162;515_20260622_24056162.xml;2026-06-22;2026-06-11;PORTARIA Nº 90, DE 11 DE JUNHO DE 2026;Ministério do Desenvolvimento e Assistência Social, Família e Combate à Fome/Secretaria Nacional de Assistência Social/Departamento da Rede Socioassistencial Privada do Sistema Único de Assistência Social;ASSISTENCIA;43467380000181;S;LAR DOS VELHOS DE AMPARO;AMPARO/SP;INDEFERIMENTO;N;renovacao;;114;20;http://pesquisa.in.gov.br/imprensa/jsp/visualiza/index.jsp?data=22/06/2026&jornal=515&pagina=20;DOU_XML;Art. 2º Indeferir o pedido de renovação da Certificação de Entidade Beneficente de Assistência Social das entidades abaixo listadas, nos termos da Lei Complemen [...] 28) LAR DOS VELHOS DE AMPARO, CNPJ 43.467.380/0001-81, AMPARO/SP, processo nº 308796.0732998/2023. Não apresentou documento(s) obrigatório(s).
24056162#14;24056162;515_20260622_24056162.xml;2026-06-22;2026-06-11;PORTARIA Nº 90, DE 11 DE JUNHO DE 2026;Ministério do Desenvolvimento e Assistência Social, Família e Combate à Fome/Secretaria Nacional de Assistência Social/Departamento da Rede Socioassistencial Privada do Sistema Único de Assistência Social;ASSISTENCIA;23780943000180;S;LAR PEDACINHO DO CÉU;SÃO SEBASTIÃO DO PARAÍSO/MG;INDEFERIMENTO;N;renovacao;;114;20;http://pesquisa.in.gov.br/imprensa/jsp/visualiza/index.jsp?data=22/06/2026&jornal=515&pagina=20;DOU_XML;Art. 2º Indeferir o pedido de renovação da Certificação de Entidade Beneficente de Assistência Social das entidades abaixo listadas, nos termos da Lei Complemen [...] 29) LAR PEDACINHO DO CÉU, CNPJ 23.780.943/0001-80, SÃO SEBASTIÃO DO PARAÍSO/MG, processo nº 308796.0808593/2023. Não apresentou documento(s) obrigatório(s).
24056162#14;24056162;515_20260622_24056162.xml;2026-06-22;2026-06-11;PORTARIA Nº 90, DE 11 DE JUNHO DE 2026;Ministério do Desenvolvimento e Assistência Social, Família e Combate à Fome/Secretaria Nacional de Assistência Social/Departamento da Rede Socioassistencial Privada do Sistema Único de Assistência Social;ASSISTENCIA;19508944000100;S;LAR SAO VICENTE DE PAULO DE CASSIA;CÁSSIA/MG;INDEFERIMENTO;N;renovacao;;114;20;http://pesquisa.in.gov.br/imprensa/jsp/visualiza/index.jsp?data=22/06/2026&jornal=515&pagina=20;DOU_XML;Art. 2º Indeferir o pedido de renovação da Certificação de Entidade Beneficente de Assistência Social das entidades abaixo listadas, nos termos da Lei Complemen [...] 30) LAR SAO VICENTE DE PAULO DE CASSIA, CNPJ 19.508.944/0001-00, CÁSSIA/MG, processo nº 308796.0809571/2023. Não apresentou documento(s) obrigatório(s).
24056162#14;24056162;515_20260622_24056162.xml;2026-06-22;2026-06-11;PORTARIA Nº 90, DE 11 DE JUNHO DE 2026;Ministério do Desenvolvimento e Assistência Social, Família e Combate à Fome/Secretaria Nacional de Assistência Social/Departamento da Rede Socioassistencial Privada do Sistema Único de Assistência Social;ASSISTENCIA;22389787000168;S;OBRAS SOCIAIS DE AUXILIO À INFANCIA E A MATERNIDADE MONSENHOR HORTA;MARIANA/MG;INDEFERIMENTO;N;renovacao;;114;20;http://pesquisa.in.gov.br/imprensa/jsp/visualiza/index.jsp?data=22/06/2026&jornal=515&pagina=20;DOU_XML;Art. 2º Indeferir o pedido de renovação da Certificação de Entidade Beneficente de Assistência Social das entidades abaixo listadas, nos termos da Lei Complemen [...] 31) OBRAS SOCIAIS DE AUXILIO À INFANCIA E A MATERNIDADE MONSENHOR HORTA, CNPJ 22.389.787/0001-68, MARIANA/MG, processo nº 308796.0804397/2023. Não apresentou documento(s) obrigatório(s).
24056162#14;24056162;515_20260622_24056162.xml;2026-06-22;2026-06-11;PORTARIA Nº 90, DE 11 DE JUNHO DE 2026;Ministério do Desenvolvimento e Assistência Social, Família e Combate à Fome/Secretaria Nacional de Assistência Social/Departamento da Rede Socioassistencial Privada do Sistema Único de Assistência Social;ASSISTENCIA;60907847000186;S;ORGANIZAÇÃO DE AUXILIO FRATERNO;SÃO PAULO/SP;INDEFERIMENTO;N;renovacao;;114;20;http://pesquisa.in.gov.br/imprensa/jsp/visualiza/index.jsp?data=22/06/2026&jornal=515&pagina=20;DOU_XML;Art. 2º Indeferir o pedido de renovação da Certificação de Entidade Beneficente de Assistência Social das entidades abaixo listadas, nos termos da Lei Complemen [...] 32) ORGANIZAÇÃO DE AUXILIO FRATERNO, CNPJ 60.907.847/0001-86, SÃO PAULO/SP, processo nº 235874.0455476/2022. Não apresentou documento(s) obrigatório(s).
24056162#14;24056162;515_20260622_24056162.xml;2026-06-22;2026-06-11;PORTARIA Nº 90, DE 11 DE JUNHO DE 2026;Ministério do Desenvolvimento e Assistência Social, Família e Combate à Fome/Secretaria Nacional de Assistência Social/Departamento da Rede Socioassistencial Privada do Sistema Único de Assistência Social;ASSISTENCIA;01558297000178;S;PASTORAL DO MENOR DA PARÓQUIA NOSSA SENHORA DAS GRAÇAS;VITÓRIA DA CONQUISTA/BA;INDEFERIMENTO;N;renovacao;;114;20;http://pesquisa.in.gov.br/imprensa/jsp/visualiza/index.jsp?data=22/06/2026&jornal=515&pagina=20;DOU_XML;Art. 2º Indeferir o pedido de renovação da Certificação de Entidade Beneficente de Assistência Social das entidades abaixo listadas, nos termos da Lei Complemen [...] 33) PASTORAL DO MENOR DA PARÓQUIA NOSSA SENHORA DAS GRAÇAS, CNPJ 01.558.297/0001-78, VITÓRIA DA CONQUISTA/BA, processo nº 235874.0603958/2023. Não apresentou documento(s) obrigatório(s).
24056162#14;24056162;515_20260622_24056162.xml;2026-06-22;2026-06-11;PORTARIA Nº 90, DE 11 DE JUNHO DE 2026;Ministério do Desenvolvimento e Assistência Social, Família e Combate à Fome/Secretaria Nacional de Assistência Social/Departamento da Rede Socioassistencial Privada do Sistema Único de Assistência Social;ASSISTENCIA;27568302000117;S;UNIÃO DE CEGOS D.PEDRO II;VILA VELHA/ES;INDEFERIMENTO;N;renovacao;;114;20;http://pesquisa.in.gov.br/imprensa/jsp/visualiza/index.jsp?data=22/06/2026&jornal=515&pagina=20;DOU_XML;Art. 2º Indeferir o pedido de renovação da Certificação de Entidade Beneficente de Assistência Social das entidades abaixo listadas, nos termos da Lei Complemen [...] 34) UNIÃO DE CEGOS D.PEDRO II, CNPJ 27.568.302/0001-17, VILA VELHA/ES, processo nº 308796.0825480/2024. Não apresentou documento(s) obrigatório(s).
24062111#1;24062111;515_20260623_24062111.xml;2026-06-23;2026-06-15;Portaria SAES/MS Nº 4.244, DE 15 DE junho DE 2026;Ministério da Saúde/Secretaria de Atenção Especializada à Saúde;SAUDE;15862224000180;S;Associação Brasileira de Apoio a Inclusão Social;Serra Caiada/RN;INDEFERIMENTO;N;concessao;;115;80;http://pesquisa.in.gov.br/imprensa/jsp/visualiza/index.jsp?data=23/06/2026&jornal=515&pagina=80;DOU_XML;Indefere a Concessão do CEBAS da Associação Brasileira de Apoio a Inclusão Social, com sede em Serra Caiada (RN).
24062113#1;24062113;515_20260623_24062113.xml;2026-06-23;2026-06-15;Portaria SAES/MS Nº 4.243, DE 15 DE junho DE 2026;Ministério da Saúde/Secretaria de Atenção Especializada à Saúde;SAUDE;43751502000167;S;Santa Casa de Misericórdia de Araçatuba em Recuperação Judicial;Araçatuba/SP;RENOVACAO;S;;1º de janeiro de 2025 a 31 de dezembro de 2027;115;80;http://pesquisa.in.gov.br/imprensa/jsp/visualiza/index.jsp?data=23/06/2026&jornal=515&pagina=80;DOU_XML;Defere a Renovação do CEBAS da Santa Casa de Misericórdia de Araçatuba em Recuperação Judicial, com sede em Araçatuba (SP).
24062114#1;24062114;515_20260623_24062114.xml;2026-06-23;2026-06-15;Portaria SAES/MS Nº 4.241, DE 15 DE junho DE 2026;Ministério da Saúde/Secretaria de Atenção Especializada à Saúde;SAUDE;17084005000142;S;Instituto Maternidade de Assistência à Infância e Policlínica de Barbacena;Barbacena/MG;RECONSIDERACAO;S;renovacao;1º de janeiro de 2025 a 31 de dezembro de 2027;115;80;http://pesquisa.in.gov.br/imprensa/jsp/visualiza/index.jsp?data=23/06/2026&jornal=515&pagina=80;DOU_XML;Defere, em grau de Reconsideração, a Renovação do CEBAS do Instituto Maternidade de Assistência à Infância e Policlínica de Barbacena, com sede em Barbacena (MG).
24063621#1;24063621;515_20260623_24063621.xml;2026-06-23;2026-06-22;Portaria SAES/MS Nº 4.301, DE 22 DE junho DE 2026;Ministério da Saúde/Secretaria de Atenção Especializada à Saúde;SAUDE;02713645000105;S;Associação Sagrada Família - ASSAF;Passos/MG;CONCESSAO;S;judicial;3 (Três) anos, a contar de 22 de fevereiro de 2023 a 21 de fevereiro de 2026;115;81;http://pesquisa.in.gov.br/imprensa/jsp/visualiza/index.jsp?data=23/06/2026&jornal=515&pagina=81;DOU_XML;Defere, sub judice, a Concessão do CEBAS da Associação Sagrada Família - ASSAF, com sede em Passos (MG).
24076587#1;24076587;515_20260626_24076587.xml;2026-06-26;2026-06-23;Portaria SAES/MS Nº 4.303, DE 23 DE junho DE 2026;Ministério da Saúde/Secretaria de Atenção Especializada à Saúde;SAUDE;47260451000121;S;Instituto Nossa Senhora das Graças;Maceió/AL;INDEFERIMENTO;N;concessao;;118;97;http://pesquisa.in.gov.br/imprensa/jsp/visualiza/index.jsp?data=26/06/2026&jornal=515&pagina=97;DOU_XML;Indefere a Concessão do CEBAS do Instituto Nossa Senhora das Graças, com sede em Maceió (AL).
24076748#1;24076748;515_20260626_24076748.xml;2026-06-26;2026-06-17;Portaria SAES/MS Nº 4.267, DE 17 DE junho DE 2026;Ministério da Saúde/Secretaria de Atenção Especializada à Saúde;SAUDE;58012607000171;S;Instituto Hemobrasil;Duque de Caxias/RS;INDEFERIMENTO;N;concessao;;118;96;http://pesquisa.in.gov.br/imprensa/jsp/visualiza/index.jsp?data=26/06/2026&jornal=515&pagina=96;DOU_XML;Indefere a Concessão do CEBAS do Instituto Hemobrasil, com sede em Duque de Caxias (RS).
24076749#1;24076749;515_20260626_24076749.xml;2026-06-26;2026-06-16;Portaria SAES/MS Nº 4.250, DE 16 DE junho DE 2026;Ministério da Saúde/Secretaria de Atenção Especializada à Saúde;SAUDE;10674568000141;S;Instituto de Pesquisa e Estratégia de Saúde da Amazônia - INPESAM;Porto Velho/RO;INDEFERIMENTO;N;concessao;;118;93;http://pesquisa.in.gov.br/imprensa/jsp/visualiza/index.jsp?data=26/06/2026&jornal=515&pagina=93;DOU_XML;Indefere a Concessão do CEBAS do Instituto de Pesquisa e Estratégia de Saúde da Amazônia - INPESAM, com sede em Porto Velho (RO).
24076753#1;24076753;515_20260626_24076753.xml;2026-06-26;2026-06-16;Portaria SAES/MS Nº 4.247, DE 16 DE junho DE 2026;Ministério da Saúde/Secretaria de Atenção Especializada à Saúde;SAUDE;07485319000101;S;Associação Instituto Indicador Social;Jaraguá/GO;INDEFERIMENTO;N;concessao;;118;93;http://pesquisa.in.gov.br/imprensa/jsp/visualiza/index.jsp?data=26/06/2026&jornal=515&pagina=93;DOU_XML;Indefere a Concessão do CEBAS da Associação Instituto Indicador Social, com sede em Jaraguá (GO).
24076754#1;24076754;515_20260626_24076754.xml;2026-06-26;2026-06-16;Portaria SAES/MS Nº 4.246, DE 16 DE junho DE 2026;Ministério da Saúde/Secretaria de Atenção Especializada à Saúde;SAUDE;46182471000169;S;Instituto Bem Mais;São Paulo/SP;INDEFERIMENTO;N;concessao;;118;93;http://pesquisa.in.gov.br/imprensa/jsp/visualiza/index.jsp?data=26/06/2026&jornal=515&pagina=93;DOU_XML;Indefere a Concessão do CEBAS do Instituto Bem Mais, com sede em São Paulo (SP).
24076755#1;24076755;515_20260626_24076755.xml;2026-06-26;2026-06-15;Portaria SAES/MS Nº 4.245, DE 15 DE junho DE 2026;Ministério da Saúde/Secretaria de Atenção Especializada à Saúde;SAUDE;46477344000197;S;Instituto Simone sabino;Itaboraí/RJ;INDEFERIMENTO;N;concessao;;118;93;http://pesquisa.in.gov.br/imprensa/jsp/visualiza/index.jsp?data=26/06/2026&jornal=515&pagina=93;DOU_XML;Indefere a Concessão CEBAS do Instituto Simone Sabino com sede em Itaboraí (RJ).
24076757#1;24076757;515_20260626_24076757.xml;2026-06-26;2026-06-15;Portaria SAES/MS Nº 4.242, DE 15 DE junho DE 2026;Ministério da Saúde/Secretaria de Atenção Especializada à Saúde;SAUDE;08653578000159;S;Instituto de Desenvolvimento Central do Nordeste - IDCN;Panelas/PE;INDEFERIMENTO;N;concessao;;118;93;http://pesquisa.in.gov.br/imprensa/jsp/visualiza/index.jsp?data=26/06/2026&jornal=515&pagina=93;DOU_XML;Indefere a Concessão do CEBAS do Instituto de Desenvolvimento Central do Nordeste - IDCN, com sede em Panelas (PE).
24076759#1;24076759;515_20260626_24076759.xml;2026-06-26;2026-06-22;Portaria SAES/MS Nº 4.300, DE 22 DE junho DE 2026;Ministério da Saúde/Secretaria de Atenção Especializada à Saúde;SAUDE;52915834000120;S;Ong de Apoio aos Animais do Centro Pet Pelos;Macaíba/RN;INDEFERIMENTO;N;concessao;;118;97;http://pesquisa.in.gov.br/imprensa/jsp/visualiza/index.jsp?data=26/06/2026&jornal=515&pagina=97;DOU_XML;Indefere a Concessão do CEBAS da Ong de Apoio aos Animais do Centro Pet Pelos, com sede em Macaíba (RN).
24076760#1;24076760;515_20260626_24076760.xml;2026-06-26;2026-06-22;Portaria SAES/MS Nº 4.299, DE 22 DE junho DE 2026;Ministério da Saúde/Secretaria de Atenção Especializada à Saúde;SAUDE;31106041000190;S;IST - Instituto de Saúde, Tecnologia e Direitos;Cruz das Almas/BA;INDEFERIMENTO;N;concessao;;118;97;http://pesquisa.in.gov.br/imprensa/jsp/visualiza/index.jsp?data=26/06/2026&jornal=515&pagina=97;DOU_XML;Indefere a Concessão do CEBAS do IST - Instituto de Saúde, Tecnologia e Direitos, com sede em Cruz das Almas (BA).
24076761#1;24076761;515_20260626_24076761.xml;2026-06-26;2026-06-19;Portaria SAES/MS Nº 4.285, DE 19 DE junho DE 2026;Ministério da Saúde/Secretaria de Atenção Especializada à Saúde;SAUDE;21851634000128;S;Instituto Viver - IVIVER;São Luis/MA;INDEFERIMENTO;N;concessao;;118;97;http://pesquisa.in.gov.br/imprensa/jsp/visualiza/index.jsp?data=26/06/2026&jornal=515&pagina=97;DOU_XML;Indefere a Concessão do CEBAS do Instituto Viver - IVIVER, com sede em São Luis (MA).
24076762#1;24076762;515_20260626_24076762.xml;2026-06-26;2026-06-19;Portaria SAES/MS Nº 4.283, DE 19 DE junho DE 2026;Ministério da Saúde/Secretaria de Atenção Especializada à Saúde;SAUDE;83868539000194;S;Rede Feminina de Combate ao Câncer de Tubarão;Tubarão/SC;INDEFERIMENTO;N;concessao;;118;97;http://pesquisa.in.gov.br/imprensa/jsp/visualiza/index.jsp?data=26/06/2026&jornal=515&pagina=97;DOU_XML;Indefere a Concessão do CEBAS da Rede Feminina de Combate ao Câncer de Tubarão, com sede em Tubarão (SC).
24076763#1;24076763;515_20260626_24076763.xml;2026-06-26;2026-06-18;Portaria SAES/MS Nº 4.277, DE 18 DE junho DE 2026;Ministério da Saúde/Secretaria de Atenção Especializada à Saúde;SAUDE;09010563000135;S;Instituto Visão para Todos;João Pessoa/PB;INDEFERIMENTO;N;concessao;;118;97;http://pesquisa.in.gov.br/imprensa/jsp/visualiza/index.jsp?data=26/06/2026&jornal=515&pagina=97;DOU_XML;Indefere a Concessão do CEBAS do Instituto Visão para Todos, com sede em João Pessoa (PB).
24076764#1;24076764;515_20260626_24076764.xml;2026-06-26;2026-06-18;Portaria SAES/MS Nº 4.276, DE 18 DE junho DE 2026;Ministério da Saúde/Secretaria de Atenção Especializada à Saúde;SAUDE;02368683000160;S;Serviço dos Anestesiologistas Unidos;Belém/PA;INDEFERIMENTO;N;concessao;;118;96;http://pesquisa.in.gov.br/imprensa/jsp/visualiza/index.jsp?data=26/06/2026&jornal=515&pagina=96;DOU_XML;Indefere a Concessão do CEBAS do Serviço dos Anestesiologistas Unidos, com sede em Belém (PA).
24076765#1;24076765;515_20260626_24076765.xml;2026-06-26;2026-06-18;Portaria SAES/MS Nº 4.274, DE 18 DE junho DE 2026;Ministério da Saúde/Secretaria de Atenção Especializada à Saúde;SAUDE;01441372000116;S;Fundação Josué Montello;São Luis/MA;INDEFERIMENTO;N;concessao;;118;96;http://pesquisa.in.gov.br/imprensa/jsp/visualiza/index.jsp?data=26/06/2026&jornal=515&pagina=96;DOU_XML;Indefere a Concessão do CEBAS da Fundação Josué Montello, com sede em São Luis (MA).
24076766#1;24076766;515_20260626_24076766.xml;2026-06-26;2026-06-17;Portaria SAES/MS Nº 4.268, DE 17 DE junho DE 2026;Ministério da Saúde/Secretaria de Atenção Especializada à Saúde;SAUDE;19699573000183;S;Associação Beneficente Feridos e Queimados;Porto Velho/RO;INDEFERIMENTO;N;concessao;;118;96;http://pesquisa.in.gov.br/imprensa/jsp/visualiza/index.jsp?data=26/06/2026&jornal=515&pagina=96;DOU_XML;Indefere a Concessão do CEBAS da Associação Beneficente Feridos e Queimados, com sede em Porto Velho (RO).
24080299#1;24080299;515_20260629_24080299.xml;2026-06-29;2026-06-26;Despacho GM/MS Nº 50, DE 26 DE junho DE 2026;Ministério da Saúde/Gabinete do Ministro;SAUDE;05624609000155;S;INSTITUTO ELISA DE CASTRO;RJ;OUTRO;;prazo para sanar pendencias (recurso em andamento);;119;141;http://pesquisa.in.gov.br/imprensa/jsp/visualiza/index.jsp?data=29/06/2026&jornal=515&pagina=141;DOU_XML;Decisão: À vista do que consta dos autos, adoto como razões os fundamentos de mérito e de fato apresentados na Nota Técnica nº 146/2026-CGCER/DCEBAS/SAES/MS para CONCEDER o prazo de 30 (trinta) dias para que a entidade interessada possa apresentar novas considerações e fazer juntada de documentos com vistas a sanar impropriedades identificadas pela autoridade julgadora nas razões do Indeferimento do Requerimento de Concessão, conforme estabelece o § 2º, do artigo 39 da Lei Complementar nº 187, de 16 de dezembro de 2021.
24080335#1;24080335;515_20260629_24080335.xml;2026-06-29;2026-06-25;Despacho GM/MS Nº 49, DE 25 DE junho DE 2026;Ministério da Saúde/Gabinete do Ministro;SAUDE;80860273000145;S;SOCIEDADE HOSPITAL BOM JESUS;PR;INDEFERIMENTO;N;recurso negado;;119;141;http://pesquisa.in.gov.br/imprensa/jsp/visualiza/index.jsp?data=29/06/2026&jornal=515&pagina=141;DOU_XML;"Decisão: À vista do que consta dos autos, adoto como razões de decidir os fundamentos de mérito e de fato apresentados no Parecer Técnico nº 64/2026-CGCER/DCEBAS/SAES/MS; na Nota Técnica nº 106/2026-CGCER/DCEBAS/SAES/MS e na Nota Técnica nº 137/2026-CGCER/DCEBAS/SAES/MS, bem como as razões de direito expostas pela Consultoria Jurídica, nos termos do Parecer Referencial nº 00003/2021/CONJUR-MS/CGU/AGU, ratificado pelo Parecer nº 00683/2022/CONJUR-MS/CGU/AGU, e NEGO PROVIMENTO ao recurso administrativo interposto pela Entidade em epígrafe."
